date,username,mood,stress,sleep_hours,energy,connectedness,checkin_completed,support_response,note,risk_label
2026-03-24,arjun01,3.8,2.3,7.1,4.1,4.6,1,No action,Steady day,stable
2026-03-25,arjun01,3.8,1.4,6.4,3.7,4.6,1,No action,Deadline pressure,stable
2026-03-26,arjun01,3.6,2,7.5,4.5,4.3,1,No action,Good peer contact,stable
2026-03-27,arjun01,3.6,1.7,8.1,3.8,3.5,1,No action,Low sleep,stable
2026-03-28,arjun01,3.9,2.2,8,3.7,3.4,1,No action,Took a short walk,stable
2026-03-29,arjun01,3.7,2,7.9,4.1,3.4,1,No action,Busy timetable,stable
2026-03-30,arjun01,3.6,1.9,8,4.3,3.3,1,No action,Felt supported,stable
2026-03-31,arjun01,4,1.6,6.6,3.6,4.3,1,No action,Quiet day,stable
2026-04-01,arjun01,4.3,1.4,8.3,4.5,3.7,1,No action,Steady day,stable
2026-04-02,arjun01,4.2,1,7.9,4.4,3.7,1,No action,Deadline pressure,stable
2026-04-03,arjun01,4.3,1.4,7,5,3.6,1,No action,Good peer contact,stable
2026-04-04,arjun01,3.4,1.5,8.1,3.7,3.8,1,No action,Low sleep,stable
2026-04-05,arjun01,4.1,1,7.2,4.3,3.6,1,No action,Took a short walk,stable
2026-04-06,arjun01,2.8,3.1,7.1,3.2,3.3,1,No action,Busy timetable,elevated
2026-04-07,arjun01,3.6,1.8,7.3,3.1,3.7,1,No action,Felt supported,stable
2026-04-08,arjun01,4.5,1.8,7.4,4.1,3.6,1,No action,Quiet day,stable
2026-04-09,arjun01,3.2,2.8,7.7,3.7,3.2,1,No action,Steady day,watch
2026-04-10,arjun01,3.1,2.2,7.2,3.4,4.2,1,No action,Deadline pressure,stable
2026-04-11,arjun01,3.4,2.3,8.1,4.3,2.9,1,No action,Good peer contact,stable
2026-04-12,arjun01,3.8,1.9,8.1,3.2,3.6,1,No action,Low sleep,stable
2026-04-13,arjun01,3.7,2.2,7.7,3.8,3.6,1,No action,Took a short walk,stable
2026-04-14,arjun01,3.6,1.2,6.8,3.7,4,1,No action,Busy timetable,stable
2026-04-15,arjun01,3.1,2.4,7.6,3.8,4,1,No action,Felt supported,stable
2026-04-16,arjun01,4,2,7.9,3.8,3.3,1,No action,Quiet day,stable
2026-04-17,arjun01,3.4,1.9,8.1,3.9,3.6,1,No action,Steady day,stable
2026-04-18,arjun01,3.4,1.6,8,4,3.4,1,No action,Deadline pressure,stable
2026-04-19,arjun01,3.5,1.6,7.7,4.1,4.1,1,No action,Good peer contact,stable
2026-04-20,arjun01,3,1.8,6.6,3.2,3.4,1,No action,Low sleep,stable
2026-04-21,arjun01,3.6,2.6,7.4,3.4,3.3,1,No action,Took a short walk,stable
2026-04-22,arjun01,3.8,2.2,7.6,4.1,4,1,No action,Busy timetable,stable
2026-04-23,arjun01,4,2,6.5,3.7,3.3,1,No action,Felt supported,stable
2026-04-24,arjun01,4.2,1.4,9,4,4,1,No action,Quiet day,stable
2026-04-25,arjun01,4.2,1.7,6.4,4,3.1,1,No action,Steady day,stable
2026-04-26,arjun01,3.6,2.1,7.8,4.2,4,1,No action,Deadline pressure,stable
2026-04-27,arjun01,3.3,2.3,7.9,3.7,3.2,1,No action,Good peer contact,stable
2026-04-28,arjun01,3.5,3,6.9,3.4,3.4,1,No action,Low sleep,watch
2026-04-29,arjun01,2.9,2.3,6.9,3.6,3.7,1,No action,Took a short walk,stable
2026-04-30,arjun01,4.3,2,8,4.7,3,1,No action,Busy timetable,stable
2026-05-01,arjun01,3.8,2,8,3.9,4.1,1,No action,Felt supported,stable
2026-05-02,arjun01,3.2,2.5,8.1,4.2,3.8,1,No action,Quiet day,stable
2026-05-03,arjun01,2.9,2.6,7.4,3.7,3.4,1,No action,Steady day,stable
2026-05-04,arjun01,3.3,2.6,6.9,3.5,3.2,1,No action,Deadline pressure,stable
2026-05-05,arjun01,3.3,2.6,6.9,3.9,3,1,No action,Good peer contact,stable
2026-05-06,arjun01,3.6,2.5,7.8,2.7,3.3,1,No action,Low sleep,stable
2026-05-07,arjun01,4,1.9,7.3,3.9,4,1,No action,Took a short walk,stable
2026-05-08,arjun01,2.6,2.8,6.3,3.6,3.3,1,No action,Busy timetable,watch
2026-05-09,arjun01,3.5,2.8,6.7,3.3,3.2,1,No action,Felt supported,watch
2026-05-10,arjun01,3.8,2.3,7.1,3.3,3.2,1,Gentle nudge,Quiet day,stable
2026-05-11,arjun01,3.5,2.7,6.4,3.1,3.3,1,No action,Steady day,watch
2026-05-12,arjun01,3.6,2.6,6.5,3.2,3,1,No action,Deadline pressure,watch
2026-05-13,arjun01,2.4,2.7,7.3,3.1,2.8,1,No action,Good peer contact,elevated
2026-05-14,arjun01,3.1,2,7.1,3.8,3.7,1,No action,Low sleep,stable
2026-05-15,arjun01,3.6,2.7,7.6,3.7,3.4,1,No action,Took a short walk,stable
2026-05-16,arjun01,3.1,1.9,6.8,4.6,3.1,1,No action,Busy timetable,stable
2026-05-17,arjun01,3.4,2.4,6.6,3,4.6,1,No action,Felt supported,stable
2026-05-18,arjun01,3.5,1.2,7.1,4.1,4,1,No action,Quiet day,stable
2026-05-19,arjun01,3.4,2.4,7.1,3.1,3.1,1,No action,Steady day,stable
2026-05-20,arjun01,4,2.4,7.1,3.8,3.1,1,No action,Deadline pressure,stable
2026-05-21,arjun01,2.8,1.6,7.5,4.5,3.8,1,No action,Good peer contact,stable
2026-05-22,arjun01,3.3,2.4,7.3,3.7,4.1,1,No action,Low sleep,stable
2026-05-23,arjun01,3.6,2.3,7.5,3.7,3.7,1,No action,Took a short walk,stable
2026-05-24,arjun01,3,2.6,7.5,3.5,4.2,1,No action,Busy timetable,stable
2026-05-25,arjun01,3.3,2.4,6.6,3.5,2.3,1,No action,Felt supported,watch
2026-05-26,arjun01,3.9,2.9,8.8,3.1,3.3,1,No action,Quiet day,stable
2026-05-27,arjun01,3.8,2.8,7.9,4.5,3.6,1,No action,Steady day,stable
2026-05-28,arjun01,3.6,1.5,7.7,3.3,3.1,1,No action,Deadline pressure,stable
2026-05-29,arjun01,3.9,1.7,6.9,3.6,3.9,1,No action,Good peer contact,stable
2026-05-30,arjun01,3.8,2.5,7,3.4,3.1,1,No action,Low sleep,stable
2026-05-31,arjun01,3.2,2.6,7.5,3.5,3.1,1,No action,Took a short walk,watch
2026-06-01,arjun01,2.9,3.4,8,3.1,4,1,No action,Busy timetable,watch
2026-06-02,arjun01,2.6,2.1,6.5,3.7,4.1,1,No action,Felt supported,stable
2026-06-03,arjun01,3.2,2.4,6.8,2.4,3.7,1,No action,Quiet day,watch
2026-06-04,arjun01,3.6,2.3,8,3.6,3.2,1,No action,Steady day,stable
2026-06-05,arjun01,3.7,3.2,6.5,3.2,3.2,1,No action,Deadline pressure,watch
2026-06-06,arjun01,3.5,1.8,6.8,4.2,3.3,1,No action,Good peer contact,stable
2026-06-07,arjun01,3.4,2.7,7.2,3.2,3.2,1,No action,Low sleep,watch
2026-06-08,arjun01,3.7,2.8,6.9,2.9,3,1,No action,Took a short walk,watch
2026-06-09,arjun01,4,1.9,7.5,3.8,3.4,1,No action,Busy timetable,stable
2026-06-10,arjun01,3.9,2.1,6.7,3.5,4.8,1,No action,Felt supported,stable
2026-06-11,arjun01,4,1.9,7.9,3.2,3.9,1,No action,Quiet day,stable
2026-06-12,arjun01,3.4,3,8.3,4,4.7,1,No action,Steady day,stable
2026-06-13,arjun01,3.7,1.5,8.2,3.6,3.6,1,No action,Deadline pressure,stable
2026-06-14,arjun01,3.7,2.7,7.5,3.1,3.3,1,No action,Good peer contact,stable
2026-06-15,arjun01,3.3,1.9,7,3.4,2.7,1,No action,Low sleep,stable
2026-06-16,arjun01,4.1,2.6,8.4,4.1,4.1,1,No action,Took a short walk,stable
2026-06-17,arjun01,3.9,1.7,7.5,3.9,3.9,1,No action,Busy timetable,stable
2026-06-18,arjun01,4,2,7.5,3.5,4.1,1,No action,Felt supported,stable
2026-06-19,arjun01,3.8,2,7.2,3.8,5,1,No action,Quiet day,stable
2026-06-20,arjun01,3.9,2.4,7.1,3.9,3.7,1,No action,Steady day,stable
2026-06-21,arjun01,3.8,2.4,8.1,3.7,3.7,1,No action,Deadline pressure,stable
2026-06-22,arjun01,3.2,2.4,7.3,3.5,3.4,1,No action,Good peer contact,stable
2026-06-23,arjun01,3.2,1.8,7.3,3.9,3.5,1,No action,Low sleep,stable
2026-06-24,arjun01,4.2,1.6,8.1,3.3,4,1,No action,Took a short walk,stable
2026-06-25,arjun01,4.2,1.8,7.6,3.8,4.4,1,No action,Busy timetable,stable
2026-06-26,arjun01,4.7,1.3,6.7,4.3,3.4,1,No action,Felt supported,stable
2026-06-27,arjun01,4.1,1.3,7.8,4.4,4,1,No action,Quiet day,stable
2026-06-28,arjun01,3.5,2.3,8,3.9,3.4,1,No action,Steady day,stable
2026-06-29,arjun01,2.9,2.6,5.8,3.9,3.2,1,No action,Deadline pressure,watch
2026-06-30,arjun01,3.5,2.6,6.9,3.7,4.2,1,No action,Good peer contact,stable
2026-07-01,arjun01,4.1,2.4,7.4,3.8,3.6,1,No action,Low sleep,stable
2026-07-02,arjun01,3.1,2.6,7.3,3.9,2.9,1,No action,Took a short walk,watch
2026-07-03,arjun01,3.5,2.2,7.1,3.6,3.9,1,No action,Busy timetable,stable
2026-07-04,arjun01,3.7,2.3,7,3.8,4,1,No action,Felt supported,stable
2026-07-05,arjun01,3.8,2.1,6.7,3.8,4.2,1,No action,Quiet day,stable
2026-07-06,arjun01,4.1,2.3,7.3,3.7,3.5,1,No action,Steady day,stable
2026-07-07,arjun01,3.1,2.5,6.8,3.4,3.6,1,No action,Deadline pressure,stable
2026-07-08,arjun01,3.5,2.7,6.8,3.6,4,1,No action,Good peer contact,stable
2026-07-09,arjun01,3.5,2.5,6.4,3.1,4.2,1,No action,Low sleep,stable
2026-07-10,arjun01,4.1,1.9,8.3,4.3,4,1,No action,Took a short walk,stable
2026-07-11,arjun01,4.3,2.3,6.7,3,3.6,1,No action,Busy timetable,stable
2026-07-12,arjun01,3.7,2.9,8.2,3.2,4.2,1,No action,Felt supported,stable
2026-07-13,arjun01,3.5,2.7,6.4,3.7,3.9,1,No action,Quiet day,stable
2026-07-14,arjun01,3.6,2.1,7,3.8,3.4,1,No action,Steady day,stable
2026-07-15,arjun01,3.9,2.5,7.5,4,4,1,No action,Deadline pressure,stable
2026-07-16,arjun01,3.7,2.1,8.5,3.8,3.8,1,No action,Good peer contact,stable
2026-07-17,arjun01,4,2.2,7.7,3.6,3.4,1,No action,Low sleep,stable
2026-07-18,arjun01,4.1,1.5,8.4,4.1,3.5,1,No action,Took a short walk,stable
2026-07-19,arjun01,4.4,1.4,7.8,4.4,3.9,1,No action,Busy timetable,stable
2026-07-20,arjun01,4.1,1.5,8,3.8,3.8,1,No action,Felt supported,stable
2026-07-21,arjun01,4,1,7.7,4.1,4,1,No action,Quiet day,stable
2026-07-22,arjun01,3.9,1.3,8.3,4.8,3.7,1,No action,Steady day,stable
2026-07-23,arjun01,4,2.1,7.3,3.8,3.6,1,No action,Deadline pressure,stable
2026-07-24,arjun01,4.6,2.1,7.7,4.6,4.1,1,No action,Good peer contact,stable
2026-07-25,arjun01,4.8,1.1,7.9,4.3,2.9,1,No action,Low sleep,stable
2026-07-26,arjun01,4.1,2.7,7.5,4,4.3,1,No action,Took a short walk,stable
2026-07-27,arjun01,3.2,2.7,7.6,3.6,3.3,1,No action,Busy timetable,stable
2026-07-28,arjun01,3.1,2.5,6.4,3.3,3.2,1,No action,Felt supported,watch
2026-07-29,arjun01,2.9,1.9,7.5,3.4,2.8,1,No action,Quiet day,stable
2026-07-30,arjun01,3.8,2,7.4,3.9,3.4,1,No action,Steady day,stable
2026-07-31,arjun01,2.8,2.3,7.2,4.1,4.3,1,No action,Deadline pressure,stable
2026-08-01,arjun01,3.1,2.6,7.9,3.2,3.3,1,No action,Good peer contact,watch
2026-08-02,arjun01,3.3,2.7,6.8,3.4,4,1,No action,Low sleep,stable
2026-08-03,arjun01,2.7,2.6,6.8,3.2,2.9,1,Gentle nudge,Took a short walk,elevated
2026-08-04,arjun01,2.2,4.3,6.4,2.7,3.2,1,Self-guided support,Busy timetable,elevated
2026-08-05,arjun01,2.5,2.9,6.7,2.6,2.9,1,Gentle nudge,Felt supported,elevated
2026-08-06,arjun01,2.3,3.9,7,2.9,3.1,1,Self-guided support,Quiet day,elevated
2026-08-07,arjun01,2.4,3.6,6.1,3.6,3.2,1,Gentle nudge,Steady day,elevated
2026-08-08,arjun01,2.5,2.1,6.3,2.8,3.5,1,Gentle nudge,Deadline pressure,watch
2026-08-09,arjun01,2.4,3.3,6.9,3.2,2.8,1,Gentle nudge,Good peer contact,elevated
2026-08-10,arjun01,3,2.9,6.2,2.7,2.6,1,Gentle nudge,Low sleep,elevated
2026-08-11,arjun01,3.1,2.6,6.7,3.3,2.4,1,Gentle nudge,Took a short walk,elevated
2026-08-12,arjun01,2.4,3.3,6.9,3.2,2.9,1,Gentle nudge,Busy timetable,elevated
2026-08-13,arjun01,3,2.7,7.6,3.6,3.7,1,No action,Felt supported,stable
2026-08-14,arjun01,2.8,3,7.6,4.3,3.4,1,No action,Quiet day,watch
2026-08-15,arjun01,3.4,2,8.1,3.2,3.5,1,No action,Steady day,stable
2026-08-16,arjun01,2.9,2.9,7.7,3.4,2.4,1,Gentle nudge,Deadline pressure,elevated
2026-08-17,arjun01,2.5,2.7,7.4,3.4,4.2,1,Gentle nudge,Good peer contact,watch
2026-08-18,arjun01,2.4,4.2,7,3.4,3,1,Gentle nudge,Low sleep,elevated
2026-08-19,arjun01,3.1,3,6.2,3,3.2,1,Gentle nudge,Took a short walk,elevated
2026-08-20,arjun01,2.6,3.1,7.5,3.4,2.9,1,Gentle nudge,Busy timetable,elevated
2026-08-21,arjun01,2.6,2.5,7,3,3.1,1,No action,Felt supported,elevated
2026-08-22,arjun01,2.4,2.9,7.1,3.3,3.1,1,No action,Quiet day,elevated
2026-08-23,arjun01,2.9,2.4,7.9,3.1,3.4,1,No action,Steady day,watch
2026-08-24,arjun01,3.1,2.8,8.3,2.9,3.1,1,No action,Deadline pressure,watch
2026-08-25,arjun01,3.6,2.9,6.4,3.4,3.5,1,No action,Good peer contact,stable
2026-08-26,arjun01,3.9,2.4,7.8,3.6,3.6,1,No action,Low sleep,stable
2026-08-27,arjun01,3.2,2.6,8.1,3.7,3.5,1,No action,Took a short walk,stable
2026-08-28,arjun01,3,2.3,7.2,3.1,3.6,1,No action,Busy timetable,stable
2026-08-29,arjun01,3,3,7.8,3.2,3.9,1,No action,Felt supported,watch
2026-08-30,arjun01,3.1,2.3,6.5,2.9,3.6,1,Gentle nudge,Quiet day,watch
2026-08-31,arjun01,3.1,2.7,7.1,3.3,3.9,1,No action,Steady day,stable
2026-09-01,arjun01,3.2,3.3,6,3.6,3.4,1,No action,Deadline pressure,watch
2026-09-02,arjun01,3.8,1.8,7.4,4.1,3.6,1,No action,Good peer contact,stable
2026-09-03,arjun01,4.2,2.2,7.4,3.6,3.4,1,No action,Low sleep,stable
2026-09-04,arjun01,4,2.2,7,3.9,4.2,1,No action,Took a short walk,stable
2026-09-05,arjun01,3.4,2.4,8,3.7,3.4,1,No action,Busy timetable,stable
2026-09-06,arjun01,3.4,2.2,7.6,3.2,3.4,1,No action,Felt supported,stable
2026-09-07,arjun01,3.4,2.4,7.6,3.1,3.8,1,No action,Quiet day,stable
2026-09-08,arjun01,3.5,2.1,6.4,3.2,3.3,1,No action,Steady day,stable
2026-09-09,arjun01,4.4,3.1,7.6,3.8,3.1,1,No action,Deadline pressure,stable
2026-09-10,arjun01,3.8,2.1,6.6,4.3,4.5,1,No action,Good peer contact,stable
2026-09-11,arjun01,3.9,2.1,8.3,3.9,3.5,1,No action,Low sleep,stable
2026-09-12,arjun01,3.3,1.8,7.5,3.6,3,1,No action,Took a short walk,stable
2026-09-13,arjun01,3.2,2.4,6.5,3.6,4.3,1,No action,Busy timetable,stable
2026-09-14,arjun01,2.7,2.6,7.4,2.9,2.9,1,Gentle nudge,Felt supported,elevated
2026-09-15,arjun01,3.2,3.2,5.9,3.3,3.2,1,Gentle nudge,Quiet day,elevated
2026-09-16,arjun01,3.1,2.9,6.8,4.1,4.4,1,No action,Steady day,stable
2026-09-17,arjun01,3.2,1.8,7.4,4.3,4,1,No action,Deadline pressure,stable
2026-09-18,arjun01,3.6,1.8,7.7,4.4,3.6,1,No action,Good peer contact,stable
2026-09-19,arjun01,3.7,2,7.8,4.4,3.4,1,No action,Low sleep,stable
2026-03-24,meera02,3.6,2.4,8,3.5,3.9,1,No action,Low sleep,stable
2026-03-25,meera02,3.7,1.9,7.4,4,3.5,1,No action,Took a short walk,stable
2026-03-26,meera02,3.2,1.7,7.5,3.6,3.7,1,No action,Busy timetable,stable
2026-03-27,meera02,3.5,2.4,7.6,3.5,3.3,1,No action,Felt supported,stable
2026-03-28,meera02,2.8,1.9,7.6,4,3.9,1,No action,Quiet day,stable
2026-03-29,meera02,4.4,1.8,7.5,3.6,3.8,1,No action,Steady day,stable
2026-03-30,meera02,3.2,1.8,6.9,3.8,3.9,1,No action,Deadline pressure,stable
2026-03-31,meera02,3.5,2.7,6.6,3.7,3.7,1,No action,Good peer contact,stable
2026-04-01,meera02,3.6,2.2,6.8,4.3,3.5,1,No action,Low sleep,stable
2026-04-02,meera02,4.2,2.4,7.2,4.4,3.4,1,No action,Took a short walk,stable
2026-04-03,meera02,3.8,2.2,7.5,3.2,2.8,1,No action,Busy timetable,stable
2026-04-04,meera02,3.4,2.8,7.4,3.8,3.4,1,No action,Felt supported,stable
2026-04-05,meera02,3.8,2.4,7.2,4.1,3.9,1,No action,Quiet day,stable
2026-04-06,meera02,4.3,2,8.2,4,3.6,1,No action,Steady day,stable
2026-04-07,meera02,4.1,2.2,8.3,4,3.9,1,No action,Deadline pressure,stable
2026-04-08,meera02,4.4,1.5,8.3,3.9,4,1,No action,Good peer contact,stable
2026-04-09,meera02,3.7,1.3,7.1,4.4,2.6,1,No action,Low sleep,stable
2026-04-10,meera02,2.9,2.1,7.4,3.8,3.3,1,No action,Took a short walk,stable
2026-04-11,meera02,3.4,2.3,7.5,3.8,3.4,1,No action,Busy timetable,stable
2026-04-12,meera02,3.5,2.3,6.7,3.9,3.7,1,No action,Felt supported,stable
2026-04-13,meera02,3.2,1.6,7.8,3.5,4.2,1,No action,Quiet day,stable
2026-04-14,meera02,4.2,1.9,7.9,3.5,4.5,1,No action,Steady day,stable
2026-04-15,meera02,3.3,1.7,8.2,4.1,3.8,1,No action,Deadline pressure,stable
2026-04-16,meera02,3.8,2.6,7.6,4,3.7,1,No action,Good peer contact,stable
2026-04-17,meera02,3.7,2,7.4,3.7,3.3,1,No action,Low sleep,stable
2026-04-18,meera02,3.1,2.7,6.2,3.3,3.3,1,No action,Took a short walk,watch
2026-04-19,meera02,3.4,2.7,7.2,3.4,3.3,1,No action,Busy timetable,stable
2026-04-20,meera02,3.5,2.1,7.2,3.7,3.1,1,No action,Felt supported,stable
2026-04-21,meera02,3.9,1.9,7.6,3.7,3.3,1,No action,Quiet day,stable
2026-04-22,meera02,3.6,1.9,8.1,3.5,3.9,1,No action,Steady day,stable
2026-04-23,meera02,3.9,2.2,7.7,3.9,4,1,No action,Deadline pressure,stable
2026-04-24,meera02,4.2,2.3,7.6,4.3,4.7,1,No action,Good peer contact,stable
2026-04-25,meera02,3,2.8,6.9,3,4.1,1,No action,Low sleep,watch
2026-04-26,meera02,3.2,1.3,7.6,4,4.7,1,No action,Took a short walk,stable
2026-04-27,meera02,3.5,2.5,7.6,4.4,2.6,1,No action,Busy timetable,stable
2026-04-28,meera02,3.7,2.3,6.8,3.5,4.1,1,No action,Felt supported,stable
2026-04-29,meera02,3.5,2.2,7.2,3.5,3.4,1,No action,Quiet day,stable
2026-04-30,meera02,4,2.1,7.1,3.8,3,1,No action,Steady day,stable
2026-05-01,meera02,3.5,2.1,7,3.4,4.2,1,No action,Deadline pressure,stable
2026-05-02,meera02,3.4,2.1,7.1,3.3,3.7,1,No action,Good peer contact,stable
2026-05-03,meera02,3,2.2,7.7,3,3.5,1,No action,Low sleep,stable
2026-05-04,meera02,2.8,3,6.2,3.4,3.4,1,No action,Took a short walk,watch
2026-05-05,meera02,3.7,2.8,6.9,3.1,3.1,1,No action,Busy timetable,watch
2026-05-06,meera02,3.5,2,7,3.8,3.7,1,No action,Felt supported,stable
2026-05-07,meera02,3.6,2.7,7.8,4.5,3.2,1,No action,Quiet day,stable
2026-05-08,meera02,2.5,2.8,6.6,3.4,3.4,1,Gentle nudge,Steady day,watch
2026-05-09,meera02,2.4,2.9,6.7,3.6,3.4,1,Self-guided support,Deadline pressure,watch
2026-05-10,meera02,2.1,3.2,6.3,2.8,3.5,1,Gentle nudge,Good peer contact,elevated
2026-05-11,meera02,3.3,2.2,6.1,3.3,3.1,1,No action,Low sleep,stable
2026-05-12,meera02,3.4,2.3,8.1,3.6,4.1,1,No action,Took a short walk,stable
2026-05-13,meera02,4.2,2.2,6.3,3.7,3.6,1,No action,Busy timetable,stable
2026-05-14,meera02,3.3,1.7,7.3,3.4,4,1,No action,Felt supported,stable
2026-05-15,meera02,3.3,2.6,7.3,3.7,3.1,1,No action,Quiet day,stable
2026-05-16,meera02,3,2.5,7,3.1,3,1,No action,Steady day,watch
2026-05-17,meera02,3.5,1.9,7.5,3.1,3.7,1,No action,Deadline pressure,stable
2026-05-18,meera02,3.5,1.5,7.7,3.7,5,1,No action,Good peer contact,stable
2026-05-19,meera02,4.4,1.5,8.2,4.4,4.6,1,No action,Low sleep,stable
2026-05-20,meera02,3.6,2.2,7,3,3.3,1,No action,Took a short walk,stable
2026-05-21,meera02,3.1,2.5,7,3.7,3.4,1,No action,Busy timetable,stable
2026-05-22,meera02,3.4,2,6.8,2.9,3.3,1,No action,Felt supported,stable
2026-05-23,meera02,3.2,2.4,6.5,3.7,3.6,1,No action,Quiet day,stable
2026-05-24,meera02,3.1,3.1,7.2,2.9,3.2,1,No action,Steady day,elevated
2026-05-25,meera02,3.9,2.1,8,3.8,3.6,1,No action,Deadline pressure,stable
2026-05-26,meera02,3.9,1.9,7.7,3.7,3.3,1,No action,Good peer contact,stable
2026-05-27,meera02,3.9,1.7,7.8,3.4,3.4,1,No action,Low sleep,stable
2026-05-28,meera02,4.3,1.6,7.5,3.9,3.5,1,No action,Took a short walk,stable
2026-05-29,meera02,4,2,7.7,2.7,3,1,No action,Busy timetable,stable
2026-05-30,meera02,3.5,2,7.5,3.9,3.5,1,No action,Felt supported,stable
2026-05-31,meera02,3.5,2.7,6.5,3.6,4,1,No action,Quiet day,stable
2026-06-01,meera02,3.9,1.5,6.2,4.2,3.8,1,No action,Steady day,stable
2026-06-02,meera02,3.8,1.8,7.8,3.4,4,1,No action,Deadline pressure,stable
2026-06-03,meera02,4.1,1.5,8.2,3.9,4,1,No action,Good peer contact,stable
2026-06-04,meera02,3.9,1.6,8.3,3.8,3.6,1,No action,Low sleep,stable
2026-06-05,meera02,3.5,2,7.7,3.4,4.6,1,No action,Took a short walk,stable
2026-06-06,meera02,3.5,2.1,7.9,3.9,3.6,1,No action,Busy timetable,stable
2026-06-07,meera02,3.2,2.2,8.2,3.3,3.4,1,No action,Felt supported,stable
2026-06-08,meera02,3.4,2.2,7.8,4,3.7,1,No action,Quiet day,stable
2026-06-09,meera02,4.3,1.8,7.2,3.1,4,1,No action,Steady day,stable
2026-06-10,meera02,4,1,8.3,3.6,3.8,1,No action,Deadline pressure,stable
2026-06-11,meera02,4.3,2.2,7.6,3.7,3.7,1,No action,Good peer contact,stable
2026-06-12,meera02,3.8,2.1,7.3,4.9,3.3,1,No action,Low sleep,stable
2026-06-13,meera02,3.3,2,7.7,3.8,4,1,No action,Took a short walk,stable
2026-06-14,meera02,3.2,1.8,6.9,3.7,4.2,1,No action,Busy timetable,stable
2026-06-15,meera02,3.3,2.2,6.4,3.5,3.5,1,No action,Felt supported,stable
2026-06-16,meera02,4.1,2.1,6.9,3.9,2.8,1,No action,Quiet day,stable
2026-06-17,meera02,4.3,2.1,8,3.9,3.8,1,No action,Steady day,stable
2026-06-18,meera02,3.5,2.5,8.3,4.4,4.5,1,No action,Deadline pressure,stable
2026-06-19,meera02,3.8,1.7,7.2,3.5,4,1,No action,Good peer contact,stable
2026-06-20,meera02,3.2,2.2,7,3.8,4.6,1,No action,Low sleep,stable
2026-06-21,meera02,3.9,2.1,7.6,3.4,3.5,1,No action,Took a short walk,stable
2026-06-22,meera02,4,2.3,7.3,4.7,3.7,1,No action,Busy timetable,stable
2026-06-23,meera02,3.7,1.4,7.8,4.3,2.8,1,No action,Felt supported,stable
2026-06-24,meera02,4.2,1.1,7.1,4.4,5,1,No action,Quiet day,stable
2026-06-25,meera02,3.8,1.8,8,4.2,3.4,1,No action,Steady day,stable
2026-06-26,meera02,3.2,2,6.3,3.8,3.8,1,No action,Deadline pressure,stable
2026-06-27,meera02,3.5,2.2,6.6,3.9,4,1,No action,Good peer contact,stable
2026-06-28,meera02,3.2,3.2,6.8,2.9,2.3,1,No action,Low sleep,elevated
2026-06-29,meera02,3.7,2.2,6.5,3.3,3.9,1,No action,Took a short walk,stable
2026-06-30,meera02,3.8,2.3,7.3,4,3.3,1,No action,Busy timetable,stable
2026-07-01,meera02,3.1,2,7.5,3.6,3.1,1,No action,Felt supported,stable
2026-07-02,meera02,3.2,2.2,7,4.2,2.4,1,No action,Quiet day,stable
2026-07-03,meera02,3.2,2.7,8,3.4,3.6,1,No action,Steady day,stable
2026-07-04,meera02,3.3,2.6,7,2.9,3.7,1,No action,Deadline pressure,watch
2026-07-05,meera02,3.5,2.6,7,3.2,3.1,1,No action,Good peer contact,watch
2026-07-06,meera02,3.8,1.8,7.1,4.1,3.3,1,No action,Low sleep,stable
2026-07-07,meera02,3.5,2.3,7.9,3.9,4.9,1,No action,Took a short walk,stable
2026-07-08,meera02,3.7,1.8,6.8,4,3.9,1,No action,Busy timetable,stable
2026-07-09,meera02,3.2,1.6,6.9,3.9,3.8,1,No action,Felt supported,stable
2026-07-10,meera02,3.3,3,6.9,3,2.7,1,Gentle nudge,Quiet day,elevated
2026-07-11,meera02,3.3,2.3,6.6,2.9,3.2,1,Gentle nudge,Steady day,watch
2026-07-12,meera02,3.3,2.4,6,4,3.2,1,Gentle nudge,Deadline pressure,stable
2026-07-13,meera02,3.3,2.4,7.9,2.9,3.8,1,No action,Good peer contact,stable
2026-07-14,meera02,3.7,3.2,7.2,3.3,3.5,1,No action,Low sleep,watch
2026-07-15,meera02,2.6,2.7,7.4,3,3.8,1,No action,Took a short walk,watch
2026-07-16,meera02,3.3,2.4,6.3,3.2,2.4,1,No action,Busy timetable,watch
2026-07-17,meera02,3.1,2.9,6.8,3.7,2.9,1,Gentle nudge,Felt supported,watch
2026-07-18,meera02,3.1,3.1,6.1,3.2,3.3,1,Gentle nudge,Quiet day,watch
2026-07-19,meera02,3.9,3.1,7.4,3,2.9,1,No action,Steady day,watch
2026-07-20,meera02,3.5,2.3,7.7,2.9,3.6,1,No action,Deadline pressure,stable
2026-07-21,meera02,4.2,2.5,7.7,3.3,3.1,1,No action,Good peer contact,stable
2026-07-22,meera02,3.8,1.9,7.2,3.8,3.5,1,No action,Low sleep,stable
2026-07-23,meera02,3.9,1.3,7.1,3.5,3.2,1,No action,Took a short walk,stable
2026-07-24,meera02,3.6,2.3,7.6,4.5,3.2,1,No action,Busy timetable,stable
2026-07-25,meera02,2.8,2.3,8.4,3.3,3.5,1,No action,Felt supported,stable
2026-07-26,meera02,4.1,2.1,6.3,3.4,3.4,1,No action,Quiet day,stable
2026-07-27,meera02,3.2,2.6,7.2,3.3,3.7,1,No action,Steady day,stable
2026-07-28,meera02,3.3,2.2,7.5,3.3,3.5,1,No action,Deadline pressure,stable
2026-07-29,meera02,3.4,1.2,6.7,4.2,3.8,1,No action,Good peer contact,stable
2026-07-30,meera02,3.8,1.7,7.9,4.1,3.4,1,No action,Low sleep,stable
2026-07-31,meera02,3.2,2.3,7.2,2.6,3.7,1,No action,Took a short walk,stable
2026-08-01,meera02,3.4,1.9,7.3,3.3,3.4,1,No action,Busy timetable,stable
2026-08-02,meera02,3.2,1.9,7.2,3.3,3.9,1,No action,Felt supported,stable
2026-08-03,meera02,3.5,1.7,7.9,2.9,3.1,1,No action,Quiet day,stable
2026-08-04,meera02,2.8,1.9,7.4,3.2,3.9,1,No action,Steady day,stable
2026-08-05,meera02,3.1,2.2,7.4,3.8,3.2,1,No action,Deadline pressure,stable
2026-08-06,meera02,2.9,2.7,7.3,3.7,3.7,1,No action,Good peer contact,stable
2026-08-07,meera02,3.3,2.9,6.8,3.3,3,1,No action,Low sleep,watch
2026-08-08,meera02,3.5,2.7,6.7,3.7,3.9,1,No action,Took a short walk,stable
2026-08-09,meera02,3.8,2.4,7.4,3.9,3.1,1,No action,Busy timetable,stable
2026-08-10,meera02,3.2,1.3,7.7,3.7,3.5,1,No action,Felt supported,stable
2026-08-11,meera02,3.8,2.4,6.6,4,3.8,1,No action,Quiet day,stable
2026-08-12,meera02,4.6,1.8,8.2,3.4,3.6,1,No action,Steady day,stable
2026-08-13,meera02,3.2,1.8,7.1,3.7,3.4,1,No action,Deadline pressure,stable
2026-08-14,meera02,3.6,2.2,7.4,3.4,3.6,1,No action,Good peer contact,stable
2026-08-15,meera02,3.2,2.7,7.5,2.8,3.2,1,No action,Low sleep,watch
2026-08-16,meera02,2.9,2.1,6.7,4.2,3.1,1,No action,Took a short walk,stable
2026-08-17,meera02,3.1,2.4,7.5,4.3,3,1,No action,Busy timetable,stable
2026-08-18,meera02,2.7,2.2,7.6,3.3,3.3,1,No action,Felt supported,watch
2026-08-19,meera02,4.2,2,7.7,3.4,3.4,1,No action,Quiet day,stable
2026-08-20,meera02,3.7,3.4,7.1,3.8,3.6,1,No action,Steady day,stable
2026-08-21,meera02,2.2,3.1,6,3.8,2.8,1,Self-guided support,Deadline pressure,elevated
2026-08-22,meera02,2.8,3,6.2,1.9,2.6,1,Self-guided support,Good peer contact,elevated
2026-08-23,meera02,2.4,2.3,6.8,2.8,3.3,1,Self-guided support,Low sleep,watch
2026-08-24,meera02,2.7,2.9,7.2,3.3,3.3,1,Gentle nudge,Took a short walk,watch
2026-08-25,meera02,3.8,2.5,5.8,4.1,3.2,1,No action,Busy timetable,stable
2026-08-26,meera02,3.1,2.5,7.2,3.9,3.9,1,No action,Felt supported,stable
2026-08-27,meera02,2.3,2.3,6.9,3.8,3,1,No action,Quiet day,watch
2026-08-28,meera02,2.9,2.6,7.4,3,3.2,1,No action,Steady day,watch
2026-08-29,meera02,2.9,3.1,7.1,2.3,2.8,1,Gentle nudge,Deadline pressure,elevated
2026-08-30,meera02,3.8,3.3,6.4,3.1,4,1,No action,Good peer contact,stable
2026-08-31,meera02,3.8,1.7,7.9,3.6,3.6,1,No action,Low sleep,stable
2026-09-01,meera02,4,2.6,6.9,3.9,3.9,1,No action,Took a short walk,stable
2026-09-02,meera02,3.9,2.2,6.9,4.2,3.5,1,No action,Busy timetable,stable
2026-09-03,meera02,3.7,1.9,6.4,4,3,1,No action,Felt supported,stable
2026-09-04,meera02,3.7,2.4,6.8,3.6,3.6,1,No action,Quiet day,stable
2026-09-05,meera02,3.7,1.7,7.7,3.8,3.3,1,No action,Steady day,stable
2026-09-06,meera02,3.2,2.1,7.3,4.4,3.5,1,No action,Deadline pressure,stable
2026-09-07,meera02,3.6,2.5,8,3.4,3.5,1,No action,Good peer contact,stable
2026-09-08,meera02,3.9,2.2,7.7,4.2,4.1,1,No action,Low sleep,stable
2026-09-09,meera02,4.1,2.1,8.1,4.1,3.9,1,No action,Took a short walk,stable
2026-09-10,meera02,4.3,1.2,6.9,4.8,4.4,1,No action,Busy timetable,stable
2026-09-11,meera02,3.7,1.7,7.5,3.2,3.9,1,No action,Felt supported,stable
2026-09-12,meera02,3.4,2.2,7.5,3.7,4.3,1,No action,Quiet day,stable
2026-09-13,meera02,4.2,1.8,6.8,3.5,3.8,1,No action,Steady day,stable
2026-09-14,meera02,4,2,7.2,3.7,3.3,1,No action,Deadline pressure,stable
2026-09-15,meera02,3.6,1.6,7.3,3.8,4.5,1,No action,Good peer contact,stable
2026-09-16,meera02,3.5,2.3,8.4,4.3,4.2,1,No action,Low sleep,stable
2026-09-17,meera02,4.6,2.1,7.4,4.2,3.5,1,No action,Took a short walk,stable
2026-09-18,meera02,3.7,2.1,7.3,4.6,4,1,No action,Busy timetable,stable
2026-09-19,meera02,3.2,2.1,6.9,2.8,4.1,1,No action,Felt supported,stable
2026-03-24,kabir03,3.3,1.7,6.5,2.7,4,1,No action,Felt supported,stable
2026-03-25,kabir03,3.3,2.4,6.9,3,3.9,1,No action,Quiet day,stable
2026-03-26,kabir03,3.4,2.8,7.4,3.2,4.6,1,Gentle nudge,Steady day,stable
2026-03-27,kabir03,3,2.1,7.4,2.9,3.3,1,No action,Deadline pressure,watch
2026-03-28,kabir03,3.7,3,7.3,3.3,3,1,No action,Good peer contact,watch
2026-03-29,kabir03,3.7,2.9,7.5,3.7,3.6,1,No action,Low sleep,stable
2026-03-30,kabir03,4,2,7.8,3.9,3.3,1,No action,Took a short walk,stable
2026-03-31,kabir03,3.6,1.9,7.9,3.3,2.7,1,No action,Busy timetable,stable
2026-04-01,kabir03,3.6,2.1,7.5,3.3,3.3,1,No action,Felt supported,stable
2026-04-02,kabir03,3.5,2.3,6.8,3.6,4,1,No action,Quiet day,stable
2026-04-03,kabir03,4,2.2,6.5,3.7,3.4,1,No action,Steady day,stable
2026-04-04,kabir03,4.5,1.2,8,3.3,3.6,1,No action,Deadline pressure,stable
2026-04-05,kabir03,4.4,1.6,7.4,3.9,2.8,1,No action,Good peer contact,stable
2026-04-06,kabir03,3.7,2.4,8.4,4.3,3.4,1,No action,Low sleep,stable
2026-04-07,kabir03,3.4,2,7.7,4.4,4.4,1,No action,Took a short walk,stable
2026-04-08,kabir03,3.9,1.5,6.2,3.6,3.2,1,No action,Busy timetable,stable
2026-04-09,kabir03,4.1,2.8,7.4,4,3.3,1,No action,Felt supported,stable
2026-04-10,kabir03,3.7,2.6,7.3,3.7,4.1,1,No action,Quiet day,stable
2026-04-11,kabir03,3.8,2.1,7,4.3,4.1,1,No action,Steady day,stable
2026-04-12,kabir03,3.4,1.8,7.5,4.2,3.7,1,No action,Deadline pressure,stable
2026-04-13,kabir03,2.7,2.5,7.2,3.5,3.3,1,No action,Good peer contact,watch
2026-04-14,kabir03,3.8,2.3,7.4,3.7,3.2,1,No action,Low sleep,stable
2026-04-15,kabir03,3.5,2.5,6.9,3.5,3.2,1,No action,Took a short walk,stable
2026-04-16,kabir03,3,1.8,7,3.2,3.2,1,No action,Busy timetable,stable
2026-04-17,kabir03,3.6,2.6,7.3,2.8,4,1,No action,Felt supported,stable
2026-04-18,kabir03,3,2.5,7.9,2.6,2.9,1,No action,Quiet day,watch
2026-04-19,kabir03,3.5,2.6,7.8,3.6,3.7,1,No action,Steady day,stable
2026-04-20,kabir03,3.7,2.4,7.3,3,3.7,1,No action,Deadline pressure,stable
2026-04-21,kabir03,3.7,2.3,7.1,4.1,3,1,No action,Good peer contact,stable
2026-04-22,kabir03,3.6,2.4,8.3,4,3.4,1,No action,Low sleep,stable
2026-04-23,kabir03,3.9,1.8,7.6,2.9,2.6,1,No action,Took a short walk,stable
2026-04-24,kabir03,3.6,1.9,7.8,3.7,3.1,1,No action,Busy timetable,stable
2026-04-25,kabir03,2.9,2.7,7.7,4,3.2,1,No action,Felt supported,stable
2026-04-26,kabir03,3.8,2.5,7.2,3.1,3.6,1,No action,Quiet day,stable
2026-04-27,kabir03,3.3,1.9,7.7,4.2,3.9,1,No action,Steady day,stable
2026-04-28,kabir03,3.8,1.9,7.4,4.7,3.7,1,No action,Deadline pressure,stable
2026-04-29,kabir03,3,2.3,7.1,4,3.5,1,No action,Good peer contact,stable
2026-04-30,kabir03,3.9,1.7,7.4,3.8,3.6,1,No action,Low sleep,stable
2026-05-01,kabir03,3.7,1.9,6.6,3.7,3.3,1,No action,Took a short walk,stable
2026-05-02,kabir03,3.4,1.9,7.7,3.2,3.5,1,No action,Busy timetable,stable
2026-05-03,kabir03,3.9,1.4,8.6,3.5,4.1,1,No action,Felt supported,stable
2026-05-04,kabir03,3.6,1.9,8.1,4.6,3.3,1,No action,Quiet day,stable
2026-05-05,kabir03,4.5,1.6,8.3,3.8,4.1,1,No action,Steady day,stable
2026-05-06,kabir03,4,1.5,6.3,4.8,3.8,1,No action,Deadline pressure,stable
2026-05-07,kabir03,3.1,2.1,6.9,3.8,3,1,No action,Good peer contact,stable
2026-05-08,kabir03,3.7,1.8,7.8,3.8,3.3,1,No action,Low sleep,stable
2026-05-09,kabir03,3.4,2,8.1,3.6,3.9,1,No action,Took a short walk,stable
2026-05-10,kabir03,4,2.4,8.1,3.8,3.8,1,No action,Busy timetable,stable
2026-05-11,kabir03,4.3,2.3,7.8,4.5,3.2,1,No action,Felt supported,stable
2026-05-12,kabir03,3.2,1.7,8.2,3.7,3.5,1,No action,Quiet day,stable
2026-05-13,kabir03,3.3,2.3,7.2,4.4,3.8,1,No action,Steady day,stable
2026-05-14,kabir03,3.2,2.7,7.6,3.9,3.1,1,No action,Deadline pressure,stable
2026-05-15,kabir03,3.5,2.1,7.6,4.1,3.3,1,No action,Good peer contact,stable
2026-05-16,kabir03,4,1.7,7.7,3.8,3.7,1,No action,Low sleep,stable
2026-05-17,kabir03,3.7,1.1,7.1,3.8,3.6,1,No action,Took a short walk,stable
2026-05-18,kabir03,4.1,2.2,6.6,4.3,4.1,1,No action,Busy timetable,stable
2026-05-19,kabir03,3.6,2.7,8.2,3.7,4.4,1,No action,Felt supported,stable
2026-05-20,kabir03,4.4,2.3,8.6,4.4,3.5,1,No action,Quiet day,stable
2026-05-21,kabir03,4.2,2.3,6.6,3.9,3.8,1,No action,Steady day,stable
2026-05-22,kabir03,3.4,2.4,7.4,3.8,3.6,1,No action,Deadline pressure,stable
2026-05-23,kabir03,3.4,2,7.8,4.4,4.4,1,No action,Good peer contact,stable
2026-05-24,kabir03,3.5,2.1,8.2,3.7,3.9,1,No action,Low sleep,stable
2026-05-25,kabir03,3.7,1.6,7.3,4.1,3.3,1,No action,Took a short walk,stable
2026-05-26,kabir03,3.3,2.2,7.6,4.2,3.9,1,No action,Busy timetable,stable
2026-05-27,kabir03,3.1,2.4,7.9,3.4,4.2,1,No action,Felt supported,stable
2026-05-28,kabir03,3.1,3,5.9,3,3.6,1,No action,Quiet day,watch
2026-05-29,kabir03,2.6,2.5,7.2,3,2.9,1,Gentle nudge,Steady day,elevated
2026-05-30,kabir03,2.6,2.8,7.2,3.5,3.5,1,No action,Deadline pressure,watch
2026-05-31,kabir03,3,2.5,7.5,2.7,3.7,1,No action,Good peer contact,watch
2026-06-01,kabir03,3.3,3.4,6.6,3.6,3.1,1,No action,Low sleep,watch
2026-06-02,kabir03,2.4,2.9,7.5,3,4.3,1,No action,Took a short walk,watch
2026-06-03,kabir03,3.2,3.1,6.5,3.6,3.6,1,No action,Busy timetable,watch
2026-06-04,kabir03,3.1,3.2,6.8,4.1,4.5,1,No action,Felt supported,stable
2026-06-05,kabir03,3.4,3,7.2,3.9,2.9,1,No action,Quiet day,watch
2026-06-06,kabir03,3.4,2,6.9,3,3.7,1,No action,Steady day,stable
2026-06-07,kabir03,3.4,1.6,8.3,3.5,4.9,1,No action,Deadline pressure,stable
2026-06-08,kabir03,3.1,2.7,7.8,3.4,3.6,1,No action,Good peer contact,stable
2026-06-09,kabir03,3.2,1.9,8.1,3.5,3.5,1,No action,Low sleep,stable
2026-06-10,kabir03,3,2.7,6.8,4.3,3.8,1,No action,Took a short walk,stable
2026-06-11,kabir03,3.3,3.5,7.2,3.3,3.1,1,No action,Busy timetable,elevated
2026-06-12,kabir03,3.9,2.9,7.6,3.6,3.2,1,No action,Felt supported,stable
2026-06-13,kabir03,3.8,2.8,7.7,3.2,3.7,1,No action,Quiet day,stable
2026-06-14,kabir03,3.1,2.5,7,3.9,3.2,1,No action,Steady day,stable
2026-06-15,kabir03,3.5,1.8,7.3,4.1,4.6,1,No action,Deadline pressure,stable
2026-06-16,kabir03,3.6,2.3,7.6,4,3.9,1,No action,Good peer contact,stable
2026-06-17,kabir03,3.7,1.8,7.7,3.7,3.7,1,No action,Low sleep,stable
2026-06-18,kabir03,3.1,1.5,7.3,3.4,3.7,1,No action,Took a short walk,stable
2026-06-19,kabir03,2.8,2.3,7.2,3.7,3.3,1,No action,Busy timetable,stable
2026-06-20,kabir03,3.6,2.3,7.1,3.4,3.6,1,No action,Felt supported,stable
2026-06-21,kabir03,4,2.1,7.4,3.5,3,1,No action,Quiet day,stable
2026-06-22,kabir03,3,2,7.6,4.4,3.8,1,No action,Steady day,stable
2026-06-23,kabir03,3.5,2.3,7,3.9,3.5,1,No action,Deadline pressure,stable
2026-06-24,kabir03,3.2,2.2,6.9,3.5,2.9,1,No action,Good peer contact,stable
2026-06-25,kabir03,3.4,2.6,7.3,4.1,3.3,1,No action,Low sleep,stable
2026-06-26,kabir03,4,1.8,7,4.3,2.6,1,No action,Took a short walk,stable
2026-06-27,kabir03,4,2.4,7.3,4.2,2.4,1,No action,Busy timetable,stable
2026-06-28,kabir03,3.7,1.7,7.5,4.1,3.9,1,No action,Felt supported,stable
2026-06-29,kabir03,3.9,2.1,7.4,4,3.9,1,No action,Quiet day,stable
2026-06-30,kabir03,4.2,1,7.4,4.1,4.6,1,No action,Steady day,stable
2026-07-01,kabir03,4.1,2.3,8.3,3.6,3.8,1,No action,Deadline pressure,stable
2026-07-02,kabir03,3.8,2,7.8,3.7,4,1,No action,Good peer contact,stable
2026-07-03,kabir03,3.6,1.7,8.4,3.3,2.8,1,No action,Low sleep,stable
2026-07-04,kabir03,3.9,1.6,7,4.2,3.4,1,No action,Took a short walk,stable
2026-07-05,kabir03,4.9,1.6,7.9,4,3.5,1,No action,Busy timetable,stable
2026-07-06,kabir03,4,1.8,6.6,4.5,3.8,1,No action,Felt supported,stable
2026-07-07,kabir03,4.3,2.4,7.4,4,3.1,1,No action,Quiet day,stable
2026-07-08,kabir03,3.7,1.8,7.8,3.7,3.1,1,No action,Steady day,stable
2026-07-09,kabir03,3.4,2.4,8.3,3.5,3.6,1,No action,Deadline pressure,stable
2026-07-10,kabir03,3.3,2.5,7.4,3,3.3,1,No action,Good peer contact,watch
2026-07-11,kabir03,3.9,2.5,8.1,3.4,4.2,1,No action,Low sleep,stable
2026-07-12,kabir03,3.1,1.7,7.2,3,3.5,1,No action,Took a short walk,stable
2026-07-13,kabir03,4.8,1.7,8.3,3.7,3.7,1,No action,Busy timetable,stable
2026-07-14,kabir03,3.9,2.7,8,3.7,2.9,1,No action,Felt supported,stable
2026-07-15,kabir03,3.4,2.5,6.8,3.4,3.4,1,No action,Quiet day,stable
2026-07-16,kabir03,4.3,2.1,6.2,3.9,3.1,1,No action,Steady day,stable
2026-07-17,kabir03,2.8,2.7,7.1,3.4,2.7,1,No action,Deadline pressure,elevated
2026-07-18,kabir03,2.6,2.6,6.6,3.2,2.9,1,Gentle nudge,Good peer contact,elevated
2026-07-19,kabir03,3.5,3.4,7.3,3.9,4.2,1,Gentle nudge,Low sleep,stable
2026-07-20,kabir03,3.4,2.2,7.6,3.5,3.5,1,No action,Took a short walk,stable
2026-07-21,kabir03,3.8,2.2,7.3,4.3,3,1,No action,Busy timetable,stable
2026-07-22,kabir03,3.4,2.6,6.5,3.4,3.7,1,No action,Felt supported,stable
2026-07-23,kabir03,3.7,3,7,3.4,2.8,1,No action,Quiet day,watch
2026-07-24,kabir03,2.4,3.1,6.5,3,3,1,Gentle nudge,Steady day,elevated
2026-07-25,kabir03,2.7,2.3,7.7,3.4,3,1,No action,Deadline pressure,watch
2026-07-26,kabir03,4,2.5,6.9,3.4,3.5,1,No action,Good peer contact,stable
2026-07-27,kabir03,2.9,2.5,7.3,3.2,4.2,1,No action,Low sleep,stable
2026-07-28,kabir03,3.4,2.4,6.6,2.4,3.7,1,No action,Took a short walk,watch
2026-07-29,kabir03,3.3,2.3,6.6,3.2,3,1,No action,Busy timetable,watch
2026-07-30,kabir03,3.1,2.6,6.4,3.5,3.3,1,No action,Felt supported,watch
2026-07-31,kabir03,3.1,3,7.9,3.2,2.5,1,Gentle nudge,Quiet day,elevated
2026-08-01,kabir03,3.1,3.2,7.7,3.7,2.9,1,No action,Steady day,watch
2026-08-02,kabir03,3.7,2.8,7.6,4.3,3.6,1,No action,Deadline pressure,stable
2026-08-03,kabir03,3.3,2.6,7.9,3.5,3.4,1,No action,Good peer contact,stable
2026-08-04,kabir03,3.5,2,7.3,4.3,4.2,1,No action,Low sleep,stable
2026-08-05,kabir03,3.3,3.1,7,2.7,3.6,1,No action,Took a short walk,watch
2026-08-06,kabir03,3,2.7,7.9,3.6,3,1,No action,Busy timetable,watch
2026-08-07,kabir03,2.8,2.8,6.5,3.6,3.8,1,Gentle nudge,Felt supported,watch
2026-08-08,kabir03,3.3,3.1,6.9,3.2,2.6,1,Gentle nudge,Quiet day,elevated
2026-08-09,kabir03,3.8,2.7,7.1,3.7,3.1,1,No action,Steady day,stable
2026-08-10,kabir03,4.1,2,6.5,2.8,4,1,No action,Deadline pressure,stable
2026-08-11,kabir03,3.4,2,7.8,3.1,3.3,1,No action,Good peer contact,stable
2026-08-12,kabir03,3.2,3.2,7.2,3,2.5,1,Gentle nudge,Low sleep,elevated
2026-08-13,kabir03,2.9,3.3,6.8,3.6,3.7,1,Gentle nudge,Took a short walk,watch
2026-08-14,kabir03,2.7,2.2,7.1,3.6,3.9,1,Gentle nudge,Busy timetable,stable
2026-08-15,kabir03,3.4,3.9,7,3.1,3.8,1,Gentle nudge,Felt supported,elevated
2026-08-16,kabir03,3.2,2.2,6.8,3,3.1,1,No action,Quiet day,watch
2026-08-17,kabir03,3.9,2.8,7.1,3.5,3,1,No action,Steady day,stable
2026-08-18,kabir03,3.1,2.6,6.5,3.8,3.3,1,No action,Deadline pressure,stable
2026-08-19,kabir03,3.6,2.6,6.6,3.8,3.7,1,No action,Good peer contact,stable
2026-08-20,kabir03,3.2,3.1,7.6,3.7,3.2,1,Gentle nudge,Low sleep,watch
2026-08-21,kabir03,3,2.5,6.5,3.3,2.8,1,Gentle nudge,Took a short walk,watch
2026-08-22,kabir03,3,2.8,6.7,4,2.6,1,Gentle nudge,Busy timetable,watch
2026-08-23,kabir03,2.7,2.9,6.7,2.6,3.5,1,Gentle nudge,Felt supported,elevated
2026-08-24,kabir03,3.4,2.8,7.2,3.4,3.4,1,No action,Quiet day,stable
2026-08-25,kabir03,4.2,1.8,7,3.3,4.1,1,No action,Steady day,stable
2026-08-26,kabir03,3.6,2.7,8,3.9,3.7,1,No action,Deadline pressure,stable
2026-08-27,kabir03,3.1,2.4,7.6,3.3,3.2,1,No action,Good peer contact,stable
2026-08-28,kabir03,3.2,2.4,6.7,2.8,2.7,1,No action,Low sleep,watch
2026-08-29,kabir03,3.2,2.4,7.4,3.4,3.4,1,No action,Took a short walk,stable
2026-08-30,kabir03,3.8,2.6,7.8,2.9,4.2,1,No action,Busy timetable,stable
2026-08-31,kabir03,3.9,1.7,7.1,3.9,3.6,1,No action,Felt supported,stable
2026-09-01,kabir03,4.1,2.3,8.1,3.1,4,1,No action,Quiet day,stable
2026-09-02,kabir03,3.2,2.8,7.7,3,3.2,1,No action,Steady day,watch
2026-09-03,kabir03,3,3,8.6,2.6,3.9,1,No action,Deadline pressure,watch
2026-09-04,kabir03,3.9,3.4,6,4,3.7,1,No action,Good peer contact,stable
2026-09-05,kabir03,3.2,2.9,7.1,3.6,4.3,1,No action,Low sleep,stable
2026-09-06,kabir03,3.7,3.1,7.7,3.2,2.6,1,No action,Took a short walk,watch
2026-09-07,kabir03,3.3,2.5,7.1,3.6,4.8,1,No action,Busy timetable,stable
2026-09-08,kabir03,3.3,2.2,7.2,3.5,3.6,1,No action,Felt supported,stable
2026-09-09,kabir03,3.5,2.6,7.5,3.6,3,1,No action,Quiet day,stable
2026-09-10,kabir03,3.3,3,6.9,3.5,3.6,1,No action,Steady day,watch
2026-09-11,kabir03,3.7,2.8,7.1,4.2,4.1,1,No action,Deadline pressure,stable
2026-09-12,kabir03,3.8,2.1,7.4,3.2,3.6,1,No action,Good peer contact,stable
2026-09-13,kabir03,4,1.7,7.5,3.6,3.4,1,No action,Low sleep,stable
2026-09-14,kabir03,4.5,2,6.7,4.4,3.4,1,No action,Took a short walk,stable
2026-09-15,kabir03,3.1,2.1,6.9,3.3,3.7,1,No action,Busy timetable,stable
2026-09-16,kabir03,3.3,3.2,7.1,3.3,4.2,1,No action,Felt supported,stable
2026-09-17,kabir03,3.7,2.5,7.7,3.5,3.5,1,No action,Quiet day,stable
2026-09-18,kabir03,3.5,2.8,6.7,3,2.8,1,Gentle nudge,Steady day,watch
2026-09-19,kabir03,3.6,2.3,6.7,3.9,3.9,1,No action,Deadline pressure,stable
2026-03-24,anaya04,3.8,2.8,7.5,3.6,3.9,1,No action,Deadline pressure,stable
2026-03-25,anaya04,3.4,2.2,7.1,3.6,3.6,1,No action,Good peer contact,stable
2026-03-26,anaya04,2.9,2.3,6.7,3.7,3.4,1,No action,Low sleep,stable
2026-03-27,anaya04,3.7,2.8,7.5,3.2,3.5,1,No action,Took a short walk,stable
2026-03-28,anaya04,3.5,2,7.5,3.2,2.9,1,No action,Busy timetable,stable
2026-03-29,anaya04,3.8,2.8,7.6,3.2,3.4,1,No action,Felt supported,stable
2026-03-30,anaya04,4,2,8,4.2,3.9,1,No action,Quiet day,stable
2026-03-31,anaya04,4.1,2.2,7.5,3.5,3,1,No action,Steady day,stable
2026-04-01,anaya04,3.4,2.8,6.7,3.6,3.5,1,No action,Deadline pressure,stable
2026-04-02,anaya04,3.2,3,6.9,2.6,3.7,1,No action,Good peer contact,watch
2026-04-03,anaya04,3.6,2.3,7.5,3.5,3.5,1,No action,Low sleep,stable
2026-04-04,anaya04,2.7,2.9,7.3,3.3,3.6,1,No action,Took a short walk,watch
2026-04-05,anaya04,3.8,2.8,7.2,3.1,3.4,1,No action,Busy timetable,stable
2026-04-06,anaya04,3.7,1.7,8.1,4.2,2.9,1,No action,Felt supported,stable
2026-04-07,anaya04,3.8,1.8,6.7,3.4,2.6,1,No action,Quiet day,stable
2026-04-08,anaya04,3,1.7,7.2,3.2,3.6,1,No action,Steady day,stable
2026-04-09,anaya04,3,2.1,7.8,4.4,3.5,1,No action,Deadline pressure,stable
2026-04-10,anaya04,2.9,2,6.6,4,3.1,1,No action,Good peer contact,stable
2026-04-11,anaya04,3.1,2.3,8,3.4,3.6,1,No action,Low sleep,stable
2026-04-12,anaya04,3.6,2.6,7.3,4.2,3.7,1,No action,Took a short walk,stable
2026-04-13,anaya04,3.8,1.3,7.6,3.5,3.2,1,No action,Busy timetable,stable
2026-04-14,anaya04,3.8,1.6,8.1,4.2,4.1,1,No action,Felt supported,stable
2026-04-15,anaya04,4.3,1.9,8.1,3.6,3.9,1,No action,Quiet day,stable
2026-04-16,anaya04,3.9,1.8,7.6,4.5,3.9,1,No action,Steady day,stable
2026-04-17,anaya04,3.3,1.6,7.5,3.9,3.2,1,No action,Deadline pressure,stable
2026-04-18,anaya04,4,1.6,7,3.9,3.4,1,No action,Good peer contact,stable
2026-04-19,anaya04,3.1,2.5,7.2,3.6,3.1,1,No action,Low sleep,watch
2026-04-20,anaya04,3.2,2.5,7.5,4.2,3.6,1,No action,Took a short walk,stable
2026-04-21,anaya04,3.1,2.2,7.6,3.8,4,1,No action,Busy timetable,stable
2026-04-22,anaya04,3.6,2.3,7.6,3.2,3.6,1,No action,Felt supported,stable
2026-04-23,anaya04,3.6,2.6,7.7,3.5,4.1,1,No action,Quiet day,stable
2026-04-24,anaya04,3.6,2.8,7,3.6,3.3,1,No action,Steady day,stable
2026-04-25,anaya04,3.7,2.4,6.8,3.3,3.1,1,No action,Deadline pressure,stable
2026-04-26,anaya04,3.5,1.7,7.2,3.2,3.2,1,No action,Good peer contact,stable
2026-04-27,anaya04,4,2.7,6.4,3.3,4.3,1,No action,Low sleep,stable
2026-04-28,anaya04,4.2,2.1,7,3.7,4.3,1,No action,Took a short walk,stable
2026-04-29,anaya04,2.8,2.5,8,4.2,2.9,1,No action,Busy timetable,stable
2026-04-30,anaya04,3.1,1.8,7.4,3.8,3.8,1,No action,Felt supported,stable
2026-05-01,anaya04,3.6,2.6,7.6,3.1,3.2,1,No action,Quiet day,stable
2026-05-02,anaya04,3.1,2.1,6.6,3.5,3.2,1,No action,Steady day,stable
2026-05-03,anaya04,3.3,1.5,7.6,3.9,3.5,1,No action,Deadline pressure,stable
2026-05-04,anaya04,3.3,2,7.6,3.9,3.3,1,No action,Good peer contact,stable
2026-05-05,anaya04,4,2.7,6.7,3.8,3.4,1,No action,Low sleep,stable
2026-05-06,anaya04,3.5,2.1,7.5,3.1,3.2,1,No action,Took a short walk,stable
2026-05-07,anaya04,3.5,2.7,7.7,4,3.7,1,No action,Busy timetable,stable
2026-05-08,anaya04,3.3,2,8,2.8,3,1,No action,Felt supported,stable
2026-05-09,anaya04,3.6,2.4,7.2,3.2,4.1,1,No action,Quiet day,stable
2026-05-10,anaya04,4,2.6,7,4.3,3.4,1,No action,Steady day,stable
2026-05-11,anaya04,3.3,2.4,7.4,3.6,3.8,1,No action,Deadline pressure,stable
2026-05-12,anaya04,3.9,2.2,7.6,3.5,3.5,1,No action,Good peer contact,stable
2026-05-13,anaya04,2.6,3.1,7.4,3.1,2.6,1,No action,Low sleep,elevated
2026-05-14,anaya04,2.9,3.2,6.6,2.5,2.9,1,Gentle nudge,Took a short walk,elevated
2026-05-15,anaya04,3.1,2.8,6.5,2.9,3.3,1,Gentle nudge,Busy timetable,watch
2026-05-16,anaya04,3.4,3.4,7.2,3.1,3.2,1,Gentle nudge,Felt supported,elevated
2026-05-17,anaya04,3.2,2.4,8.1,3.3,4,1,No action,Quiet day,stable
2026-05-18,anaya04,3.3,2.1,7.5,3.6,3.8,1,No action,Steady day,stable
2026-05-19,anaya04,4,1.8,8.4,3.5,3.4,1,No action,Deadline pressure,stable
2026-05-20,anaya04,3.2,2.6,7.3,3.8,3.9,1,No action,Good peer contact,stable
2026-05-21,anaya04,3.5,2.2,7.2,3.6,3.8,1,No action,Low sleep,stable
2026-05-22,anaya04,3.5,2.8,7.7,3.8,3.9,1,No action,Took a short walk,stable
2026-05-23,anaya04,3.4,2.2,6.9,2.9,3.7,1,No action,Busy timetable,stable
2026-05-24,anaya04,3.4,2.4,7.5,4.3,3.7,1,No action,Felt supported,stable
2026-05-25,anaya04,3.9,1.3,7.5,3.6,3.5,1,No action,Quiet day,stable
2026-05-26,anaya04,4.1,1.7,7.1,3.5,3.6,1,No action,Steady day,stable
2026-05-27,anaya04,3.9,1.5,8.1,3.5,4.3,1,No action,Deadline pressure,stable
2026-05-28,anaya04,3.1,2.2,7.8,3.8,3.2,1,No action,Good peer contact,stable
2026-05-29,anaya04,3.9,3.3,7.5,3,3.1,1,No action,Low sleep,watch
2026-05-30,anaya04,3.8,2.4,6.7,3.1,3.8,1,No action,Took a short walk,stable
2026-05-31,anaya04,3.6,2.5,7.2,3.1,3,1,No action,Busy timetable,stable
2026-06-01,anaya04,3.5,2.7,7.1,3.1,2.8,1,No action,Felt supported,watch
2026-06-02,anaya04,3.1,2.6,7.1,3.8,3.1,1,No action,Quiet day,stable
2026-06-03,anaya04,3.3,2.3,7.3,4,2.9,1,No action,Steady day,stable
2026-06-04,anaya04,2.9,2.9,7.2,3.2,3.4,1,Gentle nudge,Deadline pressure,watch
2026-06-05,anaya04,3.3,2.6,7.6,3.9,3.1,1,No action,Good peer contact,stable
2026-06-06,anaya04,3.8,1.7,7.5,3.3,3.4,1,No action,Low sleep,stable
2026-06-07,anaya04,4.5,1.7,7.1,4,3.2,1,No action,Took a short walk,stable
2026-06-08,anaya04,4.3,1.1,7.8,4.4,3,1,No action,Busy timetable,stable
2026-06-09,anaya04,4.3,1.7,7.1,5,3.8,1,No action,Felt supported,stable
2026-06-10,anaya04,4.1,2.2,8,5,4.1,1,No action,Quiet day,stable
2026-06-11,anaya04,3.8,2.4,7.7,4.1,4,1,No action,Steady day,stable
2026-06-12,anaya04,4.4,2.3,7.8,3.6,3.9,1,No action,Deadline pressure,stable
2026-06-13,anaya04,3.9,1.5,7.7,4.5,3.6,1,No action,Good peer contact,stable
2026-06-14,anaya04,3.4,1.8,7.3,3.7,3.3,1,No action,Low sleep,stable
2026-06-15,anaya04,4.2,1.6,8,3.7,4.1,1,No action,Took a short walk,stable
2026-06-16,anaya04,3.7,1.8,6.6,4,3.6,1,No action,Busy timetable,stable
2026-06-17,anaya04,3.7,1.6,7.4,4.2,3.7,1,No action,Felt supported,stable
2026-06-18,anaya04,3,1.2,8,3.7,4,1,No action,Quiet day,stable
2026-06-19,anaya04,3.1,2.4,7.3,3.5,3.3,1,No action,Steady day,stable
2026-06-20,anaya04,4.5,1.7,8,4.3,3.2,1,No action,Deadline pressure,stable
2026-06-21,anaya04,4,1.6,7.9,4.2,3.5,1,No action,Good peer contact,stable
2026-06-22,anaya04,3.6,1.5,8.4,4.7,3.7,1,No action,Low sleep,stable
2026-06-23,anaya04,3.7,2.1,6.5,4.2,3,1,No action,Took a short walk,stable
2026-06-24,anaya04,3.8,1.9,7.6,3.7,3.1,1,No action,Busy timetable,stable
2026-06-25,anaya04,3.6,2.1,7.8,3.3,3.3,1,No action,Felt supported,stable
2026-06-26,anaya04,3.1,2.8,6.2,3.4,3.3,1,No action,Quiet day,watch
2026-06-27,anaya04,3.5,1.9,6.9,3.4,3.4,1,No action,Steady day,stable
2026-06-28,anaya04,3.8,2.8,7.5,4.4,3.9,1,No action,Deadline pressure,stable
2026-06-29,anaya04,4.2,1.1,6.7,3.1,3.4,1,No action,Good peer contact,stable
2026-06-30,anaya04,3.6,2.1,8.2,2.9,4.4,1,No action,Low sleep,stable
2026-07-01,anaya04,3.5,2.9,7.3,2.7,3.3,1,No action,Took a short walk,watch
2026-07-02,anaya04,3.1,3.1,6,3.1,3.6,1,No action,Busy timetable,watch
2026-07-03,anaya04,3.3,2.4,7.4,3.3,4,1,No action,Felt supported,stable
2026-07-04,anaya04,2.9,1.9,9,3,4.4,1,No action,Quiet day,stable
2026-07-05,anaya04,3.6,2.1,7.6,3.8,3.1,1,No action,Steady day,stable
2026-07-06,anaya04,4.6,1.7,7.9,3.6,3.5,1,No action,Deadline pressure,stable
2026-07-07,anaya04,4.5,2.3,7.5,3.7,4.6,1,No action,Good peer contact,stable
2026-07-08,anaya04,3.5,1.7,7.1,3.8,3.2,1,No action,Low sleep,stable
2026-07-09,anaya04,3.3,2.1,8.3,3.8,4.1,1,No action,Took a short walk,stable
2026-07-10,anaya04,3.8,2.3,6.6,2.9,3.3,1,No action,Busy timetable,stable
2026-07-11,anaya04,3,2.1,7.7,3.3,2.9,1,No action,Felt supported,stable
2026-07-12,anaya04,3.3,1.8,7.8,4.6,4.5,1,No action,Quiet day,stable
2026-07-13,anaya04,3.3,2.5,7.3,4,4,1,No action,Steady day,stable
2026-07-14,anaya04,3,2.1,7.8,3.6,3.6,1,No action,Deadline pressure,stable
2026-07-15,anaya04,3.5,2.6,6.5,3.2,4.2,1,No action,Good peer contact,stable
2026-07-16,anaya04,3.4,3.3,6.9,3.2,2.6,1,Gentle nudge,Low sleep,elevated
2026-07-17,anaya04,3.4,3.3,6.9,3.5,2.9,1,No action,Took a short walk,watch
2026-07-18,anaya04,3.5,2,7.6,3.2,3.1,1,No action,Busy timetable,stable
2026-07-19,anaya04,3.7,1.8,6.8,4.5,3.5,1,No action,Felt supported,stable
2026-07-20,anaya04,3.7,1.2,7.5,4.3,3.6,1,No action,Quiet day,stable
2026-07-21,anaya04,4,1.8,7.5,3.7,2.6,1,No action,Steady day,stable
2026-07-22,anaya04,4.1,2.6,7.5,3.2,3.5,1,No action,Deadline pressure,stable
2026-07-23,anaya04,3.7,2.1,6.7,4,3.5,1,No action,Good peer contact,stable
2026-07-24,anaya04,3.8,2,7.4,3.3,3,1,No action,Low sleep,stable
2026-07-25,anaya04,3.7,1.6,7.2,3.7,3.9,1,No action,Took a short walk,stable
2026-07-26,anaya04,3.5,2,7.8,3.5,3.9,1,No action,Busy timetable,stable
2026-07-27,anaya04,3.9,2.1,6.3,4,3.1,1,No action,Felt supported,stable
2026-07-28,anaya04,3.6,1.7,6.3,3.3,3.3,1,No action,Quiet day,stable
2026-07-29,anaya04,3.5,2,7.3,3.4,2.9,1,No action,Steady day,stable
2026-07-30,anaya04,2.9,2.3,6.3,3.1,4,1,No action,Deadline pressure,stable
2026-07-31,anaya04,2.5,2.7,6.9,3,4.2,1,Gentle nudge,Good peer contact,watch
2026-08-01,anaya04,2.5,1.9,6.9,3.3,3.4,1,No action,Low sleep,stable
2026-08-02,anaya04,2.8,2.3,7.8,3.9,3.4,1,No action,Took a short walk,stable
2026-08-03,anaya04,2.9,2.3,7.7,3.2,3.9,1,No action,Busy timetable,stable
2026-08-04,anaya04,3.5,2.1,6.5,4.1,3.2,1,No action,Felt supported,stable
2026-08-05,anaya04,3.2,2.7,6.6,3.7,2.5,1,Gentle nudge,Quiet day,watch
2026-08-06,anaya04,2.9,3.1,6.8,2.9,2.5,1,Self-guided support,Steady day,elevated
2026-08-07,anaya04,2.1,3.3,7,3.4,3.4,1,Self-guided support,Deadline pressure,elevated
2026-08-08,anaya04,3.3,3.9,6.2,3.1,2.8,1,Gentle nudge,Good peer contact,elevated
2026-08-09,anaya04,2.7,3.3,6.4,3.3,2.3,1,Self-guided support,Low sleep,elevated
2026-08-10,anaya04,2.9,3,6.5,3.1,3.3,1,Gentle nudge,Took a short walk,elevated
2026-08-11,anaya04,2.6,3.3,6,3.8,3,1,Gentle nudge,Busy timetable,elevated
2026-08-12,anaya04,3,3.7,7.3,2.7,2.6,1,Self-guided support,Felt supported,elevated
2026-08-13,anaya04,1.9,3.3,6.1,2.7,2.8,1,Self-guided support,Quiet day,elevated
2026-08-14,anaya04,2.6,3.6,5.6,2.7,2.7,1,Self-guided support,Steady day,elevated
2026-08-15,anaya04,2.7,3.5,6.3,3,2.4,1,Self-guided support,Deadline pressure,elevated
2026-08-16,anaya04,1.7,3.2,6.2,2.2,2.9,1,Gentle nudge,Good peer contact,elevated
2026-08-17,anaya04,4.1,3,7.1,3.6,2.9,1,Gentle nudge,Low sleep,stable
2026-08-18,anaya04,2.8,2.1,6.4,2.2,3.1,1,Gentle nudge,Took a short walk,elevated
2026-08-19,anaya04,2.5,3.2,7.2,3.1,3.5,1,Gentle nudge,Busy timetable,elevated
2026-08-20,anaya04,3,1.9,7.1,3.7,3.3,1,No action,Felt supported,stable
2026-08-21,anaya04,3.4,2.9,7.1,3.6,3.2,1,No action,Quiet day,watch
2026-08-22,anaya04,3.6,2.5,7.5,4.3,2.7,1,No action,Steady day,stable
2026-08-23,anaya04,3,2.2,7.4,4,3.3,1,No action,Deadline pressure,stable
2026-08-24,anaya04,3,1.8,7.3,4.2,3.5,1,No action,Good peer contact,stable
2026-08-25,anaya04,4.2,2,7.6,2.8,2.5,1,No action,Low sleep,stable
2026-08-26,anaya04,2.3,2.5,7.9,4.5,3.9,1,No action,Took a short walk,stable
2026-08-27,anaya04,2.8,3.3,6.8,3.6,3,1,No action,Busy timetable,elevated
2026-08-28,anaya04,3.3,2.1,7.1,3.6,3.6,1,No action,Felt supported,stable
2026-08-29,anaya04,3.8,2.6,7.7,3.9,3.8,1,No action,Quiet day,stable
2026-08-30,anaya04,3.4,2.3,7.6,4,3.8,1,No action,Steady day,stable
2026-08-31,anaya04,4.2,1.8,7,4.5,4,1,No action,Deadline pressure,stable
2026-09-01,anaya04,4,2.1,7.4,3.3,3.2,1,No action,Good peer contact,stable
2026-09-02,anaya04,3,2.7,7.9,3,3.6,1,No action,Low sleep,watch
2026-09-03,anaya04,3.3,2.9,7.5,3.8,3.3,1,No action,Took a short walk,stable
2026-09-04,anaya04,2.7,2.3,7.9,2.5,3.4,1,No action,Busy timetable,watch
2026-09-05,anaya04,3.7,2.2,7.4,3.5,4,1,No action,Felt supported,stable
2026-09-06,anaya04,3.7,2.9,7.2,3.6,2.4,1,No action,Quiet day,watch
2026-09-07,anaya04,3,2.6,7.8,4,2.9,1,No action,Steady day,stable
2026-09-08,anaya04,2.9,3.1,6.1,3.5,3.1,1,No action,Deadline pressure,elevated
2026-09-09,anaya04,3.1,2.8,7.7,3.8,3.8,1,No action,Good peer contact,stable
2026-09-10,anaya04,2.1,3.3,6.8,2.4,2.7,1,Gentle nudge,Low sleep,elevated
2026-09-11,anaya04,2.3,3,6.3,2.6,3,1,Gentle nudge,Took a short walk,elevated
2026-09-12,anaya04,2.8,2.9,7,3.1,2.8,1,Gentle nudge,Busy timetable,elevated
2026-09-13,anaya04,3.3,2.1,8.2,3,3.6,1,No action,Felt supported,stable
2026-09-14,anaya04,3.5,2.6,6.9,3.2,3.3,1,Gentle nudge,Quiet day,stable
2026-09-15,anaya04,3,3.6,6.4,3.6,2.6,1,Gentle nudge,Steady day,elevated
2026-09-16,anaya04,2.8,3.3,6.8,3.2,2.7,1,Gentle nudge,Deadline pressure,elevated
2026-09-17,anaya04,2.4,3.2,6.6,3.1,3.4,1,Gentle nudge,Good peer contact,elevated
2026-09-18,anaya04,3.1,2.6,6.6,3,2.8,1,No action,Low sleep,watch
2026-09-19,anaya04,3,3,6,3.5,3.4,1,No action,Took a short walk,watch
2026-03-24,rohan05,4,2.1,6.9,3.5,4.2,1,No action,Took a short walk,stable
2026-03-25,rohan05,4.1,1.9,7.3,3.4,3.5,1,No action,Busy timetable,stable
2026-03-26,rohan05,3.4,1.7,7.1,3.7,3.7,1,No action,Felt supported,stable
2026-03-27,rohan05,3.8,2.6,6.9,3.9,3.7,1,No action,Quiet day,stable
2026-03-28,rohan05,3.6,1.5,6.8,4,2.9,1,No action,Steady day,stable
2026-03-29,rohan05,3.3,3.3,7.4,3.5,3,1,No action,Deadline pressure,watch
2026-03-30,rohan05,3,2.1,8.2,3.4,4.1,1,No action,Good peer contact,stable
2026-03-31,rohan05,4,2.1,7.1,3.6,3.1,1,No action,Low sleep,stable
2026-04-01,rohan05,3.2,2.8,7.6,3.4,4,1,No action,Took a short walk,stable
2026-04-02,rohan05,3.3,1.8,6.7,3.9,3.6,1,No action,Busy timetable,stable
2026-04-03,rohan05,3.5,2.6,7.1,3.3,3.2,1,No action,Felt supported,stable
2026-04-04,rohan05,3.8,1.4,7.6,3.8,4,1,No action,Quiet day,stable
2026-04-05,rohan05,4,2.2,8.1,3.8,3.2,1,No action,Steady day,stable
2026-04-06,rohan05,3.9,2.2,7.2,4.3,4.2,1,No action,Deadline pressure,stable
2026-04-07,rohan05,4.1,1.6,7.9,4,4.5,1,No action,Good peer contact,stable
2026-04-08,rohan05,4.1,2.1,7,3.1,3.4,1,No action,Low sleep,stable
2026-04-09,rohan05,3.7,1.6,7.8,3.8,4.1,1,No action,Took a short walk,stable
2026-04-10,rohan05,4,2,6.5,3.5,3.3,1,No action,Busy timetable,stable
2026-04-11,rohan05,3.6,1.6,7.3,3.6,3.3,1,No action,Felt supported,stable
2026-04-12,rohan05,3.5,2.8,7.6,3.6,3.5,1,No action,Quiet day,stable
2026-04-13,rohan05,3.4,2.1,6.5,4.1,3.7,1,No action,Steady day,stable
2026-04-14,rohan05,3.1,2,7.3,3.6,3.6,1,No action,Deadline pressure,stable
2026-04-15,rohan05,3.5,1.6,7.3,3.4,3.5,1,No action,Good peer contact,stable
2026-04-16,rohan05,4,2.3,7.5,3.3,3.2,1,No action,Low sleep,stable
2026-04-17,rohan05,3.6,2.2,7.2,3.4,3.5,1,No action,Took a short walk,stable
2026-04-18,rohan05,3.2,2.8,6.8,3.7,3.4,1,No action,Busy timetable,stable
2026-04-19,rohan05,2.4,2.4,6.3,3.5,2.8,1,No action,Felt supported,elevated
2026-04-20,rohan05,4.3,2.5,6.2,3.8,4,1,No action,Quiet day,stable
2026-04-21,rohan05,3.4,2.1,7.8,3.1,3.9,1,No action,Steady day,stable
2026-04-22,rohan05,3.8,1.7,6.8,3.8,3.4,1,No action,Deadline pressure,stable
2026-04-23,rohan05,3.2,2.2,6.6,3.6,3,1,No action,Good peer contact,stable
2026-04-24,rohan05,3.4,2.7,6.5,3.7,2.8,1,No action,Low sleep,watch
2026-04-25,rohan05,3.2,2.6,6.4,3.5,3.7,1,Gentle nudge,Took a short walk,stable
2026-04-26,rohan05,3.1,2.7,6.7,3.1,2.5,1,No action,Busy timetable,elevated
2026-04-27,rohan05,2.2,2.7,7.1,3.5,3,1,No action,Felt supported,elevated
2026-04-28,rohan05,3.7,2.1,7.8,3.2,2.8,1,No action,Quiet day,stable
2026-04-29,rohan05,3.4,2.4,7,3.2,3.6,1,No action,Steady day,stable
2026-04-30,rohan05,2.8,3.3,6,2.6,2.8,1,Gentle nudge,Deadline pressure,elevated
2026-05-01,rohan05,3.2,2.8,6.8,3.6,4.2,1,Gentle nudge,Good peer contact,stable
2026-05-02,rohan05,2.9,2.9,7.4,3.7,2.6,1,Gentle nudge,Low sleep,watch
2026-05-03,rohan05,3.2,2.8,7.6,3.4,3.4,1,Gentle nudge,Took a short walk,watch
2026-05-04,rohan05,3.8,2.3,6.7,2.4,3.5,1,Gentle nudge,Busy timetable,stable
2026-05-05,rohan05,3,2.9,6.7,3.6,3.6,1,No action,Felt supported,watch
2026-05-06,rohan05,3.1,2.9,6.4,4.4,4.2,1,No action,Quiet day,stable
2026-05-07,rohan05,3.3,2.5,7.1,3.2,3.8,1,No action,Steady day,stable
2026-05-08,rohan05,2.7,3.1,7,2.2,2.6,1,Self-guided support,Deadline pressure,elevated
2026-05-09,rohan05,2.8,2.9,6.7,2.7,3.2,1,Gentle nudge,Good peer contact,elevated
2026-05-10,rohan05,3.3,3.2,5.8,3,3.6,1,Gentle nudge,Low sleep,watch
2026-05-11,rohan05,2.6,2.5,7.1,3.8,4.1,1,No action,Took a short walk,stable
2026-05-12,rohan05,3.6,2.4,7.3,2.6,3.5,1,No action,Busy timetable,stable
2026-05-13,rohan05,3.8,2.1,7.2,3.1,3.4,1,No action,Felt supported,stable
2026-05-14,rohan05,2.8,3,7.6,2.8,3,1,No action,Quiet day,elevated
2026-05-15,rohan05,3.6,3.1,7.1,3.5,3,1,Gentle nudge,Steady day,watch
2026-05-16,rohan05,2.7,3.1,7.1,2.8,3.9,1,No action,Deadline pressure,elevated
2026-05-17,rohan05,1.9,3.3,6.8,4.1,2.5,1,Gentle nudge,Good peer contact,elevated
2026-05-18,rohan05,3.7,2.3,7.5,3.5,4,1,No action,Low sleep,stable
2026-05-19,rohan05,3.6,2,7.4,4,4.3,1,No action,Took a short walk,stable
2026-05-20,rohan05,3.3,1.7,8.5,3.5,3.2,1,No action,Busy timetable,stable
2026-05-21,rohan05,3.5,1.8,7.6,3.2,3.2,1,No action,Felt supported,stable
2026-05-22,rohan05,3.9,2.2,7.5,3.5,3.9,1,No action,Quiet day,stable
2026-05-23,rohan05,3.1,3.3,7.7,3.4,3,1,No action,Steady day,elevated
2026-05-24,rohan05,2.7,2.6,6.7,3.7,3.7,1,No action,Deadline pressure,watch
2026-05-25,rohan05,3.7,2.1,8,3.7,3.6,1,No action,Good peer contact,stable
2026-05-26,rohan05,3.6,1.7,7.1,3.1,3.7,1,No action,Low sleep,stable
2026-05-27,rohan05,3.6,3.2,7.6,3.8,3.6,1,No action,Took a short walk,stable
2026-05-28,rohan05,4.1,2.1,7.7,3.1,3.6,1,No action,Busy timetable,stable
2026-05-29,rohan05,3.6,1.8,7.1,3.6,3,1,No action,Felt supported,stable
2026-05-30,rohan05,3.2,1.9,7,3.4,3.5,1,No action,Quiet day,stable
2026-05-31,rohan05,3.4,2.3,7.5,3.9,2.7,1,No action,Steady day,stable
2026-06-01,rohan05,3,2.7,8,2.9,3.3,1,No action,Deadline pressure,watch
2026-06-02,rohan05,3.5,2.4,7.6,3.7,3.3,1,No action,Good peer contact,stable
2026-06-03,rohan05,4,2.8,7.5,3.8,3.9,1,No action,Low sleep,stable
2026-06-04,rohan05,4.2,2.1,7.9,4.1,3.6,1,No action,Took a short walk,stable
2026-06-05,rohan05,3.2,3.1,7.4,3.4,4.4,1,No action,Busy timetable,stable
2026-06-06,rohan05,2.8,3,6.5,3.1,2.9,1,No action,Felt supported,elevated
2026-06-07,rohan05,3.6,3.2,6.8,3.3,2.8,1,No action,Quiet day,watch
2026-06-08,rohan05,3,1.8,6.5,3.6,3.4,1,No action,Steady day,stable
2026-06-09,rohan05,4.1,2.3,7.6,4,3.6,1,No action,Deadline pressure,stable
2026-06-10,rohan05,4.2,2,7.5,3.8,4,1,No action,Good peer contact,stable
2026-06-11,rohan05,3.5,3,7.7,3.7,2.8,1,No action,Low sleep,watch
2026-06-12,rohan05,3.1,3.1,7.4,3.2,4.1,1,No action,Took a short walk,watch
2026-06-13,rohan05,2.9,1.7,7.2,3.6,3.7,1,No action,Busy timetable,stable
2026-06-14,rohan05,3.3,2.6,7.2,3.8,4.1,1,No action,Felt supported,stable
2026-06-15,rohan05,3.7,1.6,7.8,4.1,4.3,1,No action,Quiet day,stable
2026-06-16,rohan05,3.8,1.5,7.6,3.6,3.8,1,No action,Steady day,stable
2026-06-17,rohan05,3.9,2.4,7.5,3.8,4.1,1,No action,Deadline pressure,stable
2026-06-18,rohan05,3.5,2,7.6,3.9,3.2,1,No action,Good peer contact,stable
2026-06-19,rohan05,2.7,2.4,7.4,3.2,4.1,1,Gentle nudge,Low sleep,stable
2026-06-20,rohan05,3.8,2.7,6.5,4.2,3.6,1,No action,Took a short walk,stable
2026-06-21,rohan05,2.6,2.8,7.1,3.3,3.4,1,No action,Busy timetable,watch
2026-06-22,rohan05,3.5,2.3,7.2,3.6,3.1,1,No action,Felt supported,stable
2026-06-23,rohan05,3.1,2.8,7.1,2.9,2.9,1,No action,Quiet day,elevated
2026-06-24,rohan05,3.1,3,7.3,3.7,3.9,1,No action,Steady day,stable
2026-06-25,rohan05,3,2.6,7.8,3.6,3.5,1,No action,Deadline pressure,stable
2026-06-26,rohan05,3.2,2.3,6.7,2.7,3.3,1,No action,Good peer contact,watch
2026-06-27,rohan05,2.4,2.4,7.8,3.5,2.6,1,No action,Low sleep,watch
2026-06-28,rohan05,3.3,2.3,7.1,4.3,3.5,1,No action,Took a short walk,stable
2026-06-29,rohan05,4.2,1.7,7.6,4.1,3.4,1,No action,Busy timetable,stable
2026-06-30,rohan05,4.3,1.2,8.2,3.5,3.8,1,No action,Felt supported,stable
2026-07-01,rohan05,4.3,1.6,7.1,4.5,3.9,1,No action,Quiet day,stable
2026-07-02,rohan05,4,1.9,8.2,4.2,2.9,1,No action,Steady day,stable
2026-07-03,rohan05,4,2.5,6.8,3.9,3.4,1,No action,Deadline pressure,stable
2026-07-04,rohan05,3.1,1.7,7.4,4.8,3,1,No action,Good peer contact,stable
2026-07-05,rohan05,3.4,1.9,7.4,4.3,3,1,No action,Low sleep,stable
2026-07-06,rohan05,3.8,2.5,7.4,4.3,3.7,1,No action,Took a short walk,stable
2026-07-07,rohan05,4.6,1.7,8.1,3.5,4.2,1,No action,Busy timetable,stable
2026-07-08,rohan05,4.2,1.6,7.4,3.5,4.1,1,No action,Felt supported,stable
2026-07-09,rohan05,3.3,1.7,7.4,4.3,3.1,1,No action,Quiet day,stable
2026-07-10,rohan05,4.5,2.1,7.7,3.3,4,1,No action,Steady day,stable
2026-07-11,rohan05,3,1.6,7.4,4.2,3.7,1,No action,Deadline pressure,stable
2026-07-12,rohan05,3.7,2.2,7.7,3.3,3.9,1,No action,Good peer contact,stable
2026-07-13,rohan05,3.2,1.1,7.1,4.7,3.5,1,No action,Low sleep,stable
2026-07-14,rohan05,3.5,2,8.5,4.2,3.5,1,No action,Took a short walk,stable
2026-07-15,rohan05,3.2,2.2,7.7,4,4.3,1,No action,Busy timetable,stable
2026-07-16,rohan05,3.7,2,7.7,4.2,2.9,1,No action,Felt supported,stable
2026-07-17,rohan05,4.2,2.3,6.8,3.5,3.3,1,No action,Quiet day,stable
2026-07-18,rohan05,3.5,1.5,7.3,3.9,3.2,1,No action,Steady day,stable
2026-07-19,rohan05,3.7,2.1,7.2,3.9,4.5,1,No action,Deadline pressure,stable
2026-07-20,rohan05,4.5,2.1,7.7,4.1,4.3,1,No action,Good peer contact,stable
2026-07-21,rohan05,3.7,1.8,6.5,4.5,3.7,1,No action,Low sleep,stable
2026-07-22,rohan05,4,1.1,8.4,3.7,4.4,1,No action,Took a short walk,stable
2026-07-23,rohan05,4.4,1.2,7.5,4.9,3.6,1,No action,Busy timetable,stable
2026-07-24,rohan05,4.6,1,6.6,4.4,4.2,1,No action,Felt supported,stable
2026-07-25,rohan05,3.6,2.1,7.9,4,3.5,1,No action,Quiet day,stable
2026-07-26,rohan05,3.6,1.9,7.5,3.6,4.6,1,No action,Steady day,stable
2026-07-27,rohan05,4.1,1.8,7.8,3.8,3.3,1,No action,Deadline pressure,stable
2026-07-28,rohan05,3.2,2,7.9,4,3.8,1,No action,Good peer contact,stable
2026-07-29,rohan05,3.5,1.9,8.1,3.6,3.7,1,No action,Low sleep,stable
2026-07-30,rohan05,3.6,2.8,8.2,4.3,2.7,1,No action,Took a short walk,stable
2026-07-31,rohan05,3.7,2.3,7,3.6,3.2,1,No action,Busy timetable,stable
2026-08-01,rohan05,3.3,2.2,7.2,3.7,3.8,1,No action,Felt supported,stable
2026-08-02,rohan05,3.7,2.2,7.5,3.9,4.1,1,No action,Quiet day,stable
2026-08-03,rohan05,3.7,2.1,7.1,3.3,3.7,1,No action,Steady day,stable
2026-08-04,rohan05,3.9,2.1,7.7,2.8,3.9,1,No action,Deadline pressure,stable
2026-08-05,rohan05,3.7,2.3,7.9,3.4,3.5,1,No action,Good peer contact,stable
2026-08-06,rohan05,3.7,1.9,6.1,3.2,3.7,1,No action,Low sleep,stable
2026-08-07,rohan05,3.5,2.8,7.3,3.1,3.2,1,Gentle nudge,Took a short walk,watch
2026-08-08,rohan05,3.1,2.8,7.5,3,3.9,1,No action,Busy timetable,watch
2026-08-09,rohan05,2.9,3.1,7.6,3.3,3.5,1,Gentle nudge,Felt supported,watch
2026-08-10,rohan05,3.2,3.4,7.7,3.2,3.5,1,Gentle nudge,Quiet day,watch
2026-08-11,rohan05,4.6,2.9,7,2.7,3.8,1,No action,Steady day,stable
2026-08-12,rohan05,3,2.7,7.3,3.3,3.5,1,No action,Deadline pressure,watch
2026-08-13,rohan05,3.4,2.5,7.8,3.5,2.7,1,No action,Good peer contact,watch
2026-08-14,rohan05,2.9,2.3,6.4,3.3,3.1,1,No action,Low sleep,watch
2026-08-15,rohan05,3.3,2.6,6.8,3.7,2.5,1,Gentle nudge,Took a short walk,watch
2026-08-16,rohan05,3.1,3.2,7.3,3.2,3.7,1,Self-guided support,Busy timetable,watch
2026-08-17,rohan05,3.1,3.5,6.5,3.3,3.3,1,Gentle nudge,Felt supported,elevated
2026-08-18,rohan05,3,3.3,6.2,2.8,2.7,1,Gentle nudge,Quiet day,elevated
2026-08-19,rohan05,2.9,3,6.7,3.2,2.9,1,Gentle nudge,Steady day,elevated
2026-08-20,rohan05,2.6,3.3,7.3,2.7,2.7,1,Gentle nudge,Deadline pressure,elevated
2026-08-21,rohan05,2.3,3,7.1,3.5,2.1,1,Self-guided support,Good peer contact,elevated
2026-08-22,rohan05,2.6,3,6.7,2.3,2.5,1,Self-guided support,Low sleep,elevated
2026-08-23,rohan05,2.5,3.7,6.4,3.1,3.5,1,Gentle nudge,Took a short walk,elevated
2026-08-24,rohan05,2.9,2.9,7.6,3.6,2.5,1,No action,Busy timetable,elevated
2026-08-25,rohan05,4,2.6,7.5,3.9,3.4,1,No action,Felt supported,stable
2026-08-26,rohan05,2.6,3,5.9,3.2,2.9,1,No action,Quiet day,elevated
2026-08-27,rohan05,2.7,2.4,7,3.4,3.6,1,No action,Steady day,watch
2026-08-28,rohan05,3,2.3,8.7,3.2,3.3,1,No action,Deadline pressure,stable
2026-08-29,rohan05,3,2.8,7.1,4.4,3.3,1,No action,Good peer contact,stable
2026-08-30,rohan05,3.4,2.7,6.9,3.9,3.8,1,No action,Low sleep,stable
2026-08-31,rohan05,3.8,2.2,7.7,3.3,3.8,1,No action,Took a short walk,stable
2026-09-01,rohan05,3.8,1.9,6.6,3.7,3.5,1,No action,Busy timetable,stable
2026-09-02,rohan05,3.1,1.8,8.3,3.8,4.2,1,No action,Felt supported,stable
2026-09-03,rohan05,3.1,2.4,7.3,4,3.8,1,No action,Quiet day,stable
2026-09-04,rohan05,4.1,3,7.5,4.2,3.6,1,No action,Steady day,stable
2026-09-05,rohan05,2.5,1.9,6.4,2.7,3.4,1,No action,Deadline pressure,watch
2026-09-06,rohan05,3.6,2.3,7.5,4.2,3.5,1,No action,Good peer contact,stable
2026-09-07,rohan05,3.3,2.6,6.6,3.7,4.2,1,No action,Low sleep,stable
2026-09-08,rohan05,4,1.9,8,3.2,3.9,1,No action,Took a short walk,stable
2026-09-09,rohan05,3.9,2.3,7.4,3.4,3.3,1,No action,Busy timetable,stable
2026-09-10,rohan05,3.2,2.3,7.1,3.2,3.1,1,No action,Felt supported,watch
2026-09-11,rohan05,3.9,2.4,7.1,3.1,3.2,1,No action,Quiet day,stable
2026-09-12,rohan05,3.2,2.6,6.6,3.2,3.8,1,No action,Steady day,stable
2026-09-13,rohan05,2.1,2.7,7.5,3.4,3.9,1,No action,Deadline pressure,watch
2026-09-14,rohan05,3.5,1.7,7.5,2.9,2.7,1,No action,Good peer contact,stable
2026-09-15,rohan05,3.7,2,7.3,2.9,4,1,No action,Low sleep,stable
2026-09-16,rohan05,3.2,1.5,7.7,4.1,4,1,No action,Took a short walk,stable
2026-09-17,rohan05,3.6,1.9,7.5,3.4,3.6,1,No action,Busy timetable,stable
2026-09-18,rohan05,3.9,2.4,6.5,3.1,3.1,1,No action,Felt supported,stable
2026-09-19,rohan05,3.7,2.7,7.6,3.7,3.9,1,No action,Quiet day,stable
2026-03-24,demo06,3.4,2.7,7.7,3.1,3.6,1,No action,Quiet day,stable
2026-03-25,demo06,3.8,2.1,7,2.9,3.4,1,No action,Steady day,stable
2026-03-26,demo06,2.8,2.3,7,3.5,3,1,Gentle nudge,Deadline pressure,watch
2026-03-27,demo06,3.5,2.7,6.6,3.9,3.5,1,Gentle nudge,Good peer contact,stable
2026-03-28,demo06,3.4,2.8,6.7,2.8,2.9,1,No action,Low sleep,watch
2026-03-29,demo06,4.1,3,7,2.8,3.3,1,No action,Took a short walk,watch
2026-03-30,demo06,3.9,2.5,7.2,2.8,3.6,1,No action,Busy timetable,stable
2026-03-31,demo06,3.7,2.1,5.9,3.8,3.3,1,Gentle nudge,Felt supported,stable
2026-04-01,demo06,3.1,3.4,6.8,3.1,3.5,1,Self-guided support,Quiet day,elevated
2026-04-02,demo06,2.7,3.4,6.2,3.2,2.1,1,Self-guided support,Steady day,elevated
2026-04-03,demo06,3.1,2.7,6.9,2.3,2.5,1,Self-guided support,Deadline pressure,elevated
2026-04-04,demo06,3,2.8,6.6,3.3,3.1,1,Gentle nudge,Good peer contact,watch
2026-04-05,demo06,2.9,2.9,6.5,2.1,2.8,1,No action,Low sleep,elevated
2026-04-06,demo06,2.7,2.8,6.3,3.7,3.2,1,No action,Took a short walk,watch
2026-04-07,demo06,3.3,2.1,7.1,3.2,3.3,1,No action,Busy timetable,stable
2026-04-08,demo06,3.4,3,7.2,3.7,3.6,1,Gentle nudge,Felt supported,stable
2026-04-09,demo06,3.2,3.8,6.3,2.4,2.6,1,Self-guided support,Quiet day,elevated
2026-04-10,demo06,3.1,3.3,6.8,2.7,3.7,1,Gentle nudge,Steady day,elevated
2026-04-11,demo06,3.2,3.1,6.9,2.5,4.3,1,No action,Deadline pressure,watch
2026-04-12,demo06,3.8,3.1,7.4,4.1,2.9,1,No action,Good peer contact,stable
2026-04-13,demo06,3.9,1.9,7.5,4,3.4,1,No action,Low sleep,stable
2026-04-14,demo06,3.9,2.4,7.3,4.2,3.1,1,No action,Took a short walk,stable
2026-04-15,demo06,3.7,1.2,7.6,3.9,4,1,No action,Busy timetable,stable
2026-04-16,demo06,3.8,1.6,7.7,2.9,3.3,1,No action,Felt supported,stable
2026-04-17,demo06,3.6,2.2,8,4.6,4.5,1,No action,Quiet day,stable
2026-04-18,demo06,4.4,1.9,7.4,3.5,4.1,1,No action,Steady day,stable
2026-04-19,demo06,4.3,1.1,8.9,4.5,3.4,1,No action,Deadline pressure,stable
2026-04-20,demo06,4.7,1,7.4,5,4.2,1,No action,Good peer contact,stable
2026-04-21,demo06,3.8,1.3,7.4,3.9,3.2,1,No action,Low sleep,stable
2026-04-22,demo06,3.7,2.1,7.3,3.5,2.8,1,No action,Took a short walk,stable
2026-04-23,demo06,2.5,2.7,6.4,3.5,3.3,1,No action,Busy timetable,watch
2026-04-24,demo06,3.6,1.9,7.5,3.3,3.9,1,No action,Felt supported,stable
2026-04-25,demo06,3.3,2,8.2,3.7,3.2,1,No action,Quiet day,stable
2026-04-26,demo06,3.5,1.9,7.1,3.2,3.5,1,No action,Steady day,stable
2026-04-27,demo06,4.1,2,7.5,4.2,3.9,1,No action,Deadline pressure,stable
2026-04-28,demo06,3.9,1.9,7,4.1,4,1,No action,Good peer contact,stable
2026-04-29,demo06,3,2.4,7.2,4.1,2.7,1,No action,Low sleep,stable
2026-04-30,demo06,3.5,2,7.4,3.6,2.7,1,No action,Took a short walk,stable
2026-05-01,demo06,3.9,2.7,7,3.5,2.9,1,No action,Busy timetable,stable
2026-05-02,demo06,3.4,2.3,6.7,3.3,3.7,1,No action,Felt supported,stable
2026-05-03,demo06,4,2.2,7.7,3.4,3.3,1,No action,Quiet day,stable
2026-05-04,demo06,3.1,3.1,7.1,2.6,3.1,1,No action,Steady day,elevated
2026-05-05,demo06,2.2,2.1,7.3,2.7,3,1,Gentle nudge,Deadline pressure,elevated
2026-05-06,demo06,3,2.8,7.4,3.6,3.5,1,Gentle nudge,Good peer contact,watch
2026-05-07,demo06,3.2,3,6.3,3.5,3.1,1,Gentle nudge,Low sleep,watch
2026-05-08,demo06,3,2.4,6.7,3,3.8,1,No action,Took a short walk,stable
2026-05-09,demo06,3,2.3,7.3,3.3,3.7,1,No action,Busy timetable,stable
2026-05-10,demo06,3.7,2.1,7.4,4,3.9,1,No action,Felt supported,stable
2026-05-11,demo06,4.3,2.1,7,3.8,3.6,1,No action,Quiet day,stable
2026-05-12,demo06,3.7,2.3,6.8,3.5,3.4,1,No action,Steady day,stable
2026-05-13,demo06,3.1,2.7,6.6,3.7,3.8,1,No action,Deadline pressure,stable
2026-05-14,demo06,2.2,2.5,7.4,3.1,2.7,1,No action,Good peer contact,elevated
2026-05-15,demo06,3.9,2.4,6.5,2.6,3.5,1,No action,Low sleep,stable
2026-05-16,demo06,3.6,2.2,6.9,3.3,3.2,1,No action,Took a short walk,stable
2026-05-17,demo06,4.1,1.9,8.1,4.5,4.1,1,No action,Busy timetable,stable
2026-05-18,demo06,3.4,1.4,7.9,3.2,3.8,1,No action,Felt supported,stable
2026-05-19,demo06,4.1,2.3,8.1,4.3,4,1,No action,Quiet day,stable
2026-05-20,demo06,4.2,2.4,6.9,4.3,3.9,1,No action,Steady day,stable
2026-05-21,demo06,3.2,2.9,6.7,3.4,3.8,1,No action,Deadline pressure,watch
2026-05-22,demo06,3.8,2.5,7.4,4.1,3.1,1,No action,Good peer contact,stable
2026-05-23,demo06,3.3,3.1,7.3,3.8,3.2,1,No action,Low sleep,watch
2026-05-24,demo06,4.2,2,8.7,3.8,4.2,1,No action,Took a short walk,stable
2026-05-25,demo06,3.3,2.2,8.1,4.9,4.1,1,No action,Busy timetable,stable
2026-05-26,demo06,3.9,1.9,7.8,3.8,3.2,1,No action,Felt supported,stable
2026-05-27,demo06,3.2,2.3,7.1,3.2,3.3,1,No action,Quiet day,stable
2026-05-28,demo06,3.7,1.9,6.8,3.8,3,1,No action,Steady day,stable
2026-05-29,demo06,3.7,2.5,7.8,3.4,3.9,1,No action,Deadline pressure,stable
2026-05-30,demo06,3.3,1.4,6.7,3.6,3.2,1,No action,Good peer contact,stable
2026-05-31,demo06,3.9,2,7.1,3.3,3.7,1,No action,Low sleep,stable
2026-06-01,demo06,3,2,6.9,3.3,4.3,1,No action,Took a short walk,stable
2026-06-02,demo06,3.6,2.2,6.7,3.4,3.6,1,No action,Busy timetable,stable
2026-06-03,demo06,2.8,2.8,7.6,3.3,3.8,1,Gentle nudge,Felt supported,watch
2026-06-04,demo06,3.5,2.4,7,2.7,3.8,1,No action,Quiet day,stable
2026-06-05,demo06,3.2,2.3,6.5,3.6,4,1,No action,Steady day,stable
2026-06-06,demo06,4.2,2.5,6.9,3.2,2.6,1,No action,Deadline pressure,stable
2026-06-07,demo06,4,1.3,7.3,3.2,3.8,1,No action,Good peer contact,stable
2026-06-08,demo06,3.8,2.1,7.9,3.4,3.3,1,No action,Low sleep,stable
2026-06-09,demo06,4.3,2.2,7.5,4.3,3.8,1,No action,Took a short walk,stable
2026-06-10,demo06,3.3,3,7.2,2.6,3.2,1,No action,Busy timetable,elevated
2026-06-11,demo06,2.8,3.1,6.4,3.8,2.8,1,No action,Felt supported,elevated
2026-06-12,demo06,2.8,3.3,6.3,3.7,3.6,1,Gentle nudge,Quiet day,watch
2026-06-13,demo06,3.1,3.5,7.5,2.6,3.7,1,Gentle nudge,Steady day,elevated
2026-06-14,demo06,3.3,2.4,6.7,3.3,3,1,No action,Deadline pressure,watch
2026-06-15,demo06,4.3,2.4,7.9,3.8,2.6,1,No action,Good peer contact,stable
2026-06-16,demo06,4,2.3,7.9,3.3,3.8,1,No action,Low sleep,stable
2026-06-17,demo06,3.6,2.5,6.7,3.3,3.2,1,No action,Took a short walk,stable
2026-06-18,demo06,2.5,3.2,6.7,3.2,3.2,1,Gentle nudge,Busy timetable,elevated
2026-06-19,demo06,3.3,2.6,5.8,3.3,3.1,1,No action,Felt supported,watch
2026-06-20,demo06,2.7,2.8,7.9,3.7,3.7,1,No action,Quiet day,watch
2026-06-21,demo06,4.1,2.1,7.6,4.2,3.1,1,No action,Steady day,stable
2026-06-22,demo06,4,1,7,3.2,3,1,No action,Deadline pressure,stable
2026-06-23,demo06,3.3,2.2,8.1,3.9,3.2,1,No action,Good peer contact,stable
2026-06-24,demo06,4.1,1.7,7.3,3.9,3.8,1,No action,Low sleep,stable
2026-06-25,demo06,4,1.9,6.9,3.9,3.2,1,No action,Took a short walk,stable
2026-06-26,demo06,3.4,2.6,7.4,3.6,3.3,1,No action,Busy timetable,stable
2026-06-27,demo06,2.9,1.9,8.9,3.4,3.1,1,No action,Felt supported,stable
2026-06-28,demo06,4.1,1.6,7.7,3.8,4,1,No action,Quiet day,stable
2026-06-29,demo06,4.4,2,6.9,4.1,3.5,1,No action,Steady day,stable
2026-06-30,demo06,3.8,1.7,7,4.4,4,1,No action,Deadline pressure,stable
2026-07-01,demo06,4,1.6,6.9,3.3,3.7,1,No action,Good peer contact,stable
2026-07-02,demo06,4.5,2.1,8,4,3.8,1,No action,Low sleep,stable
2026-07-03,demo06,4,1.9,6.7,4.3,3.8,1,No action,Took a short walk,stable
2026-07-04,demo06,3.2,2.1,6.7,3.6,3.3,1,No action,Busy timetable,stable
2026-07-05,demo06,3.4,2.5,7.9,4.4,3.2,1,No action,Felt supported,stable
2026-07-06,demo06,4,1.9,7.6,3.4,3.3,1,No action,Quiet day,stable
2026-07-07,demo06,3.1,2.5,7,2.9,3,1,Gentle nudge,Steady day,watch
2026-07-08,demo06,3,2.9,6.5,3.3,3.3,1,Gentle nudge,Deadline pressure,watch
2026-07-09,demo06,2.5,3.3,7.1,2.7,3.4,1,Gentle nudge,Good peer contact,elevated
2026-07-10,demo06,3.2,2.9,7.5,3.3,3.9,1,Gentle nudge,Low sleep,stable
2026-07-11,demo06,3.2,2.8,7.2,3.2,3.5,1,No action,Took a short walk,watch
2026-07-12,demo06,3.5,2.3,8,3.2,3.5,1,No action,Busy timetable,stable
2026-07-13,demo06,3.8,1.8,8,4.1,3.8,1,No action,Felt supported,stable
2026-07-14,demo06,3.2,2.2,7.7,4,2.9,1,No action,Quiet day,stable
2026-07-15,demo06,3.5,3.1,7,3.4,3.8,1,No action,Steady day,stable
2026-07-16,demo06,3.2,2.8,7.7,2.9,3.8,1,No action,Deadline pressure,watch
2026-07-17,demo06,3.1,2.5,7.2,3.1,2.4,1,No action,Good peer contact,watch
2026-07-18,demo06,2.8,3.1,6.7,3.7,4,1,No action,Low sleep,watch
2026-07-19,demo06,4.1,2.5,6.9,3.8,3.6,1,No action,Took a short walk,stable
2026-07-20,demo06,3.3,2.3,6.9,3.1,3.7,1,No action,Busy timetable,stable
2026-07-21,demo06,3.2,2.4,8,4.1,2.8,1,No action,Felt supported,stable
2026-07-22,demo06,3.8,2.2,6.1,3.4,3.6,1,No action,Quiet day,stable
2026-07-23,demo06,3.6,2.3,7,2.5,3.5,1,No action,Steady day,stable
2026-07-24,demo06,3.6,2.3,7.4,3.7,2.7,1,No action,Deadline pressure,stable
2026-07-25,demo06,4.5,1.7,6.5,3.7,4.2,1,No action,Good peer contact,stable
2026-07-26,demo06,3.5,1.5,7.3,4,3.8,1,No action,Low sleep,stable
2026-07-27,demo06,4,2,7.8,3.1,2.9,1,No action,Took a short walk,stable
2026-07-28,demo06,3,2.9,6.9,4,3.7,1,Gentle nudge,Busy timetable,stable
2026-07-29,demo06,3.7,2.4,6.9,3.2,3.2,1,Gentle nudge,Felt supported,stable
2026-07-30,demo06,3.2,2.8,7.1,3.2,3.6,1,Gentle nudge,Quiet day,watch
2026-07-31,demo06,3.3,2.9,6.5,3.8,3.1,1,Gentle nudge,Steady day,watch
2026-08-01,demo06,3.5,2.1,7,3.2,2.7,1,Gentle nudge,Deadline pressure,stable
2026-08-02,demo06,3.1,3.2,6.6,2.4,3.6,1,Gentle nudge,Good peer contact,elevated
2026-08-03,demo06,2.5,2.9,6.8,3.1,2.5,1,Gentle nudge,Low sleep,elevated
2026-08-04,demo06,2.8,2.7,7.1,3.9,3.5,1,Gentle nudge,Took a short walk,stable
2026-08-05,demo06,3.2,2.7,7,4.2,3.4,1,Self-guided support,Busy timetable,stable
2026-08-06,demo06,2.5,4.1,6.9,2.8,3,1,Self-guided support,Felt supported,elevated
2026-08-07,demo06,2.5,3.7,6.6,2,2.3,1,Self-guided support,Quiet day,elevated
2026-08-08,demo06,2.4,3.9,6.2,2.6,3.4,1,Self-guided support,Steady day,elevated
2026-08-09,demo06,2.5,2.9,7.1,3.8,3,1,Gentle nudge,Deadline pressure,elevated
2026-08-10,demo06,3.1,2.6,5.7,3.7,2.5,1,Gentle nudge,Good peer contact,watch
2026-08-11,demo06,2.4,2.7,7.9,3.2,3.1,1,Gentle nudge,Low sleep,elevated
2026-08-12,demo06,3.2,3.2,6.6,2.4,2.9,1,Gentle nudge,Took a short walk,elevated
2026-08-13,demo06,2.8,3.2,6.6,2.5,2.6,1,Self-guided support,Busy timetable,elevated
2026-08-14,demo06,2.4,3,7,3.5,3.1,1,Self-guided support,Felt supported,elevated
2026-08-15,demo06,3.1,2.7,6.8,3.3,2.8,1,Gentle nudge,Quiet day,watch
2026-08-16,demo06,3.3,1.9,6.5,3.7,3.8,1,No action,Steady day,stable
2026-08-17,demo06,3.2,2.2,6.4,2.8,2.9,1,No action,Deadline pressure,watch
2026-08-18,demo06,2.6,3.2,6,3.6,3.1,1,Gentle nudge,Good peer contact,elevated
2026-08-19,demo06,2.6,3,6.8,3,2.8,1,Self-guided support,Low sleep,elevated
2026-08-20,demo06,2.3,3.7,5.8,2.8,2.4,1,Self-guided support,Took a short walk,elevated
2026-08-21,demo06,2.5,3.1,6.5,3.3,2.9,1,Self-guided support,Busy timetable,elevated
2026-08-22,demo06,2.3,3.4,7.1,3.2,2.6,1,Gentle nudge,Felt supported,elevated
2026-08-23,demo06,2.6,3,5.8,4.4,3.2,1,Gentle nudge,Quiet day,watch
2026-08-24,demo06,2.3,2.6,7.4,3.3,3.8,1,No action,Steady day,watch
2026-08-25,demo06,2.7,3,6.5,3.6,2.8,1,Gentle nudge,Deadline pressure,elevated
2026-08-26,demo06,3.2,2.6,7.7,3.6,3.3,1,No action,Good peer contact,stable
2026-08-27,demo06,2.9,2.6,7,3.3,3,1,No action,Low sleep,watch
2026-08-28,demo06,2.8,2.8,7.4,3.3,3,1,Gentle nudge,Took a short walk,watch
2026-08-29,demo06,3.4,3.2,7.6,3.9,3.1,1,No action,Busy timetable,watch
2026-08-30,demo06,4.3,2,7.6,3.9,4.4,1,No action,Felt supported,stable
2026-08-31,demo06,3.6,2.2,6.7,4.3,4.3,1,No action,Quiet day,stable
2026-09-01,demo06,3.3,1.8,7.2,4,3.5,1,No action,Steady day,stable
2026-09-02,demo06,4.4,2.1,7.2,3.5,3.8,1,No action,Deadline pressure,stable
2026-09-03,demo06,3.5,2.7,7.1,4.1,3,1,No action,Good peer contact,stable
2026-09-04,demo06,3.3,2.4,7.4,3.5,3.6,1,No action,Low sleep,stable
2026-09-05,demo06,2.7,2.3,7.1,3,3.4,1,No action,Took a short walk,watch
2026-09-06,demo06,3.4,2.3,6.9,3.1,3.4,1,No action,Busy timetable,stable
2026-09-07,demo06,3.5,2.4,7.7,2.8,3.2,1,No action,Felt supported,stable
2026-09-08,demo06,3.7,2.4,7.4,3.3,2.9,1,No action,Quiet day,stable
2026-09-09,demo06,3.3,2.7,7.1,3.1,3.4,1,No action,Steady day,watch
2026-09-10,demo06,2.8,2.1,5.9,3.4,3.6,1,No action,Deadline pressure,stable
2026-09-11,demo06,3.6,2.4,5.8,4.2,3,1,No action,Good peer contact,stable
2026-09-12,demo06,3.1,2.5,7,3.8,3.3,1,No action,Low sleep,stable
2026-09-13,demo06,3.3,2.8,8.9,3.7,3.5,1,No action,Took a short walk,stable
2026-09-14,demo06,3,2.5,6.6,3.8,3.3,1,No action,Busy timetable,stable
2026-09-15,demo06,3.2,2.7,7.9,3.2,3.7,1,No action,Felt supported,stable
2026-09-16,demo06,3.5,3,7.6,3.7,2.7,1,No action,Quiet day,watch
2026-09-17,demo06,3.3,2.5,7.5,3.5,3.6,1,No action,Steady day,stable
2026-09-18,demo06,3.7,2.9,6.8,3,3.1,1,No action,Deadline pressure,watch
2026-09-19,demo06,3.6,2,7.8,3.4,2.7,1,No action,Good peer contact,stable
2026-03-24,demo07,3.3,2.4,7.5,4.4,3.4,1,No action,Good peer contact,stable
2026-03-25,demo07,4.6,2.1,7.5,4.4,3.8,1,No action,Low sleep,stable
2026-03-26,demo07,3.5,2,7,3.4,3.1,1,No action,Took a short walk,stable
2026-03-27,demo07,3.5,1.9,7.8,3.7,3.6,1,No action,Busy timetable,stable
2026-03-28,demo07,3.4,3.3,7.1,3.2,3.3,1,No action,Felt supported,watch
2026-03-29,demo07,3.3,2.5,6.5,3.5,3,1,No action,Quiet day,watch
2026-03-30,demo07,3.2,2.5,7,3.1,3.8,1,No action,Steady day,stable
2026-03-31,demo07,3.4,2.4,6.8,3.8,4.2,1,No action,Deadline pressure,stable
2026-04-01,demo07,3.5,1.5,6.8,4,3.9,1,No action,Good peer contact,stable
2026-04-02,demo07,3.1,2.7,6.7,3.8,3.5,1,No action,Low sleep,stable
2026-04-03,demo07,3,2.9,7.1,3.2,3.3,1,No action,Took a short walk,watch
2026-04-04,demo07,3.2,2.4,6.2,3.4,3.3,1,No action,Busy timetable,stable
2026-04-05,demo07,3,1.7,7.6,3.4,3.3,1,No action,Felt supported,stable
2026-04-06,demo07,3.6,2.3,7.5,3.4,4.1,1,No action,Quiet day,stable
2026-04-07,demo07,3.9,2.6,7.6,3.8,3,1,No action,Steady day,stable
2026-04-08,demo07,3.7,2.3,6.6,3.4,2.7,1,No action,Deadline pressure,stable
2026-04-09,demo07,3.5,2.6,6.7,2.8,3.5,1,No action,Good peer contact,watch
2026-04-10,demo07,3,2.9,7,3,3.7,1,Gentle nudge,Low sleep,watch
2026-04-11,demo07,2.3,2.6,7.9,2.6,4.2,1,Gentle nudge,Took a short walk,watch
2026-04-12,demo07,3,2.5,8.5,3.8,3,1,Gentle nudge,Busy timetable,stable
2026-04-13,demo07,3,3.2,6.4,3.1,3,1,No action,Felt supported,elevated
2026-04-14,demo07,2.3,2.2,6.9,3.8,3.7,1,No action,Quiet day,stable
2026-04-15,demo07,3.1,2.7,6.7,3.7,3.2,1,No action,Steady day,watch
2026-04-16,demo07,3.4,2.8,6.5,3,3.5,1,No action,Deadline pressure,watch
2026-04-17,demo07,3.4,2.8,7.2,3.1,3.1,1,No action,Good peer contact,watch
2026-04-18,demo07,3.3,3.2,6.7,3.2,3.6,1,No action,Low sleep,watch
2026-04-19,demo07,3.2,2.8,7.8,3,4,1,No action,Took a short walk,stable
2026-04-20,demo07,3.9,2.5,7.5,3.9,2.6,1,No action,Busy timetable,stable
2026-04-21,demo07,4.1,2.1,6.4,3.4,4,1,No action,Felt supported,stable
2026-04-22,demo07,4.2,2.5,7.6,4.1,3.3,1,No action,Quiet day,stable
2026-04-23,demo07,4.1,2.8,7,3.6,3.6,1,No action,Steady day,stable
2026-04-24,demo07,3.8,2,7,4.2,3.9,1,No action,Deadline pressure,stable
2026-04-25,demo07,3.3,1.8,7.4,3.8,3.4,1,No action,Good peer contact,stable
2026-04-26,demo07,3.1,2.3,6.9,4.1,3.5,1,No action,Low sleep,stable
2026-04-27,demo07,3.4,2.3,6.6,3.2,3.5,1,No action,Took a short walk,stable
2026-04-28,demo07,3.4,1.7,7.6,4,3,1,No action,Busy timetable,stable
2026-04-29,demo07,3.8,1.2,8.7,3.6,4.2,1,No action,Felt supported,stable
2026-04-30,demo07,3.2,2.6,6.9,3.6,3.9,1,No action,Quiet day,stable
2026-05-01,demo07,3.4,2.3,7.2,4.3,3.9,1,No action,Steady day,stable
2026-05-02,demo07,3.3,2.6,7.7,4,3,1,No action,Deadline pressure,stable
2026-05-03,demo07,3.7,2.3,7.2,3.6,2.9,1,No action,Good peer contact,stable
2026-05-04,demo07,3.2,2.8,7.4,4.4,3.4,1,No action,Low sleep,stable
2026-05-05,demo07,2.9,2.3,8.1,4.5,3.6,1,No action,Took a short walk,stable
2026-05-06,demo07,4.3,2,7.8,3.1,3.8,1,No action,Busy timetable,stable
2026-05-07,demo07,3.7,2.6,7.8,3.4,2.9,1,No action,Felt supported,stable
2026-05-08,demo07,3.5,2.3,7.3,4.6,3.6,1,No action,Quiet day,stable
2026-05-09,demo07,2.9,2.8,7.8,2.9,2.5,1,No action,Steady day,elevated
2026-05-10,demo07,3.1,2.6,8,3.6,3.7,1,No action,Deadline pressure,stable
2026-05-11,demo07,2.9,1.9,6.9,3.2,3.9,1,No action,Good peer contact,stable
2026-05-12,demo07,4.1,1.9,7.6,3.9,4.2,1,No action,Low sleep,stable
2026-05-13,demo07,3.1,2.1,6.6,3.4,3.5,1,No action,Took a short walk,stable
2026-05-14,demo07,3.5,2.4,7.1,3.7,3.4,1,No action,Busy timetable,stable
2026-05-15,demo07,2.3,3,7,2.7,3,1,Gentle nudge,Felt supported,elevated
2026-05-16,demo07,3,2.8,7.1,3.9,3.1,1,Gentle nudge,Quiet day,watch
2026-05-17,demo07,2.9,3.2,6.7,3.6,2.7,1,No action,Steady day,elevated
2026-05-18,demo07,3.7,2.2,7.7,3.9,3.5,1,No action,Deadline pressure,stable
2026-05-19,demo07,3,3.1,6.8,3.6,3.2,1,No action,Good peer contact,watch
2026-05-20,demo07,4.4,2.6,7,3.9,3.3,1,No action,Low sleep,stable
2026-05-21,demo07,2.7,2.7,7.5,2.9,3,1,Gentle nudge,Took a short walk,elevated
2026-05-22,demo07,2.3,2.8,6.8,3.4,3.5,1,Gentle nudge,Busy timetable,elevated
2026-05-23,demo07,2.4,2.7,7.4,2.9,4,1,No action,Felt supported,watch
2026-05-24,demo07,3.2,3.1,7.1,3.9,3.6,1,No action,Quiet day,stable
2026-05-25,demo07,4,2.4,7.1,3.4,4.1,1,No action,Steady day,stable
2026-05-26,demo07,4.4,2.2,8.1,4.3,3.3,1,No action,Deadline pressure,stable
2026-05-27,demo07,3.9,1.6,7.7,3.5,4.4,1,No action,Good peer contact,stable
2026-05-28,demo07,2.9,2.9,6.3,3.7,3.4,1,No action,Low sleep,watch
2026-05-29,demo07,3.2,1.8,7.8,4.2,4.2,1,No action,Took a short walk,stable
2026-05-30,demo07,3.9,1.9,6.9,3,3.1,1,No action,Busy timetable,stable
2026-05-31,demo07,4.9,1.7,6.5,3.8,4.1,1,No action,Felt supported,stable
2026-06-01,demo07,3.6,2.1,8.5,3.6,3.4,1,No action,Quiet day,stable
2026-06-02,demo07,4,2,8.2,3.6,3.8,1,No action,Steady day,stable
2026-06-03,demo07,3.9,2,7.6,4.1,3.8,1,No action,Deadline pressure,stable
2026-06-04,demo07,3.6,2.3,7.6,4.3,3.9,1,No action,Good peer contact,stable
2026-06-05,demo07,4,1.5,7.9,3.8,3.6,1,No action,Low sleep,stable
2026-06-06,demo07,3.4,1.9,7.5,4.1,3.5,1,No action,Took a short walk,stable
2026-06-07,demo07,3.7,2.9,7.5,3.2,4,1,No action,Busy timetable,stable
2026-06-08,demo07,4,2.2,8.5,4.3,3.9,1,No action,Felt supported,stable
2026-06-09,demo07,3,2.1,8.9,4.1,3.6,1,No action,Quiet day,stable
2026-06-10,demo07,2.8,2.7,7.5,3.5,3.2,1,No action,Steady day,watch
2026-06-11,demo07,3.7,2.3,7,3.9,3.5,1,No action,Deadline pressure,stable
2026-06-12,demo07,2.9,2.8,7.2,3.1,3.4,1,No action,Good peer contact,watch
2026-06-13,demo07,3.1,2.9,8,2.6,3.7,1,No action,Low sleep,watch
2026-06-14,demo07,3.6,2.4,8.2,3.8,4.1,1,No action,Took a short walk,stable
2026-06-15,demo07,4,1.7,7.5,3.9,3.4,1,No action,Busy timetable,stable
2026-06-16,demo07,3.9,2,7.6,4.3,3.6,1,No action,Felt supported,stable
2026-06-17,demo07,3.4,1.5,6.5,3.9,3.3,1,No action,Quiet day,stable
2026-06-18,demo07,3.7,2.1,8.2,3.6,4.2,1,No action,Steady day,stable
2026-06-19,demo07,3.2,1.6,8.2,3.6,4,1,No action,Deadline pressure,stable
2026-06-20,demo07,3.5,2.5,7.4,3.3,4.7,1,No action,Good peer contact,stable
2026-06-21,demo07,4,2.6,7.7,3.9,3.5,1,No action,Low sleep,stable
2026-06-22,demo07,4.1,1.5,7.7,4.3,3.5,1,No action,Took a short walk,stable
2026-06-23,demo07,4.1,1.6,7.5,3.2,3.4,1,No action,Busy timetable,stable
2026-06-24,demo07,3.7,2.1,6.8,4.2,3.6,1,No action,Felt supported,stable
2026-06-25,demo07,3.6,2.2,7.3,3.6,3.7,1,No action,Quiet day,stable
2026-06-26,demo07,3,3.4,6.7,3.9,2.8,1,No action,Steady day,elevated
2026-06-27,demo07,2.7,2.8,5.5,3.2,4.1,1,Gentle nudge,Deadline pressure,watch
2026-06-28,demo07,3.2,3,7,3.1,3.6,1,No action,Good peer contact,watch
2026-06-29,demo07,4.3,2.4,7.3,3.3,3.8,1,No action,Low sleep,stable
2026-06-30,demo07,3.9,2.4,7.5,3.7,4.3,1,No action,Took a short walk,stable
2026-07-01,demo07,2.6,2.9,6.7,3.4,2.9,1,No action,Busy timetable,elevated
2026-07-02,demo07,3.3,2.5,7.1,3.3,3.3,1,No action,Felt supported,stable
2026-07-03,demo07,3.6,2.6,7.4,3.8,3.3,1,No action,Quiet day,stable
2026-07-04,demo07,3.6,2.1,6.6,3.3,3.7,1,No action,Steady day,stable
2026-07-05,demo07,3.7,1.8,7.6,3.3,4.2,1,No action,Deadline pressure,stable
2026-07-06,demo07,3.3,1.6,8.3,4.8,3.9,1,No action,Good peer contact,stable
2026-07-07,demo07,4,2.4,6.9,4,3.5,1,No action,Low sleep,stable
2026-07-08,demo07,3.4,2.4,6.8,4.2,3.7,1,No action,Took a short walk,stable
2026-07-09,demo07,3.7,2.4,7.3,3.3,3.6,1,No action,Busy timetable,stable
2026-07-10,demo07,3.9,2.1,6.6,3.6,3.3,1,No action,Felt supported,stable
2026-07-11,demo07,3.6,2.5,6.8,3.2,3.5,1,No action,Quiet day,stable
2026-07-12,demo07,3.6,2,7.1,2.9,2.6,1,No action,Steady day,stable
2026-07-13,demo07,3.9,2.6,7.5,3.8,4,1,No action,Deadline pressure,stable
2026-07-14,demo07,3.2,1.8,6.9,3.4,4.4,1,No action,Good peer contact,stable
2026-07-15,demo07,3.9,2.6,7.1,3.8,3.6,1,No action,Low sleep,stable
2026-07-16,demo07,3.1,2.7,6.9,3.5,2.7,1,No action,Took a short walk,watch
2026-07-17,demo07,3.6,2.7,7.8,3.6,2.3,1,No action,Busy timetable,watch
2026-07-18,demo07,4.2,2.3,7.4,3.8,3.6,1,No action,Felt supported,stable
2026-07-19,demo07,3.5,2.2,7.3,3.8,3.1,1,No action,Quiet day,stable
2026-07-20,demo07,3.8,2.1,7.6,3.9,3.4,1,No action,Steady day,stable
2026-07-21,demo07,3.6,2.2,7.6,3.3,3.8,1,No action,Deadline pressure,stable
2026-07-22,demo07,3.3,2.2,7.5,3.8,3.5,1,No action,Good peer contact,stable
2026-07-23,demo07,3.8,2.3,7.2,3.4,3.2,1,No action,Low sleep,stable
2026-07-24,demo07,3.7,2.8,7.7,3,3.2,1,No action,Took a short walk,watch
2026-07-25,demo07,3.5,2.4,7.4,3.6,3.5,1,No action,Busy timetable,stable
2026-07-26,demo07,4.4,2.3,7.3,3.1,3.5,1,No action,Felt supported,stable
2026-07-27,demo07,3.6,2.4,7.2,4.4,3.2,1,No action,Quiet day,stable
2026-07-28,demo07,3.5,1.7,7.4,3.2,3.9,1,No action,Steady day,stable
2026-07-29,demo07,3.3,2.1,7.9,3.7,3,1,No action,Deadline pressure,stable
2026-07-30,demo07,2.4,2.5,6.8,3.3,3.3,1,Gentle nudge,Good peer contact,watch
2026-07-31,demo07,2.6,3.1,5.8,2.1,3.5,1,Self-guided support,Low sleep,elevated
2026-08-01,demo07,2.5,3.9,6.3,2.7,3.7,1,Self-guided support,Took a short walk,elevated
2026-08-02,demo07,2.4,3.7,6,3,2.2,1,Self-guided support,Busy timetable,elevated
2026-08-03,demo07,2.3,3.5,6.6,2.9,2.9,1,Self-guided support,Felt supported,elevated
2026-08-04,demo07,3.2,3.3,6.6,2.7,3.5,1,Gentle nudge,Quiet day,elevated
2026-08-05,demo07,2.9,2.6,6.6,2.6,2.7,1,Self-guided support,Steady day,elevated
2026-08-06,demo07,2.4,2.7,7,3.6,3.8,1,Gentle nudge,Deadline pressure,watch
2026-08-07,demo07,3,3.3,6.9,3.2,4,1,Gentle nudge,Good peer contact,watch
2026-08-08,demo07,2.3,2.9,7,3.2,3.3,1,Gentle nudge,Low sleep,elevated
2026-08-09,demo07,2.5,3.2,6,3.5,2.2,1,Gentle nudge,Took a short walk,elevated
2026-08-10,demo07,3,3.5,6.8,3.6,3.3,1,Gentle nudge,Busy timetable,elevated
2026-08-11,demo07,2.3,3.1,7.9,3.3,2.4,1,Gentle nudge,Felt supported,elevated
2026-08-12,demo07,3.1,2.9,7.1,3.7,3.6,1,Gentle nudge,Quiet day,stable
2026-08-13,demo07,2.5,4,7.2,3.1,2.9,1,Self-guided support,Steady day,elevated
2026-08-14,demo07,2.9,3.5,6.9,2.6,3.1,1,Self-guided support,Deadline pressure,elevated
2026-08-15,demo07,2.8,4,6.7,2.3,2.8,1,Self-guided support,Good peer contact,elevated
2026-08-16,demo07,2.6,2.8,7,3.6,3.2,1,Gentle nudge,Low sleep,watch
2026-08-17,demo07,3,2.3,6.7,3.7,3.4,1,No action,Took a short walk,stable
2026-08-18,demo07,3.6,2.6,7.1,4,3.4,1,No action,Busy timetable,stable
2026-08-19,demo07,2.8,2.5,7.2,3.8,3.2,1,No action,Felt supported,watch
2026-08-20,demo07,3.3,2.7,7.7,3.8,3,1,No action,Quiet day,stable
2026-08-21,demo07,3.4,2.8,6,3.2,4.1,1,Gentle nudge,Steady day,stable
2026-08-22,demo07,3.4,2.9,8.3,3,2.7,1,No action,Deadline pressure,watch
2026-08-23,demo07,3,3.1,6.4,2.7,3.6,1,No action,Good peer contact,elevated
2026-08-24,demo07,3.4,3,6.1,3.2,3.7,1,No action,Low sleep,watch
2026-08-25,demo07,4,2.4,7.1,3.2,3.3,1,No action,Took a short walk,stable
2026-08-26,demo07,3.3,2.3,7.1,3.4,3.7,1,No action,Busy timetable,stable
2026-08-27,demo07,2.8,2.5,6.7,3.9,2.9,1,No action,Felt supported,watch
2026-08-28,demo07,2.3,2.2,7.1,3.3,3.9,1,No action,Quiet day,watch
2026-08-29,demo07,2.5,2.9,7.9,3.4,2.9,1,Gentle nudge,Steady day,elevated
2026-08-30,demo07,3.6,1.9,8,3.6,2.8,1,No action,Deadline pressure,stable
2026-08-31,demo07,3.2,2.3,8.1,4.3,3.3,1,No action,Good peer contact,stable
2026-09-01,demo07,3.4,2.2,7.2,3.2,3.1,1,No action,Low sleep,stable
2026-09-02,demo07,3.8,2.1,7.7,3.8,2.9,1,No action,Took a short walk,stable
2026-09-03,demo07,2.9,2.8,7.2,3.5,3.1,1,Gentle nudge,Busy timetable,watch
2026-09-04,demo07,3.5,2.7,6.1,3.5,3.6,1,No action,Felt supported,stable
2026-09-05,demo07,3.2,2,7.6,3.5,2.8,1,Gentle nudge,Quiet day,stable
2026-09-06,demo07,3.3,2,6.6,3.7,4,1,No action,Steady day,stable
2026-09-07,demo07,3.1,1.8,7.9,3.7,3.7,1,No action,Deadline pressure,stable
2026-09-08,demo07,4.2,2.1,6.7,3.8,4.6,1,No action,Good peer contact,stable
2026-09-09,demo07,3.4,1.6,8.1,3.3,3.4,1,No action,Low sleep,stable
2026-09-10,demo07,3.2,2.3,8.1,4.1,3.6,1,No action,Took a short walk,stable
2026-09-11,demo07,2.5,2.7,6.9,3.3,4.7,1,No action,Busy timetable,stable
2026-09-12,demo07,4.2,3.6,8.1,2.8,3.4,1,No action,Felt supported,watch
2026-09-13,demo07,3.3,1.8,6.3,3.6,3.7,1,No action,Quiet day,stable
2026-09-14,demo07,2.9,1.9,7.4,3.2,2.9,1,No action,Steady day,stable
2026-09-15,demo07,4.1,2.9,7.2,3.7,3,1,No action,Deadline pressure,stable
2026-09-16,demo07,3.7,3,6.5,3.5,3.7,1,No action,Good peer contact,stable
2026-09-17,demo07,3,3.6,5.5,2.9,3,1,Gentle nudge,Low sleep,elevated
2026-09-18,demo07,3.2,2.5,6.9,2.7,2.5,1,Gentle nudge,Took a short walk,elevated
2026-09-19,demo07,2.9,2.9,7.1,2.8,3.7,1,No action,Busy timetable,watch
2026-03-24,demo08,3.5,2.1,7.1,4.8,4.1,1,No action,Busy timetable,stable
2026-03-25,demo08,4,2.3,8.1,5,4.2,1,No action,Felt supported,stable
2026-03-26,demo08,3.4,2.5,7.6,4.3,3.6,1,No action,Quiet day,stable
2026-03-27,demo08,3.2,2.6,7.3,3.9,3.7,1,No action,Steady day,stable
2026-03-28,demo08,3.6,2.9,7.1,3.2,2.9,1,No action,Deadline pressure,watch
2026-03-29,demo08,3.3,2.3,7.3,3.9,4.1,1,No action,Good peer contact,stable
2026-03-30,demo08,3.6,1.9,7.1,3.8,3.6,1,No action,Low sleep,stable
2026-03-31,demo08,3.7,1.5,7.2,4.2,3.7,1,No action,Took a short walk,stable
2026-04-01,demo08,3.7,2.1,7.3,4,4,1,No action,Busy timetable,stable
2026-04-02,demo08,3.1,2.5,6.4,4.1,3.7,1,No action,Felt supported,stable
2026-04-03,demo08,4.5,1.8,7.8,3.2,3.4,1,No action,Quiet day,stable
2026-04-04,demo08,2.3,2.3,6.5,3.9,3.1,1,No action,Steady day,watch
2026-04-05,demo08,3,2.1,7.8,4.1,3.2,1,No action,Deadline pressure,stable
2026-04-06,demo08,3.4,2.1,8.3,3.5,4.4,1,No action,Good peer contact,stable
2026-04-07,demo08,3.8,2.9,7.2,3.2,3.1,1,No action,Low sleep,watch
2026-04-08,demo08,3.5,1.7,7.2,3.9,4,1,No action,Took a short walk,stable
2026-04-09,demo08,3.7,2.4,6.8,3.6,3.3,1,No action,Busy timetable,stable
2026-04-10,demo08,2.8,2.7,6.8,3.9,3.2,1,No action,Felt supported,watch
2026-04-11,demo08,3.2,2.1,7.3,4.3,3.2,1,No action,Quiet day,stable
2026-04-12,demo08,3.9,1.8,6.8,4.1,4,1,No action,Steady day,stable
2026-04-13,demo08,3.7,1.6,7.9,4.2,3.4,1,No action,Deadline pressure,stable
2026-04-14,demo08,2.8,1.2,7.9,3.2,3.4,1,No action,Good peer contact,stable
2026-04-15,demo08,4,2,7.6,3.3,3.4,1,No action,Low sleep,stable
2026-04-16,demo08,4.4,2.1,7.6,4,3.6,1,No action,Took a short walk,stable
2026-04-17,demo08,3.1,2.1,7.9,4,3.6,1,No action,Busy timetable,stable
2026-04-18,demo08,3.2,2.7,7.2,3.6,3.5,1,No action,Felt supported,stable
2026-04-19,demo08,3.4,1.9,7.8,3.5,3.7,1,No action,Quiet day,stable
2026-04-20,demo08,4.2,2.5,7.7,3.5,4.2,1,No action,Steady day,stable
2026-04-21,demo08,3.6,1.5,8.4,4.1,3.7,1,No action,Deadline pressure,stable
2026-04-22,demo08,3.9,2.3,7.3,3.4,3.8,1,No action,Good peer contact,stable
2026-04-23,demo08,3.7,2.5,7.1,3.8,3.7,1,No action,Low sleep,stable
2026-04-24,demo08,3.4,2.8,7.3,3.7,2.9,1,No action,Took a short walk,watch
2026-04-25,demo08,2.9,2,7.6,3.6,3.2,1,No action,Busy timetable,stable
2026-04-26,demo08,4.9,2.1,8.2,4.1,3.8,1,No action,Felt supported,stable
2026-04-27,demo08,3.8,2.3,8.6,5,3.7,1,No action,Quiet day,stable
2026-04-28,demo08,4.7,1.5,8,4.5,3.7,1,No action,Steady day,stable
2026-04-29,demo08,4.7,1.2,8.4,4.5,3.5,1,No action,Deadline pressure,stable
2026-04-30,demo08,4,1.8,7.6,4.9,4.2,1,No action,Good peer contact,stable
2026-05-01,demo08,3.7,1.6,7.5,4.9,3.3,1,No action,Low sleep,stable
2026-05-02,demo08,3.7,1.8,7.2,3.1,3.3,1,No action,Took a short walk,stable
2026-05-03,demo08,4,1.7,7,4.1,4.5,1,No action,Busy timetable,stable
2026-05-04,demo08,3.8,1.9,8.2,4.3,4.3,1,No action,Felt supported,stable
2026-05-05,demo08,4.3,2,8,3.8,4,1,No action,Quiet day,stable
2026-05-06,demo08,3.9,1.8,8,3.7,2.9,1,No action,Steady day,stable
2026-05-07,demo08,3.5,2.2,7.3,3.6,3.2,1,No action,Deadline pressure,stable
2026-05-08,demo08,3.2,2.2,8.8,4.1,3,1,No action,Good peer contact,stable
2026-05-09,demo08,3.4,2,7.4,3,3.8,1,No action,Low sleep,stable
2026-05-10,demo08,3.5,2.2,8.1,3.8,3.7,1,No action,Took a short walk,stable
2026-05-11,demo08,3.4,1.8,6.8,4,3.6,1,No action,Busy timetable,stable
2026-05-12,demo08,3.8,1.4,6.7,3.6,3.4,1,No action,Felt supported,stable
2026-05-13,demo08,3.4,2.1,8.4,4,3.6,1,No action,Quiet day,stable
2026-05-14,demo08,3.1,2.1,6.9,3.1,3.7,1,No action,Steady day,stable
2026-05-15,demo08,2.5,2.7,6.8,3.6,2.6,1,Gentle nudge,Deadline pressure,elevated
2026-05-16,demo08,3.2,2.6,7,3,2.7,1,No action,Good peer contact,watch
2026-05-17,demo08,3.7,2.1,7.8,3.6,3.4,1,No action,Low sleep,stable
2026-05-18,demo08,3.6,1.4,7.5,4,2.6,1,No action,Took a short walk,stable
2026-05-19,demo08,4.5,2,7.6,3.8,3.7,1,No action,Busy timetable,stable
2026-05-20,demo08,4,2.3,7.5,3.7,3.3,1,No action,Felt supported,stable
2026-05-21,demo08,3.5,2.8,7.1,4,4.4,1,No action,Quiet day,stable
2026-05-22,demo08,4.2,2.2,6.3,2.8,3,1,No action,Steady day,stable
2026-05-23,demo08,2.9,2.4,7,3.7,2.7,1,No action,Deadline pressure,watch
2026-05-24,demo08,3.7,2.6,7.4,3.2,3.4,1,No action,Good peer contact,stable
2026-05-25,demo08,4.3,1.5,7.2,3.6,3.9,1,No action,Low sleep,stable
2026-05-26,demo08,4.4,1.4,8.1,4.7,3.4,1,No action,Took a short walk,stable
2026-05-27,demo08,3.7,2.7,7.1,3.6,3.3,1,No action,Busy timetable,stable
2026-05-28,demo08,4.1,2,7.8,4.3,3.3,1,No action,Felt supported,stable
2026-05-29,demo08,3.6,2.8,6.9,3.8,2.8,1,No action,Quiet day,stable
2026-05-30,demo08,2.6,2.7,6.8,4.2,3.7,1,No action,Steady day,stable
2026-05-31,demo08,3.2,2.1,6.9,3.3,2.3,1,No action,Deadline pressure,watch
2026-06-01,demo08,3,2.4,7.9,3.2,3.6,1,No action,Good peer contact,stable
2026-06-02,demo08,2.7,2.4,7.5,3.8,2.9,1,No action,Low sleep,watch
2026-06-03,demo08,3,2.5,7.6,3.2,3.6,1,No action,Took a short walk,stable
2026-06-04,demo08,4.1,2.2,6.8,3.2,3.2,1,No action,Busy timetable,stable
2026-06-05,demo08,3.9,2.7,8.2,2.7,3.2,1,No action,Felt supported,stable
2026-06-06,demo08,3.3,2.6,7.3,2.9,4,1,No action,Quiet day,stable
2026-06-07,demo08,3.4,2.8,7.7,3.4,3.3,1,No action,Steady day,stable
2026-06-08,demo08,3.8,2.3,7,3.3,4.1,1,No action,Deadline pressure,stable
2026-06-09,demo08,3.6,2.1,7.4,3.8,3.7,1,No action,Good peer contact,stable
2026-06-10,demo08,3.4,1.7,7.7,4.1,3.1,1,No action,Low sleep,stable
2026-06-11,demo08,4.2,1.9,7.5,3.8,3.1,1,No action,Took a short walk,stable
2026-06-12,demo08,2.9,2.4,7.4,3.4,2.7,1,No action,Busy timetable,watch
2026-06-13,demo08,3.7,2.8,7.2,3.4,3.1,1,No action,Felt supported,stable
2026-06-14,demo08,3.7,2.6,7.8,3.5,2.8,1,No action,Quiet day,stable
2026-06-15,demo08,3.3,2.3,8,3,3.1,1,No action,Steady day,stable
2026-06-16,demo08,3.7,2.9,7,3.5,3.8,1,No action,Deadline pressure,stable
2026-06-17,demo08,3.5,2,6.9,3,3.5,1,No action,Good peer contact,stable
2026-06-18,demo08,3,2,6.9,4.2,2.8,1,No action,Low sleep,stable
2026-06-19,demo08,3.3,2.6,6.4,4,3.8,1,No action,Took a short walk,stable
2026-06-20,demo08,3.4,2.4,7.4,3.3,2.8,1,No action,Busy timetable,watch
2026-06-21,demo08,4,2.6,7.1,3.6,3.9,1,No action,Felt supported,stable
2026-06-22,demo08,3.5,2.8,7.2,3.7,3.1,1,No action,Quiet day,stable
2026-06-23,demo08,3.3,1.8,7.5,3.6,3.1,1,No action,Steady day,stable
2026-06-24,demo08,3.9,2.2,8,2.6,3.3,1,No action,Deadline pressure,stable
2026-06-25,demo08,3.3,2.5,7.5,2.8,3.9,1,No action,Good peer contact,stable
2026-06-26,demo08,2.9,2.6,6.6,3.8,3.3,1,No action,Low sleep,watch
2026-06-27,demo08,3.6,2,7.6,4.2,3.8,1,No action,Took a short walk,stable
2026-06-28,demo08,3.4,2.3,6.5,3,3.6,1,No action,Busy timetable,stable
2026-06-29,demo08,2.9,2.1,6.6,3.5,3.8,1,No action,Felt supported,stable
2026-06-30,demo08,3.7,2.5,6.8,3.7,3,1,No action,Quiet day,stable
2026-07-01,demo08,3.7,3.1,6.9,3.5,3,1,No action,Steady day,watch
2026-07-02,demo08,3.2,2.7,6.8,2.8,3.6,1,Gentle nudge,Deadline pressure,watch
2026-07-03,demo08,3.3,3.3,6.3,3.3,2.7,1,No action,Good peer contact,elevated
2026-07-04,demo08,3.2,2.9,7.6,3.6,3.2,1,No action,Low sleep,watch
2026-07-05,demo08,3.2,2.5,6.9,4,3.3,1,No action,Took a short walk,stable
2026-07-06,demo08,3.6,2.4,7.5,2.9,4.1,1,No action,Busy timetable,stable
2026-07-07,demo08,3.1,2.2,7.6,3.8,3.7,1,No action,Felt supported,stable
2026-07-08,demo08,4.1,1.7,8.5,4,3.8,1,No action,Quiet day,stable
2026-07-09,demo08,3.4,1.4,7.3,3.5,3,1,No action,Steady day,stable
2026-07-10,demo08,3.4,1.6,8.2,4.6,3.4,1,No action,Deadline pressure,stable
2026-07-11,demo08,4.2,2.1,7.9,3.7,4.2,1,No action,Good peer contact,stable
2026-07-12,demo08,3.6,1.7,7.1,3.7,3.6,1,No action,Low sleep,stable
2026-07-13,demo08,3.6,2,7.4,3.8,3.8,1,No action,Took a short walk,stable
2026-07-14,demo08,3.6,2.2,7.8,3.4,3.2,1,No action,Busy timetable,stable
2026-07-15,demo08,3.5,1.7,8.2,4.2,4.1,1,No action,Felt supported,stable
2026-07-16,demo08,2.9,1.6,7.2,3.1,3.3,1,No action,Quiet day,stable
2026-07-17,demo08,3.8,2.7,7.9,3.9,3.4,1,No action,Steady day,stable
2026-07-18,demo08,3,1.9,6.9,3.7,3.6,1,No action,Deadline pressure,stable
2026-07-19,demo08,3.9,1.5,7.7,3.6,4.1,1,No action,Good peer contact,stable
2026-07-20,demo08,3.4,2.3,7,3.7,3.8,1,No action,Low sleep,stable
2026-07-21,demo08,4.4,2,7.7,3.7,3.1,1,No action,Took a short walk,stable
2026-07-22,demo08,3,1.8,7.8,3.4,3.5,1,No action,Busy timetable,stable
2026-07-23,demo08,3.2,2.4,6.7,4.6,3.2,1,No action,Felt supported,stable
2026-07-24,demo08,3.1,3.1,6.8,4.2,3.6,1,No action,Quiet day,stable
2026-07-25,demo08,3.3,2.5,7.2,3.4,3.4,1,No action,Steady day,stable
2026-07-26,demo08,3.3,2.1,7.3,4.4,3.6,1,No action,Deadline pressure,stable
2026-07-27,demo08,4.1,2,7.1,3.6,4.2,1,No action,Good peer contact,stable
2026-07-28,demo08,4.7,2.2,8.2,2.9,2.6,1,No action,Low sleep,stable
2026-07-29,demo08,3.6,1.8,7.7,3.1,4,1,No action,Took a short walk,stable
2026-07-30,demo08,3.1,2.7,7.4,3.1,3.9,1,No action,Busy timetable,stable
2026-07-31,demo08,2.8,3,6.6,3.4,2.4,1,Gentle nudge,Felt supported,elevated
2026-08-01,demo08,2.7,3.3,6.2,2.8,3,1,Gentle nudge,Quiet day,elevated
2026-08-02,demo08,2.8,2.9,6.7,3.7,3.6,1,Gentle nudge,Steady day,watch
2026-08-03,demo08,2.9,3,6.7,3.6,3.6,1,No action,Deadline pressure,watch
2026-08-04,demo08,3,2.1,7.2,3.7,3.9,1,No action,Good peer contact,stable
2026-08-05,demo08,3,2.1,6.5,4,2.8,1,No action,Low sleep,stable
2026-08-06,demo08,3.2,2.3,6.4,3.3,3.2,1,Gentle nudge,Took a short walk,stable
2026-08-07,demo08,2.7,3,8.1,3.5,2.7,1,Gentle nudge,Busy timetable,elevated
2026-08-08,demo08,2.8,3.2,6.9,3.3,3.6,1,Gentle nudge,Felt supported,watch
2026-08-09,demo08,2.9,3.1,7.3,3.2,3.8,1,Gentle nudge,Quiet day,watch
2026-08-10,demo08,2.9,2.5,7.4,4.4,3.5,1,No action,Steady day,stable
2026-08-11,demo08,3.7,2.3,6.6,3.2,4.6,1,No action,Deadline pressure,stable
2026-08-12,demo08,4,2.4,7.1,3.8,3.4,1,No action,Good peer contact,stable
2026-08-13,demo08,3.3,3.4,7.7,3.3,3.7,1,No action,Low sleep,watch
2026-08-14,demo08,3,2.9,7.1,2.9,4,1,Gentle nudge,Took a short walk,watch
2026-08-15,demo08,2.8,2.8,6.6,3.2,3,1,Gentle nudge,Busy timetable,elevated
2026-08-16,demo08,3.6,2.7,6.7,2.8,3.3,1,Gentle nudge,Felt supported,watch
2026-08-17,demo08,2.7,2.7,7,2.9,3.4,1,Gentle nudge,Quiet day,watch
2026-08-18,demo08,3.2,3.2,6.1,3.5,3.4,1,No action,Steady day,watch
2026-08-19,demo08,2.8,2.9,7.3,2.3,3.1,1,Gentle nudge,Deadline pressure,elevated
2026-08-20,demo08,3.9,2.5,8.2,3.8,2.9,1,No action,Good peer contact,stable
2026-08-21,demo08,3.7,2.6,7,3.8,3.5,1,No action,Low sleep,stable
2026-08-22,demo08,3.4,3,6.9,3.5,3.7,1,No action,Took a short walk,stable
2026-08-23,demo08,2.9,2.1,7.2,3,3.2,1,No action,Busy timetable,watch
2026-08-24,demo08,3.9,1.7,7.8,3.5,3.7,1,No action,Felt supported,stable
2026-08-25,demo08,3.9,1.7,7.4,3.4,3.6,1,No action,Quiet day,stable
2026-08-26,demo08,3.1,2.7,7.1,4.1,2.8,1,No action,Steady day,watch
2026-08-27,demo08,3.6,1.9,7,3.1,4.2,1,No action,Deadline pressure,stable
2026-08-28,demo08,3.6,3.1,7.3,3.1,3.4,1,No action,Good peer contact,watch
2026-08-29,demo08,3.1,3.1,7.6,3.2,3.4,1,No action,Low sleep,watch
2026-08-30,demo08,3.3,1.8,7.4,3.7,2.5,1,No action,Took a short walk,stable
2026-08-31,demo08,3.5,1.5,7.5,4.2,3.6,1,No action,Busy timetable,stable
2026-09-01,demo08,3.3,2.7,7.9,3.2,4.3,1,No action,Felt supported,stable
2026-09-02,demo08,3.2,1.1,7.4,4.4,3.7,1,No action,Quiet day,stable
2026-09-03,demo08,3.9,2.3,8.2,3,4,1,No action,Steady day,stable
2026-09-04,demo08,3.1,2.3,7.4,3.6,3.7,1,No action,Deadline pressure,stable
2026-09-05,demo08,2.8,2.8,6.5,3.2,3.5,1,No action,Good peer contact,watch
2026-09-06,demo08,2.9,3.3,7.2,2.7,2.8,1,No action,Low sleep,elevated
2026-09-07,demo08,3.5,2.6,7.4,3,4.4,1,No action,Took a short walk,stable
2026-09-08,demo08,3.9,1.9,6.4,4.2,3.3,1,No action,Busy timetable,stable
2026-09-09,demo08,3.9,1.5,7.5,3.3,2.5,1,No action,Felt supported,stable
2026-09-10,demo08,3.7,2.2,7.1,3.2,3,1,No action,Quiet day,stable
2026-09-11,demo08,3.1,2.8,7,3.5,2.8,1,No action,Steady day,watch
2026-09-12,demo08,3.2,2.7,7.8,3.6,2.6,1,No action,Deadline pressure,watch
2026-09-13,demo08,3.3,2.9,6.6,3.1,4,1,No action,Good peer contact,watch
2026-09-14,demo08,2.9,2.4,7.9,2.6,3.5,1,No action,Low sleep,watch
2026-09-15,demo08,3.1,2.6,7.6,3.5,4,1,No action,Took a short walk,stable
2026-09-16,demo08,3.6,2.2,7.7,4.5,4.2,1,No action,Busy timetable,stable
2026-09-17,demo08,3.7,1.7,6.6,3.7,3.5,1,No action,Felt supported,stable
2026-09-18,demo08,3.5,2,7.9,3.9,3.7,1,No action,Quiet day,stable
2026-09-19,demo08,3.4,1.6,8.2,3.4,3.7,1,No action,Steady day,stable
2026-03-24,demo09,2.9,2.8,7.1,3.2,3.7,1,No action,Steady day,watch
2026-03-25,demo09,3.5,2.4,7.4,4,3.5,1,No action,Deadline pressure,stable
2026-03-26,demo09,2.9,2.2,7.4,3.5,3.8,1,No action,Good peer contact,stable
2026-03-27,demo09,2.9,3.4,7.2,2.3,3.4,1,No action,Low sleep,elevated
2026-03-28,demo09,3.5,3.3,8.4,3.3,3.2,1,No action,Took a short walk,watch
2026-03-29,demo09,3.5,2.5,6.5,3.6,4.1,1,No action,Busy timetable,stable
2026-03-30,demo09,3.5,1.4,6.2,4.2,3.2,1,No action,Felt supported,stable
2026-03-31,demo09,3.4,2,6.5,3.4,3.3,1,No action,Quiet day,stable
2026-04-01,demo09,3.6,2,7.8,3.5,3.8,1,No action,Steady day,stable
2026-04-02,demo09,3.3,2.2,7.4,3.8,2.9,1,No action,Deadline pressure,stable
2026-04-03,demo09,3.3,2.7,7,2.3,4.3,1,No action,Good peer contact,watch
2026-04-04,demo09,3.2,2.5,6.6,3.2,2.8,1,No action,Low sleep,watch
2026-04-05,demo09,3.8,2.4,7.4,3.9,3.2,1,No action,Took a short walk,stable
2026-04-06,demo09,3.3,2.4,7.2,3.1,3.7,1,No action,Busy timetable,stable
2026-04-07,demo09,4.7,1.5,7.8,3,3.7,1,No action,Felt supported,stable
2026-04-08,demo09,3.3,2.2,8,3.9,3.8,1,No action,Quiet day,stable
2026-04-09,demo09,3.4,1.9,7,3.5,4.1,1,No action,Steady day,stable
2026-04-10,demo09,3.3,2.6,7.4,3.6,3.4,1,No action,Deadline pressure,stable
2026-04-11,demo09,4,2,7.7,3.8,2.7,1,No action,Good peer contact,stable
2026-04-12,demo09,2.7,2.9,6.8,3.5,3.7,1,No action,Low sleep,watch
2026-04-13,demo09,3.7,1.5,7.3,4,4.2,1,No action,Took a short walk,stable
2026-04-14,demo09,4,1.4,7.6,3.7,3.9,1,No action,Busy timetable,stable
2026-04-15,demo09,3.9,2.7,7.5,4.6,3.8,1,No action,Felt supported,stable
2026-04-16,demo09,3.1,2.7,7.2,3.9,3.1,1,No action,Quiet day,watch
2026-04-17,demo09,3.1,2.8,7.8,3.5,3,1,No action,Steady day,watch
2026-04-18,demo09,3.3,3.8,7.1,3,3.4,1,Gentle nudge,Deadline pressure,elevated
2026-04-19,demo09,3.1,3.2,6.8,3.4,3.7,1,Gentle nudge,Good peer contact,watch
2026-04-20,demo09,3.2,2.8,7.7,3.8,3.5,1,Gentle nudge,Low sleep,stable
2026-04-21,demo09,3.2,2.7,7.1,2.8,3.6,1,No action,Took a short walk,watch
2026-04-22,demo09,3.1,2.8,7.4,3.2,3.1,1,No action,Busy timetable,watch
2026-04-23,demo09,3.3,3,6.5,2.9,2.7,1,No action,Felt supported,elevated
2026-04-24,demo09,3.3,3.2,6.7,3.2,3.2,1,No action,Quiet day,watch
2026-04-25,demo09,3.5,3,7.1,3,2.9,1,No action,Steady day,watch
2026-04-26,demo09,3.2,2.8,8.1,3.3,3.6,1,No action,Deadline pressure,stable
2026-04-27,demo09,3.5,2.1,7.1,4.1,3.6,1,No action,Good peer contact,stable
2026-04-28,demo09,4.6,1.5,7.2,4.1,4,1,No action,Low sleep,stable
2026-04-29,demo09,3.6,2.4,8,3.3,3.8,1,No action,Took a short walk,stable
2026-04-30,demo09,3.6,2.9,7.2,2.7,2.9,1,No action,Busy timetable,watch
2026-05-01,demo09,3.5,2.9,7.4,3.1,2.7,1,No action,Felt supported,watch
2026-05-02,demo09,3.6,2.3,6.2,3.4,3.3,1,No action,Quiet day,stable
2026-05-03,demo09,3.4,2.5,7.6,4.5,3.2,1,No action,Steady day,stable
2026-05-04,demo09,3.9,1.5,7.9,3.5,4,1,No action,Deadline pressure,stable
2026-05-05,demo09,4.1,1.8,7.5,3.8,4,1,No action,Good peer contact,stable
2026-05-06,demo09,4.3,1.5,7.5,3.8,3.2,1,No action,Low sleep,stable
2026-05-07,demo09,3.8,2.2,7.2,2.7,3.6,1,No action,Took a short walk,stable
2026-05-08,demo09,3.4,2.6,7.8,3.5,3.6,1,No action,Busy timetable,stable
2026-05-09,demo09,3.6,2.3,7.6,4.3,3.9,1,No action,Felt supported,stable
2026-05-10,demo09,3.1,2.7,8.2,3.7,3.8,1,No action,Quiet day,stable
2026-05-11,demo09,4.4,2.1,6.8,3.6,3.2,1,No action,Steady day,stable
2026-05-12,demo09,3.4,1.8,7.1,3.9,3.6,1,No action,Deadline pressure,stable
2026-05-13,demo09,3.6,2.4,7.3,4,4.4,1,No action,Good peer contact,stable
2026-05-14,demo09,3.5,3,7.7,3.5,3.4,1,No action,Low sleep,stable
2026-05-15,demo09,3.1,2.4,7.3,3.8,3.8,1,No action,Took a short walk,stable
2026-05-16,demo09,3.7,2.5,7.7,4.2,3.3,1,No action,Busy timetable,stable
2026-05-17,demo09,3.9,2.2,8.3,2.9,3.3,1,No action,Felt supported,stable
2026-05-18,demo09,3.7,2.8,7.3,4,4.2,1,No action,Quiet day,stable
2026-05-19,demo09,4.2,2.5,6.9,4.3,3.9,1,No action,Steady day,stable
2026-05-20,demo09,4.1,1.8,7.8,3.6,3.2,1,No action,Deadline pressure,stable
2026-05-21,demo09,3.4,2.1,7.5,3.7,4.1,1,No action,Good peer contact,stable
2026-05-22,demo09,3.5,2.2,7.9,4,3.4,1,No action,Low sleep,stable
2026-05-23,demo09,3,1.8,6.5,3.8,3.2,1,No action,Took a short walk,stable
2026-05-24,demo09,3.3,2.6,7.3,3.8,4,1,No action,Busy timetable,stable
2026-05-25,demo09,3.6,2.3,7.2,3.9,3.6,1,No action,Felt supported,stable
2026-05-26,demo09,3.5,2.3,6.7,3,3.3,1,No action,Quiet day,stable
2026-05-27,demo09,3.3,2.2,7.9,3.1,3.7,1,No action,Steady day,stable
2026-05-28,demo09,3.9,1.9,6.8,4.4,3.1,1,No action,Deadline pressure,stable
2026-05-29,demo09,3.6,3,7.4,3.1,3.5,1,No action,Good peer contact,watch
2026-05-30,demo09,3.3,2.7,7.7,3.2,3.5,1,No action,Low sleep,stable
2026-05-31,demo09,3.4,2.7,6.7,3,2.9,1,No action,Took a short walk,watch
2026-06-01,demo09,3.4,2.6,6.6,3.6,3.7,1,No action,Busy timetable,stable
2026-06-02,demo09,3.7,3,7.3,3.7,3.4,1,No action,Felt supported,stable
2026-06-03,demo09,3.7,2.7,7.2,3.5,2.8,1,No action,Quiet day,stable
2026-06-04,demo09,3.3,2,7.3,3.7,4.2,1,No action,Steady day,stable
2026-06-05,demo09,4.1,1.6,7,4,4.4,1,No action,Deadline pressure,stable
2026-06-06,demo09,3.6,2,6.4,4,3.3,1,No action,Good peer contact,stable
2026-06-07,demo09,4.1,1.8,7.2,3.8,3.7,1,No action,Low sleep,stable
2026-06-08,demo09,4.2,2.1,8.5,3.2,4,1,No action,Took a short walk,stable
2026-06-09,demo09,3.1,1.7,7.7,3.4,4.1,1,No action,Busy timetable,stable
2026-06-10,demo09,4.3,2.1,7.7,4.5,3.8,1,No action,Felt supported,stable
2026-06-11,demo09,3.1,1.8,7,3.5,3.9,1,No action,Quiet day,stable
2026-06-12,demo09,3.8,2.4,8.1,4.3,3.5,1,No action,Steady day,stable
2026-06-13,demo09,4,1.4,6.5,3.6,3.5,1,No action,Deadline pressure,stable
2026-06-14,demo09,4,2.1,7,3.7,3.4,1,No action,Good peer contact,stable
2026-06-15,demo09,4.2,1.6,7.5,4.7,3.7,1,No action,Low sleep,stable
2026-06-16,demo09,4.6,1.5,7.3,4.5,4.4,1,No action,Took a short walk,stable
2026-06-17,demo09,4.8,1.5,8.1,3.6,3.9,1,No action,Busy timetable,stable
2026-06-18,demo09,4.1,2,7.6,4.5,4.3,1,No action,Felt supported,stable
2026-06-19,demo09,3.6,2.5,8.2,4.4,3.4,1,No action,Quiet day,stable
2026-06-20,demo09,3.7,2,7,3.6,4.3,1,No action,Steady day,stable
2026-06-21,demo09,3.6,1.8,7.2,4.5,4,1,No action,Deadline pressure,stable
2026-06-22,demo09,3.9,1.8,7.6,3.9,3.9,1,No action,Good peer contact,stable
2026-06-23,demo09,4.4,1.6,7.2,4.7,3.4,1,No action,Low sleep,stable
2026-06-24,demo09,4.2,1.8,7.7,3.4,4.3,1,No action,Took a short walk,stable
2026-06-25,demo09,4,2.2,7.8,2.9,3.8,1,No action,Busy timetable,stable
2026-06-26,demo09,4.3,1.9,6.7,3.9,3.1,1,No action,Felt supported,stable
2026-06-27,demo09,3.8,2.5,6,3.9,3.9,1,No action,Quiet day,stable
2026-06-28,demo09,3.6,2.8,7.3,3,4,1,No action,Steady day,stable
2026-06-29,demo09,3.9,2.6,7.4,3.9,3.8,1,No action,Deadline pressure,stable
2026-06-30,demo09,3.8,2.5,7.9,4.4,2.6,1,No action,Good peer contact,stable
2026-07-01,demo09,3.8,2.1,8.1,3.3,3.1,1,No action,Low sleep,stable
2026-07-02,demo09,2.8,2.5,7.3,3.6,3.3,1,No action,Took a short walk,watch
2026-07-03,demo09,3.9,2.6,7,3.8,3.8,1,No action,Busy timetable,stable
2026-07-04,demo09,2.7,1.3,8.1,4,2.8,1,No action,Felt supported,stable
2026-07-05,demo09,3,2.9,7.6,3.7,3.2,1,No action,Quiet day,watch
2026-07-06,demo09,3.7,2.4,7.3,3,3.7,1,No action,Steady day,stable
2026-07-07,demo09,4.1,1.9,8,4.1,3.2,1,No action,Deadline pressure,stable
2026-07-08,demo09,4.4,1.7,7.2,4.2,3.6,1,No action,Good peer contact,stable
2026-07-09,demo09,3.7,1.8,7,3.7,3.3,1,No action,Low sleep,stable
2026-07-10,demo09,3.5,2.6,6.9,3.3,3.6,1,No action,Took a short walk,stable
2026-07-11,demo09,2.7,3.3,6.4,2.8,3.2,1,Gentle nudge,Busy timetable,elevated
2026-07-12,demo09,3.6,1.8,7.4,4,3.7,1,No action,Felt supported,stable
2026-07-13,demo09,3.4,2.3,6.8,3.5,3.5,1,No action,Quiet day,stable
2026-07-14,demo09,3.4,2.1,6.8,2.9,3.3,1,No action,Steady day,stable
2026-07-15,demo09,3.4,1.6,7.8,3.5,3.9,1,No action,Deadline pressure,stable
2026-07-16,demo09,4.1,2.2,8,3.6,3,1,No action,Good peer contact,stable
2026-07-17,demo09,2.9,2,6.9,4,3.2,1,No action,Low sleep,stable
2026-07-18,demo09,3.6,2.2,6.9,3.9,3.8,1,No action,Took a short walk,stable
2026-07-19,demo09,3.1,2.7,6.7,3.1,4,1,No action,Busy timetable,stable
2026-07-20,demo09,3.2,1.8,6.6,3.4,3.8,1,No action,Felt supported,stable
2026-07-21,demo09,4.4,1.6,7.8,4,3.9,1,No action,Quiet day,stable
2026-07-22,demo09,4.4,1.6,7.5,4,4.3,1,No action,Steady day,stable
2026-07-23,demo09,3.9,1.4,7.6,4,3.6,1,No action,Deadline pressure,stable
2026-07-24,demo09,3.6,2,7.7,4.1,4,1,No action,Good peer contact,stable
2026-07-25,demo09,4.2,1.6,8.5,3.2,3.9,1,No action,Low sleep,stable
2026-07-26,demo09,3.9,1.9,7.9,4.6,2.9,1,No action,Took a short walk,stable
2026-07-27,demo09,4.4,2.1,7.9,3.6,3.4,1,No action,Busy timetable,stable
2026-07-28,demo09,3.6,1,7.6,3.8,4.3,1,No action,Felt supported,stable
2026-07-29,demo09,3.7,2.2,6.8,4.1,3.9,1,No action,Quiet day,stable
2026-07-30,demo09,3.8,2.4,7.2,3.9,3.5,1,No action,Steady day,stable
2026-07-31,demo09,3.5,1.9,7.3,4.2,3.4,1,No action,Deadline pressure,stable
2026-08-01,demo09,3.2,3.3,7.9,2.8,2.9,1,No action,Good peer contact,elevated
2026-08-02,demo09,3.1,2,6.7,4.1,3.9,1,No action,Low sleep,stable
2026-08-03,demo09,4,2.4,8.4,3.9,4,1,No action,Took a short walk,stable
2026-08-04,demo09,3.9,1.9,7.5,4.5,3.9,1,No action,Busy timetable,stable
2026-08-05,demo09,4.7,1.8,8.2,4.3,3.2,1,No action,Felt supported,stable
2026-08-06,demo09,4,2.8,8,3.3,3.7,1,No action,Quiet day,stable
2026-08-07,demo09,3.5,2.2,7.2,3.2,3.9,1,No action,Steady day,stable
2026-08-08,demo09,3.6,2.5,7.1,3.5,3.7,1,No action,Deadline pressure,stable
2026-08-09,demo09,2.9,1.9,6.4,3.3,3.4,1,No action,Good peer contact,stable
2026-08-10,demo09,3.2,2.9,7.3,3.2,2.7,1,Gentle nudge,Low sleep,watch
2026-08-11,demo09,3,2.8,7.5,3.7,3.3,1,No action,Took a short walk,watch
2026-08-12,demo09,3.6,3.3,7.2,3,3.1,1,No action,Busy timetable,watch
2026-08-13,demo09,3.5,2.7,6.8,3.8,3.6,1,No action,Felt supported,stable
2026-08-14,demo09,3.4,2.5,6.8,2.9,4,1,No action,Quiet day,stable
2026-08-15,demo09,3.2,3,7,3.1,2.6,1,Gentle nudge,Steady day,elevated
2026-08-16,demo09,3,2.4,6.5,3.3,3.1,1,No action,Deadline pressure,watch
2026-08-17,demo09,2.7,2.6,7.2,3.7,3.1,1,No action,Good peer contact,watch
2026-08-18,demo09,3.9,1.9,7.4,3.4,3.1,1,No action,Low sleep,stable
2026-08-19,demo09,2.8,2.6,6.8,2.9,4.1,1,No action,Took a short walk,watch
2026-08-20,demo09,3.4,1.6,7.4,3,3.6,1,No action,Busy timetable,stable
2026-08-21,demo09,2.9,3.1,7.9,3.6,3.2,1,Gentle nudge,Felt supported,watch
2026-08-22,demo09,3.3,2.8,6.3,3,2.4,1,Gentle nudge,Quiet day,elevated
2026-08-23,demo09,3.4,3,6.7,3.7,2.5,1,No action,Steady day,watch
2026-08-24,demo09,3.1,3,7.6,4.5,4.1,1,No action,Deadline pressure,stable
2026-08-25,demo09,4.4,2.2,7.4,3.6,4,1,No action,Good peer contact,stable
2026-08-26,demo09,3.3,1.4,7,3.9,4.1,1,No action,Low sleep,stable
2026-08-27,demo09,4.3,1.6,7.3,4.6,3.1,1,No action,Took a short walk,stable
2026-08-28,demo09,3.2,3,7.4,3.6,3.1,1,No action,Busy timetable,watch
2026-08-29,demo09,3,2.7,8.5,2.9,2.2,1,No action,Felt supported,elevated
2026-08-30,demo09,3,1.8,7.5,3.9,3.6,1,No action,Quiet day,stable
2026-08-31,demo09,3.9,2.2,6.6,3.5,3.1,1,No action,Steady day,stable
2026-09-01,demo09,4,2.1,7.2,3.1,3.6,1,No action,Deadline pressure,stable
2026-09-02,demo09,3.3,2.6,7.3,3.3,3.2,1,No action,Good peer contact,watch
2026-09-03,demo09,3.4,2.5,7.1,3,4,1,No action,Low sleep,stable
2026-09-04,demo09,3.9,2.7,6.9,3.6,3,1,No action,Took a short walk,stable
2026-09-05,demo09,3.1,2.7,7.4,3.7,3.9,1,No action,Busy timetable,stable
2026-09-06,demo09,3.9,1.9,8.2,3.4,3.9,1,No action,Felt supported,stable
2026-09-07,demo09,4.2,1.8,7.6,4.3,3.9,1,No action,Quiet day,stable
2026-09-08,demo09,3.5,1.1,7.9,4.6,3.7,1,No action,Steady day,stable
2026-09-09,demo09,3.9,1.7,7,3.8,3.7,1,No action,Deadline pressure,stable
2026-09-10,demo09,3.4,1.9,8,4.1,3,1,No action,Good peer contact,stable
2026-09-11,demo09,3.6,1.5,7.4,2.9,3.5,1,No action,Low sleep,stable
2026-09-12,demo09,3.6,2.9,8.6,3.6,2.9,1,No action,Took a short walk,stable
2026-09-13,demo09,3.2,2.3,8.3,4,3.5,1,No action,Busy timetable,stable
2026-09-14,demo09,4,1.2,5.9,4.7,3.4,1,No action,Felt supported,stable
2026-09-15,demo09,3.6,1.6,7.9,4.1,4.3,1,No action,Quiet day,stable
2026-09-16,demo09,3.8,2.1,7.5,3,3.1,1,No action,Steady day,stable
2026-09-17,demo09,3.3,1.9,7.1,3.9,3.9,1,No action,Deadline pressure,stable
2026-09-18,demo09,3,2.5,7,3.5,3.3,1,No action,Good peer contact,watch
2026-09-19,demo09,3.4,2.8,6.9,2.9,2.8,1,No action,Low sleep,watch
2026-03-24,demo10,4,3,8,3.9,4.1,1,No action,Low sleep,stable
2026-03-25,demo10,2.5,3.2,6.5,3.2,3.2,1,Gentle nudge,Took a short walk,elevated
2026-03-26,demo10,3.5,2.5,6.9,4,2.9,1,No action,Busy timetable,stable
2026-03-27,demo10,2.4,3.1,6.3,1.9,3.6,1,Gentle nudge,Felt supported,elevated
2026-03-28,demo10,3.3,2.5,6.5,2.8,3.4,1,Gentle nudge,Quiet day,watch
2026-03-29,demo10,3.9,2.2,6.9,3.4,2.9,1,No action,Steady day,stable
2026-03-30,demo10,2.8,3.4,7.7,4.1,3.4,1,No action,Deadline pressure,watch
2026-03-31,demo10,3.5,2.4,7.2,3.8,3.4,1,No action,Good peer contact,stable
2026-04-01,demo10,3.5,2.2,6.9,3.9,2.5,1,No action,Low sleep,stable
2026-04-02,demo10,3.2,2.3,6.9,2.4,2.9,1,No action,Took a short walk,watch
2026-04-03,demo10,2.7,3.3,8.2,3.7,3.1,1,Gentle nudge,Busy timetable,elevated
2026-04-04,demo10,3.3,3.7,6.9,2.7,3.8,1,No action,Felt supported,elevated
2026-04-05,demo10,3.8,1.6,7,3.4,4.5,1,No action,Quiet day,stable
2026-04-06,demo10,3.2,1.5,7.1,3.9,3.5,1,No action,Steady day,stable
2026-04-07,demo10,3.6,2.7,7.4,3.5,3.5,1,No action,Deadline pressure,stable
2026-04-08,demo10,3.4,2.7,6.9,2.1,3.1,1,No action,Good peer contact,elevated
2026-04-09,demo10,3,2.2,7,3.7,3.6,1,No action,Low sleep,stable
2026-04-10,demo10,3.5,1.9,6.9,3,3,1,No action,Took a short walk,stable
2026-04-11,demo10,2.9,2.6,7.1,3.6,3.4,1,No action,Busy timetable,watch
2026-04-12,demo10,2.8,2.5,7.7,3.9,2.7,1,No action,Felt supported,watch
2026-04-13,demo10,3.2,1.7,7.4,3.1,3.4,1,No action,Quiet day,stable
2026-04-14,demo10,3.5,1,7.2,4.2,4.1,1,No action,Steady day,stable
2026-04-15,demo10,3.1,2.6,7.5,3.9,3.1,1,No action,Deadline pressure,stable
2026-04-16,demo10,3.3,2.8,7.2,4.3,3.9,1,No action,Good peer contact,stable
2026-04-17,demo10,3.3,1.7,7.1,3.8,3.9,1,No action,Low sleep,stable
2026-04-18,demo10,4.6,2.8,7.1,4.2,4.1,1,No action,Took a short walk,stable
2026-04-19,demo10,4.4,2.1,7.9,4.4,4,1,No action,Busy timetable,stable
2026-04-20,demo10,4.4,1,8.1,4.3,3.6,1,No action,Felt supported,stable
2026-04-21,demo10,4,1.1,8.5,4.3,3.7,1,No action,Quiet day,stable
2026-04-22,demo10,4.2,2.2,8.2,4.2,3.7,1,No action,Steady day,stable
2026-04-23,demo10,3.7,2.2,7.6,3.5,4.8,1,No action,Deadline pressure,stable
2026-04-24,demo10,3.5,2.5,7.1,3.7,3.2,1,No action,Good peer contact,stable
2026-04-25,demo10,3.6,2.5,7.2,4.4,3.9,1,No action,Low sleep,stable
2026-04-26,demo10,3.4,2.2,8,3.9,3.4,1,No action,Took a short walk,stable
2026-04-27,demo10,3.3,2.1,7.6,3.4,3.5,1,No action,Busy timetable,stable
2026-04-28,demo10,3.8,2.1,7.3,3.4,3.5,1,No action,Felt supported,stable
2026-04-29,demo10,3.4,2.2,6.9,3.5,3.2,1,No action,Quiet day,stable
2026-04-30,demo10,3.3,2.8,7,2.5,3.6,1,No action,Steady day,watch
2026-05-01,demo10,4.5,2.8,7.4,3.5,4.2,1,No action,Deadline pressure,stable
2026-05-02,demo10,3.5,2.3,7.9,4.4,3.4,1,No action,Good peer contact,stable
2026-05-03,demo10,3.5,2.1,7.3,4,3.7,1,No action,Low sleep,stable
2026-05-04,demo10,4.1,2.1,7.6,4.3,3.6,1,No action,Took a short walk,stable
2026-05-05,demo10,4.3,1.8,7.3,4,4.5,1,No action,Busy timetable,stable
2026-05-06,demo10,3.8,1.4,8.3,4.1,3.4,1,No action,Felt supported,stable
2026-05-07,demo10,3.6,3,7.4,4.2,4,1,No action,Quiet day,stable
2026-05-08,demo10,2.9,3.3,6.9,3.6,3.2,1,No action,Steady day,elevated
2026-05-09,demo10,3.9,2.6,6.7,4.7,3.6,1,No action,Deadline pressure,stable
2026-05-10,demo10,3.5,2.5,8.1,4.3,3.5,1,No action,Good peer contact,stable
2026-05-11,demo10,4.3,1.6,7.5,4.1,4.7,1,No action,Low sleep,stable
2026-05-12,demo10,3.3,2.4,8.3,3.5,4,1,No action,Took a short walk,stable
2026-05-13,demo10,3.5,2.6,6.6,3.8,3.7,1,No action,Busy timetable,stable
2026-05-14,demo10,3.6,1.8,6.9,3.5,3.2,1,No action,Felt supported,stable
2026-05-15,demo10,2.8,2.2,7.9,3.2,3.5,1,No action,Quiet day,stable
2026-05-16,demo10,2.9,1.9,7.1,3,3.2,1,No action,Steady day,stable
2026-05-17,demo10,3.8,2.4,7,3.3,3.6,1,No action,Deadline pressure,stable
2026-05-18,demo10,3.8,2,7.8,3.7,3.6,1,No action,Good peer contact,stable
2026-05-19,demo10,3.8,1.8,6.9,3.6,3.8,1,No action,Low sleep,stable
2026-05-20,demo10,3.5,2.2,8.1,4.2,3.1,1,No action,Took a short walk,stable
2026-05-21,demo10,3.5,2.2,7.5,3.3,4,1,No action,Busy timetable,stable
2026-05-22,demo10,2.9,2,8.4,3.6,3.6,1,No action,Felt supported,stable
2026-05-23,demo10,4.2,2.1,7.4,3.7,4.2,1,No action,Quiet day,stable
2026-05-24,demo10,3.7,2,6.9,3.2,3.5,1,No action,Steady day,stable
2026-05-25,demo10,3.6,2.2,7.7,4.6,3.5,1,No action,Deadline pressure,stable
2026-05-26,demo10,3.6,1.9,7.8,2.9,4,1,No action,Good peer contact,stable
2026-05-27,demo10,4.1,1.5,7.5,4.4,3.2,1,No action,Low sleep,stable
2026-05-28,demo10,3.7,2.4,7.7,4.2,3.8,1,No action,Took a short walk,stable
2026-05-29,demo10,3.1,1.9,8,3.3,3.6,1,No action,Busy timetable,stable
2026-05-30,demo10,3.5,2.4,6.5,3.8,3.6,1,No action,Felt supported,stable
2026-05-31,demo10,3.8,1.9,7.8,4.4,3.3,1,No action,Quiet day,stable
2026-06-01,demo10,3.7,1.6,7.7,3.9,3.9,1,No action,Steady day,stable
2026-06-02,demo10,3.9,2.6,7.7,3.5,3.4,1,No action,Deadline pressure,stable
2026-06-03,demo10,3.9,2.1,7.5,4.2,3.7,1,No action,Good peer contact,stable
2026-06-04,demo10,4.1,1.9,7.9,4,3.6,1,No action,Low sleep,stable
2026-06-05,demo10,4.1,2.2,6.8,3.2,3.7,1,No action,Took a short walk,stable
2026-06-06,demo10,3.8,1.8,7.8,3.5,3.6,1,No action,Busy timetable,stable
2026-06-07,demo10,3.8,2.3,8,3.8,4.3,1,No action,Felt supported,stable
2026-06-08,demo10,4.6,2.1,8,3.3,3.3,1,No action,Quiet day,stable
2026-06-09,demo10,4.3,1.8,7.4,3.4,3.1,1,No action,Steady day,stable
2026-06-10,demo10,3.4,2.2,6.5,3.9,3.6,1,No action,Deadline pressure,stable
2026-06-11,demo10,3.8,1.9,6.9,3.4,3.3,1,No action,Good peer contact,stable
2026-06-12,demo10,3.1,2.8,6.9,3.9,3.2,1,No action,Low sleep,watch
2026-06-13,demo10,3.5,2.8,7,3.9,3.1,1,No action,Took a short walk,stable
2026-06-14,demo10,3.1,2.3,7.6,3.1,3.4,1,No action,Busy timetable,stable
2026-06-15,demo10,4.1,1.8,8,4.6,3.3,1,No action,Felt supported,stable
2026-06-16,demo10,3.8,2.4,7.3,3.4,3.7,1,No action,Quiet day,stable
2026-06-17,demo10,3.4,1.9,6.5,3.5,3.7,1,No action,Steady day,stable
2026-06-18,demo10,3.9,2.2,7.6,3.7,4,1,No action,Deadline pressure,stable
2026-06-19,demo10,2.7,2.5,8.3,3.3,3.5,1,No action,Good peer contact,watch
2026-06-20,demo10,4.1,2.1,7.6,3.5,3.6,1,No action,Low sleep,stable
2026-06-21,demo10,4.3,1.9,7,3.3,3.9,1,No action,Took a short walk,stable
2026-06-22,demo10,4,1.7,8.7,3.9,2.7,1,No action,Busy timetable,stable
2026-06-23,demo10,3.8,2,8.1,5,4.5,1,No action,Felt supported,stable
2026-06-24,demo10,3.6,2.2,7.9,3.4,3.9,1,No action,Quiet day,stable
2026-06-25,demo10,3.3,2.5,6.6,3.7,3.7,1,No action,Steady day,stable
2026-06-26,demo10,3.7,2.7,7.4,3.8,4.5,1,No action,Deadline pressure,stable
2026-06-27,demo10,4.1,2.4,7.7,3.6,3.2,1,No action,Good peer contact,stable
2026-06-28,demo10,3.5,2.6,7.5,3.8,3.9,1,No action,Low sleep,stable
2026-06-29,demo10,3.8,1.7,7.4,3.5,3.1,1,No action,Took a short walk,stable
2026-06-30,demo10,3.9,2.1,7.9,4,3.4,1,No action,Busy timetable,stable
2026-07-01,demo10,3.6,2.8,7.4,3.6,3.5,1,No action,Felt supported,stable
2026-07-02,demo10,3.9,2.6,7.5,3,3.6,1,No action,Quiet day,stable
2026-07-03,demo10,3.7,2.5,6.7,2.9,3.4,1,No action,Steady day,stable
2026-07-04,demo10,2.6,2.5,7.2,3.8,4.1,1,No action,Deadline pressure,stable
2026-07-05,demo10,4,1.9,7.2,3.7,4.2,1,No action,Good peer contact,stable
2026-07-06,demo10,3.3,1.7,7.3,4.4,4.7,1,No action,Low sleep,stable
2026-07-07,demo10,3.3,1.2,7.4,3.2,4.2,1,No action,Took a short walk,stable
2026-07-08,demo10,4.5,2.1,7.2,2.9,4.7,1,No action,Busy timetable,stable
2026-07-09,demo10,3.5,1.9,7.5,4,4.2,1,No action,Felt supported,stable
2026-07-10,demo10,3.6,2.1,7.6,3.6,3.3,1,No action,Quiet day,stable
2026-07-11,demo10,3.6,2.3,8,4.2,3.8,1,No action,Steady day,stable
2026-07-12,demo10,3.3,2.4,7.4,3.6,3.4,1,No action,Deadline pressure,stable
2026-07-13,demo10,3.6,1.5,7.5,4.4,4.1,1,No action,Good peer contact,stable
2026-07-14,demo10,4,1.7,8.2,3.5,3.7,1,No action,Low sleep,stable
2026-07-15,demo10,4,2.4,7.4,4,3.3,1,No action,Took a short walk,stable
2026-07-16,demo10,3.3,2.9,7.6,4.2,4,1,No action,Busy timetable,stable
2026-07-17,demo10,3.7,2.3,6.6,4.3,3.9,1,No action,Felt supported,stable
2026-07-18,demo10,3,2.9,7.5,3.2,4.4,1,No action,Quiet day,stable
2026-07-19,demo10,4.3,1.8,7.5,3.7,3.3,1,No action,Steady day,stable
2026-07-20,demo10,4,1.5,8.5,4.1,4.2,1,No action,Deadline pressure,stable
2026-07-21,demo10,4.1,2.5,7.4,3.1,3,1,No action,Good peer contact,stable
2026-07-22,demo10,4,1.8,8.3,4.1,3.7,1,No action,Low sleep,stable
2026-07-23,demo10,3.6,2,8.4,4.1,3.9,1,No action,Took a short walk,stable
2026-07-24,demo10,3.8,1.9,7.7,4.2,4,1,No action,Busy timetable,stable
2026-07-25,demo10,3.8,2.4,7,3.9,3.8,1,No action,Felt supported,stable
2026-07-26,demo10,4.4,1.2,7.5,3.8,3.9,1,No action,Quiet day,stable
2026-07-27,demo10,3.8,2,7.4,4.5,3.7,1,No action,Steady day,stable
2026-07-28,demo10,3.7,2.9,7.6,3.6,4.2,1,No action,Deadline pressure,stable
2026-07-29,demo10,2.6,2.6,6.4,3.8,3.8,1,No action,Good peer contact,watch
2026-07-30,demo10,2.7,3.1,6,3,3.3,1,No action,Low sleep,elevated
2026-07-31,demo10,3.2,2.9,6.9,3.4,2.9,1,No action,Took a short walk,watch
2026-08-01,demo10,3.8,3.1,7.5,3.5,3.6,1,No action,Busy timetable,stable
2026-08-02,demo10,3.1,2.8,6.7,3.5,4.1,1,No action,Felt supported,stable
2026-08-03,demo10,4.2,1.7,7.4,3.7,3.9,1,No action,Quiet day,stable
2026-08-04,demo10,3.5,2.6,7,3.1,3.9,1,No action,Steady day,stable
2026-08-05,demo10,2.6,2.9,7.3,2.9,3.2,1,No action,Deadline pressure,elevated
2026-08-06,demo10,3.6,3.4,6.9,3.2,4,1,Gentle nudge,Good peer contact,watch
2026-08-07,demo10,3.6,2.4,7,3.6,4,1,No action,Low sleep,stable
2026-08-08,demo10,2.6,2.7,8,3.5,3.9,1,No action,Took a short walk,watch
2026-08-09,demo10,3.4,2.8,7.5,3.3,3.1,1,No action,Busy timetable,watch
2026-08-10,demo10,3,2.6,6.8,3,3.3,1,No action,Felt supported,watch
2026-08-11,demo10,2.8,1.8,6.5,3.2,2.8,1,No action,Quiet day,watch
2026-08-12,demo10,3.8,2.4,7.2,3.8,3.2,1,Gentle nudge,Steady day,stable
2026-08-13,demo10,2.9,3.3,6.4,3,2.8,1,Gentle nudge,Deadline pressure,elevated
2026-08-14,demo10,2.6,3.3,6.8,3.3,2.4,1,Self-guided support,Good peer contact,elevated
2026-08-15,demo10,3.5,3.4,6.5,3.1,3.2,1,Gentle nudge,Low sleep,elevated
2026-08-16,demo10,2.7,3.4,6.9,3.1,2.2,1,Gentle nudge,Took a short walk,elevated
2026-08-17,demo10,3,3.6,6.5,3.6,3.3,1,No action,Busy timetable,elevated
2026-08-18,demo10,3,3.3,7.2,3.7,3.2,1,Gentle nudge,Felt supported,watch
2026-08-19,demo10,3.4,3.7,6.5,3.4,2.8,1,Gentle nudge,Quiet day,elevated
2026-08-20,demo10,2.1,3.1,7.1,3.8,3.2,1,Gentle nudge,Steady day,elevated
2026-08-21,demo10,2.3,2.7,6.5,3.1,3,1,Gentle nudge,Deadline pressure,elevated
2026-08-22,demo10,3.2,3.3,7.1,2.9,3.5,1,Gentle nudge,Good peer contact,elevated
2026-08-23,demo10,3.9,2.8,6.5,2.9,3,1,No action,Low sleep,watch
2026-08-24,demo10,3.7,2.7,7.4,3.8,4,1,No action,Took a short walk,stable
2026-08-25,demo10,3.3,2.2,7,2.4,3.2,1,No action,Busy timetable,watch
2026-08-26,demo10,3.2,2.3,6.8,3.5,4.3,1,No action,Felt supported,stable
2026-08-27,demo10,3,3.5,6.4,2.8,2.7,1,Gentle nudge,Quiet day,elevated
2026-08-28,demo10,2.9,2.9,7.6,3.3,2.8,1,Gentle nudge,Steady day,elevated
2026-08-29,demo10,2.3,2.1,7.7,3.7,2.9,1,No action,Deadline pressure,watch
2026-08-30,demo10,2.7,2.5,6.9,2.3,4.2,1,No action,Good peer contact,watch
2026-08-31,demo10,3,2.7,7.5,2.8,4.4,1,No action,Low sleep,stable
2026-09-01,demo10,3.5,2,8,3.4,3.6,1,No action,Took a short walk,stable
2026-09-02,demo10,3.5,2,7.3,3.6,3.4,1,No action,Busy timetable,stable
2026-09-03,demo10,3.6,2.3,7,3.5,3.3,1,No action,Felt supported,stable
2026-09-04,demo10,3.2,2.9,6.6,4.3,3.8,1,No action,Quiet day,stable
2026-09-05,demo10,3.7,2.9,6.5,3.8,3.7,1,No action,Steady day,stable
2026-09-06,demo10,3.2,2.2,6.7,3.3,2.9,1,No action,Deadline pressure,watch
2026-09-07,demo10,4,1.5,8.3,3.9,3.9,1,No action,Good peer contact,stable
2026-09-08,demo10,3.9,2.1,7.9,4,4,1,No action,Low sleep,stable
2026-09-09,demo10,3.2,1.7,8.3,2.9,4.1,1,No action,Took a short walk,stable
2026-09-10,demo10,3.7,1.2,8.3,2.5,4.1,1,No action,Busy timetable,stable
2026-09-11,demo10,3.5,1.5,7.3,3.7,3.8,1,No action,Felt supported,stable
2026-09-12,demo10,3.5,2.5,7.2,3.8,3.8,1,No action,Quiet day,stable
2026-09-13,demo10,3.6,1.8,7.4,3.6,3.7,1,No action,Steady day,stable
2026-09-14,demo10,3.5,1.3,8.4,3.9,3.8,1,No action,Deadline pressure,stable
2026-09-15,demo10,4.4,2.1,6.9,3.4,3.9,1,No action,Good peer contact,stable
2026-09-16,demo10,4,2.9,7.1,3.6,3.9,1,No action,Low sleep,stable
2026-09-17,demo10,2.7,3.4,6.1,3.6,2.5,1,Gentle nudge,Took a short walk,elevated
2026-09-18,demo10,2.2,3.3,6.2,3.5,3.3,1,Gentle nudge,Busy timetable,elevated
2026-09-19,demo10,3.4,2.6,6.8,3.8,3.8,1,No action,Felt supported,stable
2026-03-24,demo11,4,1.1,8.5,4.1,3.7,1,No action,Felt supported,stable
2026-03-25,demo11,3.8,2.1,7.4,3.2,3.6,1,No action,Quiet day,stable
2026-03-26,demo11,4.8,2.4,7.2,3.7,3.2,1,No action,Steady day,stable
2026-03-27,demo11,3.6,2.2,8.4,3.6,3.8,1,No action,Deadline pressure,stable
2026-03-28,demo11,2.8,3.1,7.1,3.6,3,1,No action,Good peer contact,elevated
2026-03-29,demo11,3.6,3,7.5,3,2.4,1,No action,Low sleep,elevated
2026-03-30,demo11,3.3,2.9,7.6,2.5,3.2,1,Gentle nudge,Took a short walk,watch
2026-03-31,demo11,2.8,2.4,6.6,3,3.6,1,Gentle nudge,Busy timetable,watch
2026-04-01,demo11,2.6,3.8,6.9,3.3,3.2,1,No action,Felt supported,elevated
2026-04-02,demo11,3.2,2.9,7.6,4.1,3.3,1,No action,Quiet day,stable
2026-04-03,demo11,3.6,2.1,7.6,4,4.2,1,No action,Steady day,stable
2026-04-04,demo11,4.1,3.2,7.9,3.7,3.4,1,No action,Deadline pressure,stable
2026-04-05,demo11,3.9,1.9,7.7,4.3,4,1,No action,Good peer contact,stable
2026-04-06,demo11,3.4,3.7,7.1,3.7,3,1,No action,Low sleep,elevated
2026-04-07,demo11,3.7,2.5,6.1,3.5,2.5,1,No action,Took a short walk,watch
2026-04-08,demo11,3.3,1.7,6.7,3.2,3.9,1,No action,Busy timetable,stable
2026-04-09,demo11,4.2,2.4,7.7,4.1,4.1,1,No action,Felt supported,stable
2026-04-10,demo11,3.4,2.3,7.8,3.9,3.9,1,No action,Quiet day,stable
2026-04-11,demo11,3.7,2.4,7.2,3.3,3,1,No action,Steady day,stable
2026-04-12,demo11,3.3,2,6.7,3.8,3.4,1,No action,Deadline pressure,stable
2026-04-13,demo11,3.4,2.3,7.2,3.6,3.6,1,No action,Good peer contact,stable
2026-04-14,demo11,3.5,3,7.3,2.8,3.4,1,No action,Low sleep,watch
2026-04-15,demo11,2.8,2,6.3,3.9,3.5,1,No action,Took a short walk,stable
2026-04-16,demo11,3.5,2.7,7.5,3.4,4.3,1,No action,Busy timetable,stable
2026-04-17,demo11,3.4,2,8.2,3.4,4,1,No action,Felt supported,stable
2026-04-18,demo11,3.8,1.7,8.1,4.3,4.3,1,No action,Quiet day,stable
2026-04-19,demo11,3.4,1.6,6.3,3.5,3.8,1,No action,Steady day,stable
2026-04-20,demo11,2.9,3.1,6.9,3.6,3.1,1,No action,Deadline pressure,watch
2026-04-21,demo11,3.1,2.8,7.1,3.2,4.1,1,No action,Good peer contact,stable
2026-04-22,demo11,3.1,2.4,7.3,3,3.6,1,No action,Low sleep,stable
2026-04-23,demo11,3.5,3.5,6.3,3.2,3.6,1,No action,Took a short walk,watch
2026-04-24,demo11,4.6,1.9,7.1,4.1,4.1,1,No action,Busy timetable,stable
2026-04-25,demo11,3.6,1.6,7,3.7,3.7,1,No action,Felt supported,stable
2026-04-26,demo11,3.7,2.6,7.7,3.7,3.8,1,No action,Quiet day,stable
2026-04-27,demo11,3.7,1.9,6.8,2.8,4.2,1,No action,Steady day,stable
2026-04-28,demo11,4.1,2.4,7.3,3.6,4.2,1,No action,Deadline pressure,stable
2026-04-29,demo11,2.8,2.2,8.1,4,2,1,No action,Good peer contact,watch
2026-04-30,demo11,4,1.4,6.7,3.3,3.9,1,No action,Low sleep,stable
2026-05-01,demo11,3.4,1.5,7.6,4.2,3.8,1,No action,Took a short walk,stable
2026-05-02,demo11,4.4,1.3,7.6,4,3.8,1,No action,Busy timetable,stable
2026-05-03,demo11,3.4,2.7,7.1,3.8,3.5,1,No action,Felt supported,stable
2026-05-04,demo11,3.6,1.8,7.5,3.1,3.8,1,No action,Quiet day,stable
2026-05-05,demo11,4,2,8.2,3.4,4.1,1,No action,Steady day,stable
2026-05-06,demo11,4.5,2,6.5,3.1,3.8,1,No action,Deadline pressure,stable
2026-05-07,demo11,4,1.5,8,3.6,3.2,1,No action,Good peer contact,stable
2026-05-08,demo11,4,1.2,7.4,3.7,3.3,1,No action,Low sleep,stable
2026-05-09,demo11,3.7,1.9,8,4.3,4.1,1,No action,Took a short walk,stable
2026-05-10,demo11,3.7,2.6,7.3,3.6,3.2,1,No action,Busy timetable,stable
2026-05-11,demo11,2.7,3,7,3.3,2.9,1,No action,Felt supported,elevated
2026-05-12,demo11,2.7,3.6,7.4,4.2,3.8,1,No action,Quiet day,watch
2026-05-13,demo11,3.7,2.3,6.9,3.8,3,1,No action,Steady day,stable
2026-05-14,demo11,3.3,2.4,7.3,3.5,3.2,1,No action,Deadline pressure,stable
2026-05-15,demo11,3.6,1.2,7.8,3.9,3.6,1,No action,Good peer contact,stable
2026-05-16,demo11,4.3,1.3,8.1,3.3,4.5,1,No action,Low sleep,stable
2026-05-17,demo11,3.9,1.1,7.9,4.5,4.4,1,No action,Took a short walk,stable
2026-05-18,demo11,3.9,1,8.2,3.8,3.9,1,No action,Busy timetable,stable
2026-05-19,demo11,4.7,1.6,8.1,3.8,4.3,1,No action,Felt supported,stable
2026-05-20,demo11,3.9,2.1,8.2,4.5,3.8,1,No action,Quiet day,stable
2026-05-21,demo11,4.8,1.1,8.7,4.2,4.1,1,No action,Steady day,stable
2026-05-22,demo11,4.3,1,8.7,3.9,4.3,1,No action,Deadline pressure,stable
2026-05-23,demo11,4,1.7,7.1,3.9,3.9,1,No action,Good peer contact,stable
2026-05-24,demo11,4.5,1.5,8.2,4.9,3.5,1,No action,Low sleep,stable
2026-05-25,demo11,4.4,1.9,7.6,5,3.8,1,No action,Took a short walk,stable
2026-05-26,demo11,4,2.2,6.3,4.5,3.8,1,No action,Busy timetable,stable
2026-05-27,demo11,4.1,2.8,7.4,3.4,3.5,1,No action,Felt supported,stable
2026-05-28,demo11,4,2,8,3.6,3.7,1,No action,Quiet day,stable
2026-05-29,demo11,3.9,1.4,7.2,3.5,3.7,1,No action,Steady day,stable
2026-05-30,demo11,2.5,1.6,7.7,4.2,4,1,No action,Deadline pressure,stable
2026-05-31,demo11,4.2,2.4,8.1,3.7,3.8,1,No action,Good peer contact,stable
2026-06-01,demo11,3.3,2.7,6.6,3.1,3.4,1,Gentle nudge,Low sleep,watch
2026-06-02,demo11,2.6,3.8,6.1,2.6,3.2,1,Gentle nudge,Took a short walk,elevated
2026-06-03,demo11,2.3,3,7.1,2.9,2.7,1,Gentle nudge,Busy timetable,elevated
2026-06-04,demo11,3.1,2.8,7.4,3.5,2.7,1,No action,Felt supported,watch
2026-06-05,demo11,2.5,2.4,7.9,3,3.9,1,No action,Quiet day,watch
2026-06-06,demo11,3.6,2.1,6.9,3.5,4.1,1,No action,Steady day,stable
2026-06-07,demo11,3.5,3,6.7,4,2.9,1,No action,Deadline pressure,watch
2026-06-08,demo11,3.7,2.4,6.9,3.3,2.6,1,No action,Good peer contact,stable
2026-06-09,demo11,2.9,2.8,7.5,3.8,2.9,1,No action,Low sleep,watch
2026-06-10,demo11,3.7,2.5,7.6,2.9,3,1,No action,Took a short walk,stable
2026-06-11,demo11,3.1,1.9,8,4,3.1,1,No action,Busy timetable,stable
2026-06-12,demo11,3.7,1.5,7.4,3.2,3.1,1,No action,Felt supported,stable
2026-06-13,demo11,4.2,2.2,8.4,2.9,3.7,1,No action,Quiet day,stable
2026-06-14,demo11,2.8,2.5,7,3.4,2.8,1,No action,Steady day,watch
2026-06-15,demo11,2.9,3.1,6.5,2.7,3.1,1,Gentle nudge,Deadline pressure,elevated
2026-06-16,demo11,3.2,2.8,6.6,3.1,3.2,1,Gentle nudge,Good peer contact,watch
2026-06-17,demo11,3,3.4,6.8,3,3.4,1,Gentle nudge,Low sleep,elevated
2026-06-18,demo11,4,2.1,7.5,3.9,2.7,1,No action,Took a short walk,stable
2026-06-19,demo11,3.3,2.3,6.6,4.2,3.3,1,No action,Busy timetable,stable
2026-06-20,demo11,3.4,2.9,7,3.6,2.9,1,No action,Felt supported,watch
2026-06-21,demo11,3.2,3.1,7.5,3.3,3.6,1,No action,Quiet day,watch
2026-06-22,demo11,3.3,2.6,7.3,3.6,3.2,1,No action,Steady day,stable
2026-06-23,demo11,2.9,2.7,7.8,3.3,4,1,No action,Deadline pressure,stable
2026-06-24,demo11,3.3,2.3,7.2,3.5,3.2,1,No action,Good peer contact,stable
2026-06-25,demo11,3.7,2.8,8,3.9,3.9,1,No action,Low sleep,stable
2026-06-26,demo11,3.7,1.5,7.6,4.2,3.3,1,No action,Took a short walk,stable
2026-06-27,demo11,4.1,1.8,7.6,4.5,3.7,1,No action,Busy timetable,stable
2026-06-28,demo11,3,1.9,7.2,3.5,3.4,1,No action,Felt supported,stable
2026-06-29,demo11,3.9,2.6,6.9,3.5,3.3,1,No action,Quiet day,stable
2026-06-30,demo11,3.5,3.1,6.4,3.2,3.2,1,No action,Steady day,watch
2026-07-01,demo11,3.7,2.3,7.5,3,4,1,No action,Deadline pressure,stable
2026-07-02,demo11,3.6,2.3,7.9,3.6,3.9,1,No action,Good peer contact,stable
2026-07-03,demo11,3.3,2.2,7.7,3.9,3,1,No action,Low sleep,stable
2026-07-04,demo11,3.8,2.7,7.7,4,4.2,1,No action,Took a short walk,stable
2026-07-05,demo11,3.2,2.1,7.7,4.1,3.9,1,No action,Busy timetable,stable
2026-07-06,demo11,3.5,2.7,7.9,4.3,3.9,1,No action,Felt supported,stable
2026-07-07,demo11,2.6,3.2,7.3,3.5,3.3,1,Gentle nudge,Quiet day,elevated
2026-07-08,demo11,3.1,2.2,7,3.5,3.6,1,Gentle nudge,Steady day,stable
2026-07-09,demo11,2.8,2.5,6.4,3.7,2.9,1,Gentle nudge,Deadline pressure,watch
2026-07-10,demo11,3.3,2.6,7.6,3.3,2.7,1,No action,Good peer contact,watch
2026-07-11,demo11,3.9,2.9,7.9,3.7,3.4,1,No action,Low sleep,stable
2026-07-12,demo11,3.5,2.7,7.9,3.5,2.8,1,No action,Took a short walk,watch
2026-07-13,demo11,2.8,2.1,7,2.7,3.3,1,Gentle nudge,Busy timetable,watch
2026-07-14,demo11,3,2.9,6.9,3,3.4,1,No action,Felt supported,watch
2026-07-15,demo11,3.3,2.5,6.1,3,3.2,1,No action,Quiet day,watch
2026-07-16,demo11,2.9,2.2,7.3,4,3.5,1,No action,Steady day,stable
2026-07-17,demo11,2.9,2.3,7.2,3.3,4.2,1,No action,Deadline pressure,stable
2026-07-18,demo11,3,2.5,7.2,3.9,4.3,1,No action,Good peer contact,stable
2026-07-19,demo11,3,1.4,7.4,3.9,4,1,No action,Low sleep,stable
2026-07-20,demo11,3.7,3.2,7,4.1,4.2,1,No action,Took a short walk,stable
2026-07-21,demo11,3.2,2.2,6.8,3.6,3.1,1,No action,Busy timetable,stable
2026-07-22,demo11,3.4,2.7,8.1,3.7,3.2,1,No action,Felt supported,stable
2026-07-23,demo11,3.2,2.2,7.7,3.8,4.2,1,No action,Quiet day,stable
2026-07-24,demo11,3.7,2.3,7.5,4.1,3.9,1,No action,Steady day,stable
2026-07-25,demo11,3.5,2.8,6.9,4.2,3.2,1,No action,Deadline pressure,stable
2026-07-26,demo11,3.8,1.9,7.2,4.4,3.5,1,No action,Good peer contact,stable
2026-07-27,demo11,3.2,2.2,7.2,3.9,3.8,1,No action,Low sleep,stable
2026-07-28,demo11,3.3,2.2,8,4,2.5,1,No action,Took a short walk,stable
2026-07-29,demo11,3.7,2.6,7.3,3.6,3.5,1,No action,Busy timetable,stable
2026-07-30,demo11,3.2,2.4,7.5,3.7,4.1,1,No action,Felt supported,stable
2026-07-31,demo11,3.9,2.3,7.8,4,3.7,1,No action,Quiet day,stable
2026-08-01,demo11,3.3,2.1,7.4,3.3,3.1,1,No action,Steady day,stable
2026-08-02,demo11,3,2.4,7.9,3.7,3.8,1,No action,Deadline pressure,stable
2026-08-03,demo11,2.7,2.4,7.5,3.1,4.5,1,Gentle nudge,Good peer contact,stable
2026-08-04,demo11,3.5,2.5,7.1,3.3,2.6,1,No action,Low sleep,watch
2026-08-05,demo11,3.5,1.9,7.1,3.9,3.6,1,No action,Took a short walk,stable
2026-08-06,demo11,3.6,2.5,7.8,4.7,3.3,1,No action,Busy timetable,stable
2026-08-07,demo11,3.6,2.6,7.3,3.9,3,1,No action,Felt supported,stable
2026-08-08,demo11,3.1,2.5,6.5,4.2,3.9,1,No action,Quiet day,stable
2026-08-09,demo11,2.5,2.7,6.5,3.4,3.9,1,Gentle nudge,Steady day,watch
2026-08-10,demo11,2.6,3.9,6.2,3.2,3.6,1,Self-guided support,Deadline pressure,elevated
2026-08-11,demo11,2.4,3.1,6.3,2.5,3.2,1,Self-guided support,Good peer contact,elevated
2026-08-12,demo11,2.6,3.4,6.9,3.5,1.4,1,Self-guided support,Low sleep,elevated
2026-08-13,demo11,2,3.5,6.1,3.4,3.6,1,Gentle nudge,Took a short walk,elevated
2026-08-14,demo11,3.3,3.2,6.7,2.8,3.8,1,Gentle nudge,Busy timetable,watch
2026-08-15,demo11,3.1,2,6.7,3.7,3.3,1,Gentle nudge,Felt supported,stable
2026-08-16,demo11,4.1,2.7,6.6,3.1,3.5,1,No action,Quiet day,stable
2026-08-17,demo11,2.6,2.7,6.5,3.2,4.1,1,Gentle nudge,Steady day,watch
2026-08-18,demo11,3.1,3.8,5.8,3.8,3,1,Gentle nudge,Deadline pressure,elevated
2026-08-19,demo11,2.9,3.3,7.1,3.4,3.7,1,Gentle nudge,Good peer contact,watch
2026-08-20,demo11,3.1,2.8,7.2,3.6,3.2,1,No action,Low sleep,watch
2026-08-21,demo11,4.1,2.6,6.6,3.3,4.2,1,No action,Took a short walk,stable
2026-08-22,demo11,3.8,3,8,3.1,3.4,1,No action,Busy timetable,stable
2026-08-23,demo11,2.9,2.2,7.5,3.9,3.1,1,No action,Felt supported,stable
2026-08-24,demo11,3.5,2.8,7.7,3.3,3.6,1,No action,Quiet day,stable
2026-08-25,demo11,3.6,3,6.8,3.6,3.7,1,No action,Steady day,stable
2026-08-26,demo11,2.9,2.1,6.6,2.6,2.8,1,No action,Deadline pressure,watch
2026-08-27,demo11,3.2,2.2,8,3.6,3.6,1,No action,Good peer contact,stable
2026-08-28,demo11,3.2,2.3,7,4,3.7,1,No action,Low sleep,stable
2026-08-29,demo11,3.7,2.8,7.3,3.8,3.5,1,No action,Took a short walk,stable
2026-08-30,demo11,3.5,2.3,7.3,4.1,4.3,1,No action,Busy timetable,stable
2026-08-31,demo11,3.5,3.2,6.9,3.4,3.6,1,No action,Felt supported,watch
2026-09-01,demo11,3.7,2.2,8,3.3,3.1,1,No action,Quiet day,stable
2026-09-02,demo11,3.9,1.8,7.3,3.9,3.8,1,No action,Steady day,stable
2026-09-03,demo11,4.7,2.1,7.7,4.4,3.1,1,No action,Deadline pressure,stable
2026-09-04,demo11,4.6,1.5,8.6,4.1,3.4,1,No action,Good peer contact,stable
2026-09-05,demo11,4.2,1.7,8.3,3.9,2.5,1,No action,Low sleep,stable
2026-09-06,demo11,3.9,1.8,7.5,3.8,4.5,1,No action,Took a short walk,stable
2026-09-07,demo11,3.5,2.3,7.6,3.5,3.4,1,No action,Busy timetable,stable
2026-09-08,demo11,3.2,2.5,6.3,3.5,3.9,1,No action,Felt supported,stable
2026-09-09,demo11,3.6,2.8,7.7,3,3.5,1,No action,Quiet day,stable
2026-09-10,demo11,3.9,2.6,8,3.7,3,1,No action,Steady day,stable
2026-09-11,demo11,3.8,1.4,8,3.4,3.8,1,No action,Deadline pressure,stable
2026-09-12,demo11,3.8,1.2,7.9,4.5,4.8,1,No action,Good peer contact,stable
2026-09-13,demo11,3.4,2.8,6.8,3.6,4.1,1,No action,Low sleep,stable
2026-09-14,demo11,2.8,2.7,6.8,3.8,4.3,1,No action,Took a short walk,stable
2026-09-15,demo11,3.3,2.3,7.3,4,3.1,1,No action,Busy timetable,stable
2026-09-16,demo11,2.9,2.8,7.7,3.5,4,1,No action,Felt supported,stable
2026-09-17,demo11,3.2,2.1,7.9,3.6,3.2,1,No action,Quiet day,stable
2026-09-18,demo11,4.1,1.9,7.6,4.8,4.3,1,No action,Steady day,stable
2026-09-19,demo11,4.4,1.8,7.7,3.6,4.2,1,No action,Deadline pressure,stable
2026-03-24,demo12,3.7,1.8,8.2,3,3.6,1,No action,Deadline pressure,stable
2026-03-25,demo12,3.5,2.6,7.1,3.7,3.9,1,No action,Good peer contact,stable
2026-03-26,demo12,3.4,2,8,4.2,3.8,1,No action,Low sleep,stable
2026-03-27,demo12,3.2,2.7,7.3,3.8,3.2,1,No action,Took a short walk,stable
2026-03-28,demo12,3.4,2.1,6.7,3.5,2.8,1,No action,Busy timetable,stable
2026-03-29,demo12,2.8,3.3,7.3,3.1,3.3,1,No action,Felt supported,elevated
2026-03-30,demo12,3.8,2.9,7.1,3.2,3.5,1,No action,Quiet day,stable
2026-03-31,demo12,2.9,2.5,7.6,3.9,3.9,1,No action,Steady day,stable
2026-04-01,demo12,2.9,2.4,7.5,3.4,3.3,1,No action,Deadline pressure,watch
2026-04-02,demo12,3.2,1.9,7.1,3.6,3.3,1,No action,Good peer contact,stable
2026-04-03,demo12,3.1,3.7,8,3.6,3.5,1,No action,Low sleep,watch
2026-04-04,demo12,2.7,3.4,6.6,3.1,3.2,1,Gentle nudge,Took a short walk,elevated
2026-04-05,demo12,3.4,2.6,6.8,3.4,3.4,1,No action,Busy timetable,stable
2026-04-06,demo12,3.2,2.2,7.2,3.4,3.9,1,No action,Felt supported,stable
2026-04-07,demo12,3.8,2.4,6.6,4,3.2,1,No action,Quiet day,stable
2026-04-08,demo12,4.2,2.4,7.6,4.1,3.4,1,No action,Steady day,stable
2026-04-09,demo12,3.5,2.3,7.1,3.5,3.6,1,No action,Deadline pressure,stable
2026-04-10,demo12,3.6,2,7.5,4.2,2.8,1,No action,Good peer contact,stable
2026-04-11,demo12,3.4,2.5,7.2,3.8,3.1,1,No action,Low sleep,stable
2026-04-12,demo12,3,3,6.2,2.9,3.5,1,No action,Took a short walk,elevated
2026-04-13,demo12,3.2,2.2,6.8,3.6,3.5,1,No action,Busy timetable,stable
2026-04-14,demo12,3.5,3,7.3,3.6,4.4,1,No action,Felt supported,stable
2026-04-15,demo12,4,1.7,7.3,3.9,4,1,No action,Quiet day,stable
2026-04-16,demo12,3,2.5,6.8,3.7,3.8,1,No action,Steady day,stable
2026-04-17,demo12,3.8,2.6,5.9,3.8,2.9,1,No action,Deadline pressure,stable
2026-04-18,demo12,3,3.4,6.4,3.4,3.7,1,Gentle nudge,Good peer contact,watch
2026-04-19,demo12,3.2,2.5,7.5,3.1,3.6,1,No action,Low sleep,stable
2026-04-20,demo12,3.1,3.2,7.4,3,3.3,1,No action,Took a short walk,elevated
2026-04-21,demo12,3.2,2.6,6.9,3.2,3.8,1,No action,Busy timetable,stable
2026-04-22,demo12,3.1,2.8,7,3.6,3.5,1,No action,Felt supported,watch
2026-04-23,demo12,2.9,2.7,7.4,4.5,3,1,No action,Quiet day,stable
2026-04-24,demo12,3.3,2.8,7.4,3.6,3,1,No action,Steady day,watch
2026-04-25,demo12,3.2,3.1,6.7,3.1,3.5,1,Gentle nudge,Deadline pressure,watch
2026-04-26,demo12,3.6,2.9,6.8,3.8,3.3,1,No action,Good peer contact,stable
2026-04-27,demo12,3.1,2.9,6.7,3.3,3.5,1,No action,Low sleep,watch
2026-04-28,demo12,3.1,1.5,6.8,3.4,2.9,1,No action,Took a short walk,stable
2026-04-29,demo12,4.1,2.9,6.8,3.9,3.3,1,No action,Busy timetable,stable
2026-04-30,demo12,3.8,2.3,7.8,4.6,3.6,1,No action,Felt supported,stable
2026-05-01,demo12,2.8,2.4,7.1,4,2.6,1,No action,Quiet day,watch
2026-05-02,demo12,3.2,1.9,8.1,3.4,3.6,1,No action,Steady day,stable
2026-05-03,demo12,3.4,1.6,7.5,3.5,3.2,1,No action,Deadline pressure,stable
2026-05-04,demo12,3.8,1.5,8.1,3.4,3.3,1,No action,Good peer contact,stable
2026-05-05,demo12,4.1,1.7,7.9,4,4.6,1,No action,Low sleep,stable
2026-05-06,demo12,3.7,1.3,7.7,3.8,3.7,1,No action,Took a short walk,stable
2026-05-07,demo12,3.7,1.6,7.4,3.7,3.9,1,No action,Busy timetable,stable
2026-05-08,demo12,4.1,1.8,7.7,3.6,3.7,1,No action,Felt supported,stable
2026-05-09,demo12,3,2.3,7.3,3,3.7,1,No action,Quiet day,stable
2026-05-10,demo12,3.4,3.6,7.6,3.3,3,1,Gentle nudge,Steady day,elevated
2026-05-11,demo12,3.4,2.2,6.4,2.5,3,1,No action,Deadline pressure,watch
2026-05-12,demo12,2.4,3.1,8,3.4,2.9,1,No action,Good peer contact,elevated
2026-05-13,demo12,3.1,2.1,7.7,3.2,3.3,1,No action,Low sleep,stable
2026-05-14,demo12,2.9,2.4,7.8,3.9,3.7,1,No action,Took a short walk,stable
2026-05-15,demo12,3.1,3,7,2.7,3,1,No action,Busy timetable,elevated
2026-05-16,demo12,3.3,2.5,6.3,3.4,3.6,1,No action,Felt supported,stable
2026-05-17,demo12,2.6,3.5,6.6,3.4,3.5,1,Gentle nudge,Quiet day,elevated
2026-05-18,demo12,3.3,2.4,6.9,3,4.2,1,No action,Steady day,stable
2026-05-19,demo12,3.4,2.5,7.7,3,3.5,1,No action,Deadline pressure,stable
2026-05-20,demo12,3.1,2,6.3,3.1,2.8,1,No action,Good peer contact,watch
2026-05-21,demo12,3.5,1.7,7.5,3.8,3.5,1,No action,Low sleep,stable
2026-05-22,demo12,3.5,2.4,7.7,3.5,4,1,No action,Took a short walk,stable
2026-05-23,demo12,3.5,1.2,7.5,3.6,4.1,1,No action,Busy timetable,stable
2026-05-24,demo12,4.2,2.1,8.2,3.4,3.8,1,No action,Felt supported,stable
2026-05-25,demo12,3.8,2.2,7.4,3.8,3.1,1,No action,Quiet day,stable
2026-05-26,demo12,3.7,2,7.3,4.5,3.5,1,No action,Steady day,stable
2026-05-27,demo12,3.9,1.6,7.5,3.7,3.3,1,No action,Deadline pressure,stable
2026-05-28,demo12,3.6,1.5,7,3.3,3.7,1,No action,Good peer contact,stable
2026-05-29,demo12,3.8,1.8,7.8,3.7,3,1,No action,Low sleep,stable
2026-05-30,demo12,3.8,2.7,7.7,4.1,2.8,1,No action,Took a short walk,stable
2026-05-31,demo12,3.6,2.9,7.5,3.5,4.8,1,No action,Busy timetable,stable
2026-06-01,demo12,3.7,1.8,6.4,2.8,4.2,1,No action,Felt supported,stable
2026-06-02,demo12,3.2,2.5,7.1,3,3.8,1,No action,Quiet day,stable
2026-06-03,demo12,3.5,2.1,7.9,3.1,3.8,1,No action,Steady day,stable
2026-06-04,demo12,4.4,2.1,7.2,3.7,2.9,1,No action,Deadline pressure,stable
2026-06-05,demo12,3.5,2.6,6.8,3.9,3.9,1,No action,Good peer contact,stable
2026-06-06,demo12,2.7,2.7,7.7,3,3.2,1,No action,Low sleep,watch
2026-06-07,demo12,3.1,2.5,7.5,3.2,3.4,1,No action,Took a short walk,watch
2026-06-08,demo12,3.7,1.9,7.9,3.7,3.1,1,No action,Busy timetable,stable
2026-06-09,demo12,4.2,2,7.3,3.5,3.8,1,No action,Felt supported,stable
2026-06-10,demo12,4,1.6,7.3,3.5,4.1,1,No action,Quiet day,stable
2026-06-11,demo12,3.7,2.1,7.3,3.3,3.4,1,No action,Steady day,stable
2026-06-12,demo12,2.5,2,8.6,3.8,3,1,No action,Deadline pressure,stable
2026-06-13,demo12,3.1,1.6,7.5,3.6,3.5,1,No action,Good peer contact,stable
2026-06-14,demo12,3.5,2.4,7.8,4.1,3,1,No action,Low sleep,stable
2026-06-15,demo12,3,1.5,7.6,3.8,4.1,1,No action,Took a short walk,stable
2026-06-16,demo12,4.4,1.9,7.7,3.6,4.1,1,No action,Busy timetable,stable
2026-06-17,demo12,4.6,1.5,8.5,2.7,4,1,No action,Felt supported,stable
2026-06-18,demo12,4.3,2.4,7.9,4,3.8,1,No action,Quiet day,stable
2026-06-19,demo12,3.3,2.4,7.6,3.1,3.4,1,No action,Steady day,stable
2026-06-20,demo12,3.1,2.6,6.8,3.5,3.6,1,No action,Deadline pressure,stable
2026-06-21,demo12,3.6,2.8,6.3,3.5,4.1,1,Gentle nudge,Good peer contact,stable
2026-06-22,demo12,2.5,2.8,5.6,3.4,3.4,1,Gentle nudge,Low sleep,elevated
2026-06-23,demo12,3.9,3,7.6,3.3,2.6,1,No action,Took a short walk,watch
2026-06-24,demo12,3.8,2.8,8.1,3.1,2.8,1,No action,Busy timetable,watch
2026-06-25,demo12,3.2,1.8,6.3,3.8,3.6,1,No action,Felt supported,stable
2026-06-26,demo12,3.1,2.6,6.7,4,2.1,1,No action,Quiet day,watch
2026-06-27,demo12,3.5,2.4,7.4,3.5,3.8,1,No action,Steady day,stable
2026-06-28,demo12,2.8,2.6,6.8,3.7,4,1,No action,Deadline pressure,stable
2026-06-29,demo12,3.5,2.3,7.3,3.5,2.8,1,No action,Good peer contact,stable
2026-06-30,demo12,3.8,1.6,7.3,4.1,4,1,No action,Low sleep,stable
2026-07-01,demo12,4,2.2,7.7,4,3.9,1,No action,Took a short walk,stable
2026-07-02,demo12,3.9,1.8,7.1,4.1,4.1,1,No action,Busy timetable,stable
2026-07-03,demo12,4.1,2.2,6.9,3.5,3.5,1,No action,Felt supported,stable
2026-07-04,demo12,3.5,2.5,7.4,3.7,3.3,1,No action,Quiet day,stable
2026-07-05,demo12,3.2,2.2,7.7,3.4,4.5,1,No action,Steady day,stable
2026-07-06,demo12,3.4,2.5,7.3,3.7,3.9,1,No action,Deadline pressure,stable
2026-07-07,demo12,4.7,1.1,8.2,4.5,4.3,1,No action,Good peer contact,stable
2026-07-08,demo12,4.4,1.6,8,4,3.3,1,No action,Low sleep,stable
2026-07-09,demo12,3.1,2.1,7.5,4.2,2.6,1,No action,Took a short walk,stable
2026-07-10,demo12,3.7,2.1,7.5,3.8,3.3,1,No action,Busy timetable,stable
2026-07-11,demo12,3,2.6,7.9,3.5,3.3,1,No action,Felt supported,watch
2026-07-12,demo12,3.6,1.9,8.9,3.4,3.5,1,No action,Quiet day,stable
2026-07-13,demo12,4.4,1.6,7.8,4.7,3.4,1,No action,Steady day,stable
2026-07-14,demo12,3.6,2,7.7,3.6,3.7,1,No action,Deadline pressure,stable
2026-07-15,demo12,3.9,1.6,8.2,3.8,3.7,1,No action,Good peer contact,stable
2026-07-16,demo12,4.2,2,7.3,4.4,3.9,1,No action,Low sleep,stable
2026-07-17,demo12,4.2,1.9,7.4,3.8,4.3,1,No action,Took a short walk,stable
2026-07-18,demo12,3.3,1.9,7.6,4,3,1,No action,Busy timetable,stable
2026-07-19,demo12,3.6,2.5,6.2,3.6,3.3,1,No action,Felt supported,stable
2026-07-20,demo12,3.3,2.9,7.2,4.1,3.4,1,No action,Quiet day,stable
2026-07-21,demo12,3.7,2.2,7.3,3.9,3.8,1,No action,Steady day,stable
2026-07-22,demo12,3.6,1.7,7.9,4.1,3.7,1,No action,Deadline pressure,stable
2026-07-23,demo12,4.5,1.6,7.6,4.4,3.3,1,No action,Good peer contact,stable
2026-07-24,demo12,4,2.4,8,3.8,3.9,1,No action,Low sleep,stable
2026-07-25,demo12,3.5,2.1,8.3,3.5,3.6,1,No action,Took a short walk,stable
2026-07-26,demo12,3.3,3,6.8,3.8,3.9,1,No action,Busy timetable,stable
2026-07-27,demo12,3.1,2.4,6.7,3.7,3.3,1,No action,Felt supported,stable
2026-07-28,demo12,4.2,2.1,7.1,3.9,4,1,No action,Quiet day,stable
2026-07-29,demo12,4.4,2.2,7.3,3.4,3.8,1,No action,Steady day,stable
2026-07-30,demo12,3.5,2.3,7.2,4,3.6,1,No action,Deadline pressure,stable
2026-07-31,demo12,3.6,1.8,7.2,3.4,4.3,1,No action,Good peer contact,stable
2026-08-01,demo12,4,2,7,3.7,4.1,1,No action,Low sleep,stable
2026-08-02,demo12,3.4,2.3,7.9,3.9,2.9,1,No action,Took a short walk,stable
2026-08-03,demo12,3.2,2.9,7.5,3.3,4,1,No action,Busy timetable,stable
2026-08-04,demo12,4,2.5,7,3.4,3.2,1,No action,Felt supported,stable
2026-08-05,demo12,3.1,2.5,7,3.7,4.3,1,No action,Quiet day,stable
2026-08-06,demo12,3.5,3,7.9,3.8,4.3,1,No action,Steady day,stable
2026-08-07,demo12,3.1,2.7,6.6,3.5,3.9,1,Gentle nudge,Deadline pressure,stable
2026-08-08,demo12,2.8,3.4,6.5,2.7,2.5,1,Self-guided support,Good peer contact,elevated
2026-08-09,demo12,1.9,3.1,6,3.2,2.6,1,Gentle nudge,Low sleep,elevated
2026-08-10,demo12,2.5,2.8,5.8,3,3.3,1,Self-guided support,Took a short walk,elevated
2026-08-11,demo12,2.5,3.4,6.5,3.4,3.5,1,Gentle nudge,Busy timetable,elevated
2026-08-12,demo12,3.4,3,7,2.9,3.3,1,No action,Felt supported,watch
2026-08-13,demo12,3.3,2.9,6.5,3.7,3.2,1,No action,Quiet day,watch
2026-08-14,demo12,3,3,7.6,3.8,3.9,1,No action,Steady day,stable
2026-08-15,demo12,3.5,2.6,6.8,2.8,4.2,1,Gentle nudge,Deadline pressure,stable
2026-08-16,demo12,3,3.1,7.8,2.2,3.8,1,Gentle nudge,Good peer contact,elevated
2026-08-17,demo12,2.8,2.2,6.3,3.6,3.5,1,Gentle nudge,Low sleep,stable
2026-08-18,demo12,3.3,1.7,6.9,3.5,3.7,1,No action,Took a short walk,stable
2026-08-19,demo12,3.2,2.4,7,4,3.8,1,No action,Busy timetable,stable
2026-08-20,demo12,4.2,2.4,7.1,3.6,4.5,1,No action,Felt supported,stable
2026-08-21,demo12,3.8,2.6,7.4,3.5,3.5,1,No action,Quiet day,stable
2026-08-22,demo12,3.1,2.2,6.8,3.3,2.9,1,No action,Steady day,watch
2026-08-23,demo12,3.1,2.4,6.9,3.6,3.4,1,No action,Deadline pressure,stable
2026-08-24,demo12,3.4,2.1,7.6,3.9,4.8,1,No action,Good peer contact,stable
2026-08-25,demo12,4.1,1.9,7.5,4.2,3.6,1,No action,Low sleep,stable
2026-08-26,demo12,3.8,2,8,3.1,3.1,1,No action,Took a short walk,stable
2026-08-27,demo12,4.1,1.9,6.9,3.7,3.5,1,No action,Busy timetable,stable
2026-08-28,demo12,3.4,2.3,8.4,3.7,4.3,1,No action,Felt supported,stable
2026-08-29,demo12,3.3,3.6,7.2,3.5,2.5,1,No action,Quiet day,elevated
2026-08-30,demo12,2.5,3.2,7.4,3.2,3.2,1,Gentle nudge,Steady day,elevated
2026-08-31,demo12,2.9,3.1,7.5,3.7,2.6,1,No action,Deadline pressure,elevated
2026-09-01,demo12,3.2,2.1,6.5,3.8,3.5,1,No action,Good peer contact,stable
2026-09-02,demo12,3.2,2.2,6.3,4.6,3.3,1,No action,Low sleep,stable
2026-09-03,demo12,3.5,2.2,7,3.6,3.4,1,No action,Took a short walk,stable
2026-09-04,demo12,3.5,2.1,6.8,3.1,3.4,1,No action,Busy timetable,stable
2026-09-05,demo12,2.5,2.4,6.4,3.5,2.9,1,No action,Felt supported,watch
2026-09-06,demo12,3.6,3.3,7.6,2.8,2.6,1,No action,Quiet day,elevated
2026-09-07,demo12,3.4,2.4,6.8,2.9,3.6,1,No action,Steady day,stable
2026-09-08,demo12,3.2,2.2,8,3.3,3.1,1,No action,Deadline pressure,stable
2026-09-09,demo12,2.8,1.9,7.2,3.9,3.1,1,No action,Good peer contact,stable
2026-09-10,demo12,3.8,2.8,7.6,3.4,3.7,1,No action,Low sleep,stable
2026-09-11,demo12,3.4,2.9,8,3.5,3.5,1,No action,Took a short walk,stable
2026-09-12,demo12,2.9,3.1,7.7,3.9,4.3,1,No action,Busy timetable,stable
2026-09-13,demo12,3.2,2.6,7,3.5,3.8,1,No action,Felt supported,stable
2026-09-14,demo12,3,2.6,6.6,3.7,3.9,1,No action,Quiet day,stable
2026-09-15,demo12,3.5,2.8,6.8,3.5,2.5,1,No action,Steady day,watch
2026-09-16,demo12,4,2.9,7.7,3.4,4.4,1,No action,Deadline pressure,stable
2026-09-17,demo12,3.1,1.7,7.5,3.1,3.7,1,No action,Good peer contact,stable
2026-09-18,demo12,3.7,2.9,7.1,3.7,3.7,1,No action,Low sleep,stable
2026-09-19,demo12,4.2,2.7,6.5,3.3,4.1,1,No action,Took a short walk,stable
2026-03-24,demo13,3.7,2.2,8.3,3.3,3.6,1,No action,Took a short walk,stable
2026-03-25,demo13,3.9,1.4,7.7,4.4,4,1,No action,Busy timetable,stable
2026-03-26,demo13,3.3,2.2,7.5,4.2,3.1,1,No action,Felt supported,stable
2026-03-27,demo13,3,2.4,7.4,3.5,3.4,1,No action,Quiet day,stable
2026-03-28,demo13,2.6,2.9,7.2,3.2,3.5,1,No action,Steady day,watch
2026-03-29,demo13,2.7,2.9,6.6,4.3,3.4,1,No action,Deadline pressure,watch
2026-03-30,demo13,4.3,1.8,8.1,4.1,4.5,1,No action,Good peer contact,stable
2026-03-31,demo13,3.8,1.7,8.2,3.5,4.6,1,No action,Low sleep,stable
2026-04-01,demo13,4.3,1.5,7.5,4.2,4,1,No action,Took a short walk,stable
2026-04-02,demo13,3.6,2.3,7.2,3.6,3.8,1,No action,Busy timetable,stable
2026-04-03,demo13,3.6,2.2,8.3,3.5,3.3,1,No action,Felt supported,stable
2026-04-04,demo13,4.5,1.8,7.8,3,2.9,1,No action,Quiet day,stable
2026-04-05,demo13,3.8,1.4,7.4,4,4.4,1,No action,Steady day,stable
2026-04-06,demo13,3.8,2.4,7.2,3.9,4,1,No action,Deadline pressure,stable
2026-04-07,demo13,3.5,2.9,6.8,3.9,5,1,No action,Good peer contact,stable
2026-04-08,demo13,3.2,2.3,8.2,3.4,3.1,1,No action,Low sleep,stable
2026-04-09,demo13,3.1,2.7,6.7,3.7,3,1,No action,Took a short walk,watch
2026-04-10,demo13,1.8,3.6,6.3,2.4,3.2,1,Gentle nudge,Busy timetable,elevated
2026-04-11,demo13,3,2.2,7.9,2.2,4.1,1,Gentle nudge,Felt supported,stable
2026-04-12,demo13,2.9,2.9,6.4,2.9,2.7,1,Gentle nudge,Quiet day,elevated
2026-04-13,demo13,3,2.1,6.2,2.9,3.3,1,Gentle nudge,Steady day,watch
2026-04-14,demo13,2.7,2.9,7.4,3,3.4,1,No action,Deadline pressure,elevated
2026-04-15,demo13,3.3,2.1,6.3,4.2,3.7,1,No action,Good peer contact,stable
2026-04-16,demo13,3.8,2.8,7.8,3.2,3.4,1,No action,Low sleep,stable
2026-04-17,demo13,2.3,2.5,8.1,3.1,3.2,1,No action,Took a short walk,watch
2026-04-18,demo13,3.2,2.3,7.4,3.3,3.7,1,No action,Busy timetable,stable
2026-04-19,demo13,3.1,3,7.1,3.6,3.3,1,No action,Felt supported,watch
2026-04-20,demo13,3.3,3,7.3,3.4,4.1,1,No action,Quiet day,stable
2026-04-21,demo13,3.7,2.2,6.8,4,3.9,1,No action,Steady day,stable
2026-04-22,demo13,3.7,2.4,7.2,3.6,3,1,No action,Deadline pressure,stable
2026-04-23,demo13,4.3,1.6,8.4,4.3,3.1,1,No action,Good peer contact,stable
2026-04-24,demo13,4.6,1.9,7.4,3.8,2.5,1,No action,Low sleep,stable
2026-04-25,demo13,4.2,2.4,6.7,3.9,3,1,No action,Took a short walk,stable
2026-04-26,demo13,3.7,1.9,6.8,3.8,4.1,1,No action,Busy timetable,stable
2026-04-27,demo13,3.8,1.4,8.4,3.7,4.2,1,No action,Felt supported,stable
2026-04-28,demo13,3.8,1.6,7.8,3.5,3.5,1,No action,Quiet day,stable
2026-04-29,demo13,3.8,1.4,7.5,4.4,3.6,1,No action,Steady day,stable
2026-04-30,demo13,3.5,2,7.4,2.8,3.3,1,No action,Deadline pressure,stable
2026-05-01,demo13,4.2,1.6,7.3,3.9,3.8,1,No action,Good peer contact,stable
2026-05-02,demo13,3.3,1.7,7,3.3,3.1,1,No action,Low sleep,stable
2026-05-03,demo13,3.4,1.8,8.1,3,3.8,1,No action,Took a short walk,stable
2026-05-04,demo13,4.1,1.8,8.4,4.3,2.8,1,No action,Busy timetable,stable
2026-05-05,demo13,3.5,1.5,7.3,4.1,3.5,1,No action,Felt supported,stable
2026-05-06,demo13,4.2,1.8,7.6,4.2,3.4,1,No action,Quiet day,stable
2026-05-07,demo13,4.1,1.2,7.8,4.6,3.7,1,No action,Steady day,stable
2026-05-08,demo13,4.2,1.8,8.3,4.4,4.7,1,No action,Deadline pressure,stable
2026-05-09,demo13,4,2.1,7.9,3.7,3.4,1,No action,Good peer contact,stable
2026-05-10,demo13,3.2,1.7,6.5,4.2,3.4,1,No action,Low sleep,stable
2026-05-11,demo13,3.3,1.8,7.8,3.5,3.6,1,No action,Took a short walk,stable
2026-05-12,demo13,4.1,1.3,8.3,4.4,3.9,1,No action,Busy timetable,stable
2026-05-13,demo13,3.4,1,7.7,3.8,4.1,1,No action,Felt supported,stable
2026-05-14,demo13,4.1,2.1,8.3,3.8,4.1,1,No action,Quiet day,stable
2026-05-15,demo13,3.3,2,7.9,4.2,3.7,1,No action,Steady day,stable
2026-05-16,demo13,3.7,2.4,6.7,3.6,3.3,1,No action,Deadline pressure,stable
2026-05-17,demo13,3.5,2.3,7,3.3,3.4,1,No action,Good peer contact,stable
2026-05-18,demo13,3,2.4,7.6,3.8,4,1,No action,Low sleep,stable
2026-05-19,demo13,3.2,1.4,7.5,4.1,3,1,No action,Took a short walk,stable
2026-05-20,demo13,3.5,2.3,7.6,3.5,3.9,1,No action,Busy timetable,stable
2026-05-21,demo13,4,2.9,7.8,3.4,3.5,1,No action,Felt supported,stable
2026-05-22,demo13,3.3,2,6.7,3.6,3.1,1,No action,Quiet day,stable
2026-05-23,demo13,3.7,2.4,7.2,3.2,3.8,1,No action,Steady day,stable
2026-05-24,demo13,3.6,2.4,7.2,3.6,2.9,1,No action,Deadline pressure,stable
2026-05-25,demo13,4,2.3,7.6,3.2,3.5,1,No action,Good peer contact,stable
2026-05-26,demo13,3.4,2.4,7.3,3.5,3.4,1,No action,Low sleep,stable
2026-05-27,demo13,3.6,2.4,7.7,3.6,4.4,1,No action,Took a short walk,stable
2026-05-28,demo13,3.8,1.9,7.5,3.3,4,1,No action,Busy timetable,stable
2026-05-29,demo13,3.4,2,7.2,3.5,2.9,1,No action,Felt supported,stable
2026-05-30,demo13,3.9,2.8,7.4,3.4,3.6,1,No action,Quiet day,stable
2026-05-31,demo13,2.7,3.2,5.9,3.2,3.5,1,No action,Steady day,elevated
2026-06-01,demo13,3.6,2.1,8.1,3.3,3.8,1,No action,Deadline pressure,stable
2026-06-02,demo13,4.4,2.2,7.7,3.2,3.7,1,No action,Good peer contact,stable
2026-06-03,demo13,4,1.8,8.1,3.8,3.6,1,No action,Low sleep,stable
2026-06-04,demo13,3.8,2.3,7.5,3.2,3.2,1,No action,Took a short walk,stable
2026-06-05,demo13,3.5,2.6,7.9,3.3,3.9,1,No action,Busy timetable,stable
2026-06-06,demo13,3.3,2.5,7.3,4,2.9,1,No action,Felt supported,stable
2026-06-07,demo13,3.9,2.2,7.2,3.7,3.6,1,No action,Quiet day,stable
2026-06-08,demo13,4.1,2.3,6.7,4,3.4,1,No action,Steady day,stable
2026-06-09,demo13,4.5,2.6,8.1,3.1,3.4,1,No action,Deadline pressure,stable
2026-06-10,demo13,3.5,2.4,7.6,3.8,3.3,1,No action,Good peer contact,stable
2026-06-11,demo13,4,1.1,7.6,3.8,3.9,1,No action,Low sleep,stable
2026-06-12,demo13,3.7,1.8,7.6,3.9,3.9,1,No action,Took a short walk,stable
2026-06-13,demo13,4,2,8.5,3.7,3.9,1,No action,Busy timetable,stable
2026-06-14,demo13,4,3,7.8,3.6,3.8,1,No action,Felt supported,stable
2026-06-15,demo13,3.6,2,7.3,3.6,4.6,1,No action,Quiet day,stable
2026-06-16,demo13,3.6,1.6,8.2,4.3,4,1,No action,Steady day,stable
2026-06-17,demo13,4.2,1.2,8.3,4.2,3.9,1,No action,Deadline pressure,stable
2026-06-18,demo13,4.7,1.7,8.5,3.7,3.5,1,No action,Good peer contact,stable
2026-06-19,demo13,4,2.3,7.2,4.4,3.4,1,No action,Low sleep,stable
2026-06-20,demo13,2.9,2,7.7,4,3.5,1,No action,Took a short walk,stable
2026-06-21,demo13,3.5,2.1,6.6,3.6,4.5,1,No action,Busy timetable,stable
2026-06-22,demo13,4.2,1.5,8,3.8,3.8,1,No action,Felt supported,stable
2026-06-23,demo13,5,2.1,7.8,4.7,3.9,1,No action,Quiet day,stable
2026-06-24,demo13,4.1,1.9,7.7,3.4,3.6,1,No action,Steady day,stable
2026-06-25,demo13,4.3,1.5,8.3,3.5,3.6,1,No action,Deadline pressure,stable
2026-06-26,demo13,3.5,1.9,6.1,3.3,4.2,1,No action,Good peer contact,stable
2026-06-27,demo13,3.8,2.7,6.3,3,3.8,1,No action,Low sleep,stable
2026-06-28,demo13,3.6,2.7,7.3,3.7,3.8,1,No action,Took a short walk,stable
2026-06-29,demo13,2.9,2.2,7.2,4.5,3.7,1,No action,Busy timetable,stable
2026-06-30,demo13,3.6,2.3,7.2,3.6,3.8,1,No action,Felt supported,stable
2026-07-01,demo13,4,1.1,8.1,4.2,3.5,1,No action,Quiet day,stable
2026-07-02,demo13,3.4,2.3,7.4,3.4,3.1,1,No action,Steady day,stable
2026-07-03,demo13,3.4,3,7.2,3.2,2.8,1,No action,Deadline pressure,watch
2026-07-04,demo13,3.1,2.8,7.2,3.3,3.1,1,Gentle nudge,Good peer contact,watch
2026-07-05,demo13,3.1,2.3,6.6,3.1,3.5,1,No action,Low sleep,stable
2026-07-06,demo13,3,2.1,7.2,3.9,3,1,No action,Took a short walk,stable
2026-07-07,demo13,3.4,2.9,7.2,3.5,3.4,1,No action,Busy timetable,stable
2026-07-08,demo13,3.5,3,6.7,3.3,3.7,1,No action,Felt supported,stable
2026-07-09,demo13,3.1,2.6,6.8,3.5,3.4,1,No action,Quiet day,watch
2026-07-10,demo13,3.7,2.1,6.9,3.3,3.6,1,No action,Steady day,stable
2026-07-11,demo13,4.1,3.1,7.4,3.1,2.9,1,No action,Deadline pressure,watch
2026-07-12,demo13,2.6,2.6,6.5,4.2,3.9,1,No action,Good peer contact,stable
2026-07-13,demo13,3.5,3,7.9,3.5,2.9,1,No action,Low sleep,watch
2026-07-14,demo13,4.4,2,7.7,4.3,3.4,1,No action,Took a short walk,stable
2026-07-15,demo13,4.5,2.1,8.3,4.3,3.2,1,No action,Busy timetable,stable
2026-07-16,demo13,3.7,1,7.8,4.6,3.6,1,No action,Felt supported,stable
2026-07-17,demo13,3.6,2.2,8,4,4.4,1,No action,Quiet day,stable
2026-07-18,demo13,3.8,2,7.3,4,4.4,1,No action,Steady day,stable
2026-07-19,demo13,3.7,2.3,7.5,3.7,3,1,No action,Deadline pressure,stable
2026-07-20,demo13,4.7,1.6,7.8,3.8,3.2,1,No action,Good peer contact,stable
2026-07-21,demo13,4.3,1.6,7.6,4,4,1,No action,Low sleep,stable
2026-07-22,demo13,3.7,2.3,6.9,3.6,4.3,1,No action,Took a short walk,stable
2026-07-23,demo13,4.4,2.5,7.9,4.2,3.9,1,No action,Busy timetable,stable
2026-07-24,demo13,3.3,2.4,6.3,3.7,3.2,1,No action,Felt supported,stable
2026-07-25,demo13,3.8,2.5,6.6,3.4,4.2,1,No action,Quiet day,stable
2026-07-26,demo13,3.8,2.5,7.7,2.9,3.9,1,No action,Steady day,stable
2026-07-27,demo13,3.5,1.8,7,3.1,3.5,1,No action,Deadline pressure,stable
2026-07-28,demo13,3.2,2.3,7.8,4.2,3.4,1,No action,Good peer contact,stable
2026-07-29,demo13,3.7,2.4,8,4.3,3.1,1,No action,Low sleep,stable
2026-07-30,demo13,3.2,2.8,7.4,3.5,2.8,1,No action,Took a short walk,watch
2026-07-31,demo13,2.8,2.8,7.5,3.4,3.9,1,Gentle nudge,Busy timetable,watch
2026-08-01,demo13,3.5,3,6.3,3.2,2.9,1,Gentle nudge,Felt supported,watch
2026-08-02,demo13,3.4,2.6,7.3,2.9,3.7,1,No action,Quiet day,stable
2026-08-03,demo13,3.1,2.6,7.6,3.9,3.1,1,No action,Steady day,stable
2026-08-04,demo13,3.3,2,7.7,3.7,2.7,1,No action,Deadline pressure,stable
2026-08-05,demo13,3.7,2,7.4,4.2,3.5,1,No action,Good peer contact,stable
2026-08-06,demo13,3.5,2.4,7,3.8,2.8,1,No action,Low sleep,stable
2026-08-07,demo13,3.4,2.7,6.5,3.5,3.4,1,No action,Took a short walk,stable
2026-08-08,demo13,3.2,3.4,6.7,3.7,3,1,Gentle nudge,Busy timetable,elevated
2026-08-09,demo13,2.6,3.4,6.9,3.1,2.9,1,Gentle nudge,Felt supported,elevated
2026-08-10,demo13,3.4,2.6,7.7,3.3,3.4,1,No action,Quiet day,stable
2026-08-11,demo13,3.9,3.3,7,3.7,3.7,1,Gentle nudge,Steady day,stable
2026-08-12,demo13,2.8,2.3,6.7,3.8,2.8,1,Gentle nudge,Deadline pressure,watch
2026-08-13,demo13,3.6,3.2,6.2,2.7,3.5,1,Gentle nudge,Good peer contact,watch
2026-08-14,demo13,3.5,3,6.9,3.7,3.2,1,Gentle nudge,Low sleep,watch
2026-08-15,demo13,3.1,3,6.9,3.6,2.8,1,Gentle nudge,Took a short walk,watch
2026-08-16,demo13,2.9,2.6,7,3.5,3.8,1,No action,Busy timetable,stable
2026-08-17,demo13,3.4,2.9,7.5,3.1,3,1,No action,Felt supported,watch
2026-08-18,demo13,3.9,2.4,7,3.1,3.3,1,No action,Quiet day,stable
2026-08-19,demo13,3.1,2.8,6.8,3.2,3.7,1,No action,Steady day,watch
2026-08-20,demo13,2.7,2,7,2.3,3,1,No action,Deadline pressure,watch
2026-08-21,demo13,3.3,3,6.6,3,3,1,Gentle nudge,Good peer contact,elevated
2026-08-22,demo13,3.3,3.2,7.1,2.8,2,1,Gentle nudge,Low sleep,elevated
2026-08-23,demo13,2.8,2.3,6.4,3.5,3.8,1,No action,Took a short walk,stable
2026-08-24,demo13,3.8,2.4,7.2,3.9,2.7,1,No action,Busy timetable,stable
2026-08-25,demo13,3.8,2.4,7.3,3.7,3.6,1,No action,Felt supported,stable
2026-08-26,demo13,2.4,2,7.3,3.2,3.3,1,No action,Quiet day,watch
2026-08-27,demo13,4.4,1.9,7.7,3.8,3.3,1,No action,Steady day,stable
2026-08-28,demo13,3.5,2.5,8,3.9,3.3,1,No action,Deadline pressure,stable
2026-08-29,demo13,3.4,1.9,7.1,2.8,3.7,1,No action,Good peer contact,stable
2026-08-30,demo13,3.4,2.1,6.5,3.3,3.1,1,No action,Low sleep,stable
2026-08-31,demo13,3.4,2.5,8,3.2,4.1,1,No action,Took a short walk,stable
2026-09-01,demo13,3.7,2.2,7,3.5,3.7,1,No action,Busy timetable,stable
2026-09-02,demo13,3.6,1.8,7.4,3.8,4.1,1,No action,Felt supported,stable
2026-09-03,demo13,3.7,2,7.8,4.1,2.9,1,No action,Quiet day,stable
2026-09-04,demo13,3.4,3.2,7,4.2,3.6,1,No action,Steady day,stable
2026-09-05,demo13,2.9,2.7,7.8,3.5,3.1,1,No action,Deadline pressure,watch
2026-09-06,demo13,3,3.3,7.5,3.7,3.7,1,No action,Good peer contact,watch
2026-09-07,demo13,3.6,2.4,6.7,3.4,3.5,1,No action,Low sleep,stable
2026-09-08,demo13,3,3,6.1,3.9,3.3,1,No action,Took a short walk,watch
2026-09-09,demo13,3.6,2,8.1,3.5,3.5,1,No action,Busy timetable,stable
2026-09-10,demo13,3.3,1.8,7.4,3.7,2.7,1,No action,Felt supported,stable
2026-09-11,demo13,3.6,1.8,7.4,3.4,4.6,1,No action,Quiet day,stable
2026-09-12,demo13,3.1,2.1,8.7,2.9,3,1,No action,Steady day,stable
2026-09-13,demo13,2.6,2.8,8.1,4.1,3.3,1,No action,Deadline pressure,watch
2026-09-14,demo13,3.4,2.9,7.8,3.9,3.3,1,No action,Good peer contact,stable
2026-09-15,demo13,3.5,1.5,6.4,4.4,3.7,1,No action,Low sleep,stable
2026-09-16,demo13,3.5,2.6,7.4,3.4,3.3,1,No action,Took a short walk,stable
2026-09-17,demo13,3.8,2.4,7.7,3.7,3.6,1,No action,Busy timetable,stable
2026-09-18,demo13,3.3,2.8,6.7,2.7,3.4,1,No action,Felt supported,watch
2026-09-19,demo13,3.5,3,7.2,2.5,3.8,1,No action,Quiet day,watch
2026-03-24,demo14,3,1.8,7.3,4.1,3.4,1,No action,Quiet day,stable
2026-03-25,demo14,3.9,2.3,7.1,3.1,3.5,1,No action,Steady day,stable
2026-03-26,demo14,3.6,1.8,7.2,4.2,3.8,1,No action,Deadline pressure,stable
2026-03-27,demo14,3.6,2.1,6.5,4,4,1,No action,Good peer contact,stable
2026-03-28,demo14,4.5,2.7,7,3.5,3.7,1,No action,Low sleep,stable
2026-03-29,demo14,3.7,2.6,7.8,3,3.9,1,No action,Took a short walk,stable
2026-03-30,demo14,4,2.3,7.4,3.5,3.9,1,No action,Busy timetable,stable
2026-03-31,demo14,4.1,1.8,7.5,4.3,4.4,1,No action,Felt supported,stable
2026-04-01,demo14,3.1,2,6.8,4.4,4.4,1,No action,Quiet day,stable
2026-04-02,demo14,3.1,1.6,7.9,3.6,3.6,1,No action,Steady day,stable
2026-04-03,demo14,3.6,2.5,6.7,4,2.7,1,No action,Deadline pressure,stable
2026-04-04,demo14,3.5,3,6.7,3.4,3.3,1,No action,Good peer contact,watch
2026-04-05,demo14,3.9,1,8,3.4,3.5,1,No action,Low sleep,stable
2026-04-06,demo14,3.6,1.3,8.1,3.6,3.8,1,No action,Took a short walk,stable
2026-04-07,demo14,4.3,2.2,8.4,3.7,4,1,No action,Busy timetable,stable
2026-04-08,demo14,3.8,1.4,6.8,3.6,3.9,1,No action,Felt supported,stable
2026-04-09,demo14,3.3,1.8,7.1,4,3.6,1,No action,Quiet day,stable
2026-04-10,demo14,3,2.6,6.7,3.6,3.4,1,No action,Steady day,watch
2026-04-11,demo14,3.6,2.7,7.1,3,2.9,1,No action,Deadline pressure,watch
2026-04-12,demo14,3.4,2.8,7.7,2.4,3.2,1,Gentle nudge,Good peer contact,watch
2026-04-13,demo14,4.1,3,6.9,3.3,4.1,1,No action,Low sleep,stable
2026-04-14,demo14,4.1,2.9,6.9,3.3,4.1,1,No action,Took a short walk,stable
2026-04-15,demo14,3.7,2.8,7.1,3.5,3.8,1,No action,Busy timetable,stable
2026-04-16,demo14,2.2,2.5,6.6,3.1,3,1,Gentle nudge,Felt supported,elevated
2026-04-17,demo14,3.2,2.7,6.6,3.1,3,1,Gentle nudge,Quiet day,watch
2026-04-18,demo14,2.3,2.7,6.4,3.1,2.9,1,No action,Steady day,elevated
2026-04-19,demo14,3.4,3,7.1,3.3,3.4,1,No action,Deadline pressure,watch
2026-04-20,demo14,3.8,2,7.6,3.8,4.2,1,No action,Good peer contact,stable
2026-04-21,demo14,2.9,2.4,8,3.2,3.5,1,No action,Low sleep,stable
2026-04-22,demo14,3.6,3,6.9,4,3.6,1,No action,Took a short walk,stable
2026-04-23,demo14,3.9,1.9,8.8,3.4,4.3,1,No action,Busy timetable,stable
2026-04-24,demo14,3.1,3.2,6.2,3.8,3.7,1,No action,Felt supported,watch
2026-04-25,demo14,3.9,2.2,5.8,3.9,3.2,1,No action,Quiet day,stable
2026-04-26,demo14,3.3,2.6,7.4,3.6,3.2,1,No action,Steady day,stable
2026-04-27,demo14,3.5,2.1,6.9,3.3,3.6,1,No action,Deadline pressure,stable
2026-04-28,demo14,3.6,1.8,7.9,3.5,2.5,1,No action,Good peer contact,stable
2026-04-29,demo14,3.2,2.5,7.7,4.1,3.9,1,No action,Low sleep,stable
2026-04-30,demo14,3.8,2.7,6.9,3.6,3.2,1,No action,Took a short walk,stable
2026-05-01,demo14,3.3,2.6,6.5,2.9,3.1,1,Gentle nudge,Busy timetable,watch
2026-05-02,demo14,2.7,3.5,6.3,3.3,2.8,1,No action,Felt supported,elevated
2026-05-03,demo14,3,2.2,7,3.5,2.9,1,No action,Quiet day,watch
2026-05-04,demo14,3.7,1.9,7.4,4,3.6,1,No action,Steady day,stable
2026-05-05,demo14,3.2,1.6,6.9,4.1,3.2,1,No action,Deadline pressure,stable
2026-05-06,demo14,3.5,2,7.2,4,3.8,1,No action,Good peer contact,stable
2026-05-07,demo14,3.5,3.2,8.2,4.2,2.8,1,No action,Low sleep,watch
2026-05-08,demo14,4.8,1.3,6.5,3.2,3.6,1,No action,Took a short walk,stable
2026-05-09,demo14,3.3,2.3,7.2,4.1,3.5,1,No action,Busy timetable,stable
2026-05-10,demo14,4.2,1.8,7.7,4.3,3.2,1,No action,Felt supported,stable
2026-05-11,demo14,3.5,1.6,7.8,3.9,3.9,1,No action,Quiet day,stable
2026-05-12,demo14,4.2,1.4,8.6,4.7,4.3,1,No action,Steady day,stable
2026-05-13,demo14,3.9,1.5,8,3.8,3.8,1,No action,Deadline pressure,stable
2026-05-14,demo14,3.3,2.8,8.1,3.8,3.9,1,No action,Good peer contact,stable
2026-05-15,demo14,3.4,2.3,6.8,3,3.2,1,No action,Low sleep,stable
2026-05-16,demo14,3.2,2.4,7.2,3,3.5,1,No action,Took a short walk,stable
2026-05-17,demo14,3.5,2.2,7.2,4.3,3.5,1,No action,Busy timetable,stable
2026-05-18,demo14,3.4,1.9,7,3.7,3.4,1,No action,Felt supported,stable
2026-05-19,demo14,3.8,2.1,6.9,4.3,3.7,1,No action,Quiet day,stable
2026-05-20,demo14,4,2.1,6.6,3.9,3.4,1,No action,Steady day,stable
2026-05-21,demo14,3.2,2.6,7.8,3.6,2.9,1,No action,Deadline pressure,watch
2026-05-22,demo14,3.2,2.8,6.4,3.4,4,1,No action,Good peer contact,stable
2026-05-23,demo14,2.7,2.5,7.5,3.1,3.1,1,Gentle nudge,Low sleep,watch
2026-05-24,demo14,3.5,2.9,7.2,3.4,3.5,1,No action,Took a short walk,stable
2026-05-25,demo14,2.6,2.9,8.4,3.7,3.3,1,No action,Busy timetable,watch
2026-05-26,demo14,3.3,2.3,7.4,3.9,3.2,1,No action,Felt supported,stable
2026-05-27,demo14,3,2.8,6.8,3.2,3.2,1,Gentle nudge,Quiet day,watch
2026-05-28,demo14,3.7,2.6,7.4,2.4,3,1,Gentle nudge,Steady day,watch
2026-05-29,demo14,3.1,3.1,6.8,3.2,2.7,1,Gentle nudge,Deadline pressure,elevated
2026-05-30,demo14,2.2,2.8,7,2.7,3.4,1,Gentle nudge,Good peer contact,elevated
2026-05-31,demo14,2.5,3,6.3,3.1,3.2,1,Gentle nudge,Low sleep,elevated
2026-06-01,demo14,3.7,2.4,7.2,2.8,4.4,1,No action,Took a short walk,stable
2026-06-02,demo14,2.9,2.7,7.3,3.2,2.5,1,No action,Busy timetable,elevated
2026-06-03,demo14,3.6,2.6,6.4,3.4,3.8,1,No action,Felt supported,stable
2026-06-04,demo14,3,3.2,6.2,4.1,3.4,1,No action,Quiet day,watch
2026-06-05,demo14,3.1,2.9,7.2,3.4,3.2,1,No action,Steady day,watch
2026-06-06,demo14,3.1,2,6.7,2.5,3.1,1,Gentle nudge,Deadline pressure,watch
2026-06-07,demo14,2.8,2.9,6.7,4,3.3,1,No action,Good peer contact,watch
2026-06-08,demo14,3.9,1.2,7.2,4.2,3.7,1,No action,Low sleep,stable
2026-06-09,demo14,3.4,1.4,7.6,3.9,3.6,1,No action,Took a short walk,stable
2026-06-10,demo14,2.8,1.6,7.4,4.4,3.7,1,No action,Busy timetable,stable
2026-06-11,demo14,3.4,1.7,7.8,3.6,3.3,1,No action,Felt supported,stable
2026-06-12,demo14,3.7,1.5,7.5,4.5,3.9,1,No action,Quiet day,stable
2026-06-13,demo14,4.6,2.1,7.7,4.1,4.6,1,No action,Steady day,stable
2026-06-14,demo14,4.1,1.9,7.1,4.3,3.9,1,No action,Deadline pressure,stable
2026-06-15,demo14,3.2,1.1,8,4.1,3,1,No action,Good peer contact,stable
2026-06-16,demo14,3.4,1.4,7.1,4.2,3.6,1,No action,Low sleep,stable
2026-06-17,demo14,4.5,2,8,4.4,3.3,1,No action,Took a short walk,stable
2026-06-18,demo14,3.7,1.9,7.9,4,4,1,No action,Busy timetable,stable
2026-06-19,demo14,4.1,2.7,7.3,3.6,3.7,1,No action,Felt supported,stable
2026-06-20,demo14,3.8,1.8,6.2,4.1,3.6,1,No action,Quiet day,stable
2026-06-21,demo14,4.2,1.3,7.9,3.5,4,1,No action,Steady day,stable
2026-06-22,demo14,4.5,1.8,8,4.1,3,1,No action,Deadline pressure,stable
2026-06-23,demo14,4.3,1.5,8.3,4.9,3.2,1,No action,Good peer contact,stable
2026-06-24,demo14,3.9,1.7,6.8,3.5,3.9,1,No action,Low sleep,stable
2026-06-25,demo14,3.4,2.4,7.6,4,3.7,1,No action,Took a short walk,stable
2026-06-26,demo14,4.2,1.9,7.2,3.9,3.4,1,No action,Busy timetable,stable
2026-06-27,demo14,3.1,2.7,6.8,3.9,3.7,1,No action,Felt supported,stable
2026-06-28,demo14,3.4,2.4,6.9,4.1,2.7,1,No action,Quiet day,stable
2026-06-29,demo14,3.9,2.5,7.2,3.3,2.9,1,No action,Steady day,stable
2026-06-30,demo14,3.3,2.2,7.5,2.8,3.4,1,No action,Deadline pressure,stable
2026-07-01,demo14,3.3,2.3,7.5,3.5,4.4,1,No action,Good peer contact,stable
2026-07-02,demo14,2.9,2.2,7.4,3.7,2.9,1,No action,Low sleep,stable
2026-07-03,demo14,3.3,2.3,7.1,3.7,3.5,1,No action,Took a short walk,stable
2026-07-04,demo14,3.4,2,6.1,4.2,2.9,1,No action,Busy timetable,stable
2026-07-05,demo14,3.8,1.8,7.5,4.4,3.6,1,No action,Felt supported,stable
2026-07-06,demo14,3.8,1.7,7.4,3.5,3.4,1,No action,Quiet day,stable
2026-07-07,demo14,3.4,2,7.6,4.9,4,1,No action,Steady day,stable
2026-07-08,demo14,3.8,1.7,8.3,3.9,4.4,1,No action,Deadline pressure,stable
2026-07-09,demo14,3.5,2,7.1,3.7,4,1,No action,Good peer contact,stable
2026-07-10,demo14,3.7,2.1,7.5,3.8,3.8,1,No action,Low sleep,stable
2026-07-11,demo14,3,2.8,6.9,3,3.1,1,No action,Took a short walk,watch
2026-07-12,demo14,4,2.2,7,4,3.4,1,No action,Busy timetable,stable
2026-07-13,demo14,3.9,1,7.8,4.2,3.9,1,No action,Felt supported,stable
2026-07-14,demo14,3.8,1,7.8,4.8,3.7,1,No action,Quiet day,stable
2026-07-15,demo14,3.5,2.2,6.9,3.4,3.3,1,No action,Steady day,stable
2026-07-16,demo14,3.2,1.7,7.2,3.9,3.1,1,No action,Deadline pressure,stable
2026-07-17,demo14,3.6,2.9,6.4,3.4,3.9,1,No action,Good peer contact,stable
2026-07-18,demo14,4,2.4,6.9,3.4,3.6,1,No action,Low sleep,stable
2026-07-19,demo14,3.3,2.6,7.4,4,3.5,1,No action,Took a short walk,stable
2026-07-20,demo14,4.2,2.4,7.4,4.2,3.7,1,No action,Busy timetable,stable
2026-07-21,demo14,4,1.2,7.4,4.2,3.4,1,No action,Felt supported,stable
2026-07-22,demo14,3.8,1.5,7.7,4.1,4.5,1,No action,Quiet day,stable
2026-07-23,demo14,4.2,2.6,7.3,3.4,3.9,1,No action,Steady day,stable
2026-07-24,demo14,4.6,2.2,7.5,3.8,3.4,1,No action,Deadline pressure,stable
2026-07-25,demo14,3.8,2.4,6.8,4.1,3.2,1,No action,Good peer contact,stable
2026-07-26,demo14,3.3,2.4,7.3,3.9,4.3,1,No action,Low sleep,stable
2026-07-27,demo14,3.2,1.9,7.6,3.9,4.1,1,No action,Took a short walk,stable
2026-07-28,demo14,4.2,1.6,7.2,3.7,3.3,1,No action,Busy timetable,stable
2026-07-29,demo14,4.3,2,8,4.2,4.2,1,No action,Felt supported,stable
2026-07-30,demo14,3.4,2.2,7.8,3.6,3.7,1,No action,Quiet day,stable
2026-07-31,demo14,3.1,2.3,7.6,3.4,3.3,1,No action,Steady day,stable
2026-08-01,demo14,4.3,1.9,6.7,3.5,3.1,1,No action,Deadline pressure,stable
2026-08-02,demo14,2.8,2.6,7.4,3.1,3.2,1,No action,Good peer contact,watch
2026-08-03,demo14,3.3,2.2,6.9,3.5,3.3,1,No action,Low sleep,stable
2026-08-04,demo14,3.3,2.2,7.1,3.8,3.3,1,No action,Took a short walk,stable
2026-08-05,demo14,3,3.2,7,3.7,3.4,1,No action,Busy timetable,watch
2026-08-06,demo14,3.5,2.2,6.9,3.5,2.7,1,No action,Felt supported,stable
2026-08-07,demo14,3.3,2.9,7.2,2.3,3.1,1,No action,Quiet day,elevated
2026-08-08,demo14,3.3,3.2,6.8,3.3,2.8,1,Gentle nudge,Steady day,elevated
2026-08-09,demo14,2.9,2.8,6.6,3.4,4.5,1,Gentle nudge,Deadline pressure,stable
2026-08-10,demo14,3.6,3.1,6.6,3.4,4,1,No action,Good peer contact,stable
2026-08-11,demo14,3.2,2.7,7.7,4.1,3.7,1,No action,Low sleep,stable
2026-08-12,demo14,3.6,2.3,6.4,4.5,3.7,1,No action,Took a short walk,stable
2026-08-13,demo14,3.3,2.8,6.3,2.9,3.3,1,Gentle nudge,Busy timetable,watch
2026-08-14,demo14,2.6,2.6,6,3.6,3.2,1,Self-guided support,Felt supported,watch
2026-08-15,demo14,2,3.9,6.1,3.5,2.6,1,Self-guided support,Quiet day,elevated
2026-08-16,demo14,2.1,3.2,6.6,3.2,2.8,1,Gentle nudge,Steady day,elevated
2026-08-17,demo14,2.8,3,6.3,3.7,2.9,1,Gentle nudge,Deadline pressure,elevated
2026-08-18,demo14,3.3,2,6,3.2,3.9,1,No action,Good peer contact,stable
2026-08-19,demo14,2.9,1.8,7.5,3.5,3.4,1,No action,Low sleep,stable
2026-08-20,demo14,2.9,3.3,6.4,3.6,3.1,1,Gentle nudge,Took a short walk,elevated
2026-08-21,demo14,3.2,3,7.6,2.2,3.6,1,Gentle nudge,Busy timetable,elevated
2026-08-22,demo14,3.2,2.9,7.4,2.7,3.8,1,No action,Felt supported,watch
2026-08-23,demo14,3.6,1.8,7.6,3.7,3.3,1,No action,Quiet day,stable
2026-08-24,demo14,2.8,2.1,7.8,3.4,3.9,1,No action,Steady day,stable
2026-08-25,demo14,3.7,3,7.2,3.4,3.4,1,No action,Deadline pressure,stable
2026-08-26,demo14,3.4,2.5,7.9,2.9,3.8,1,No action,Good peer contact,stable
2026-08-27,demo14,4,2.5,6.9,3.4,3.5,1,No action,Low sleep,stable
2026-08-28,demo14,2.7,2.4,7,3.1,3.5,1,No action,Took a short walk,watch
2026-08-29,demo14,3,2.4,7.4,2.7,3.5,1,No action,Busy timetable,watch
2026-08-30,demo14,2.8,1.9,7.5,3.6,3.6,1,No action,Felt supported,stable
2026-08-31,demo14,4.2,1.7,7.7,3.5,4.3,1,No action,Quiet day,stable
2026-09-01,demo14,3.9,2.1,7.4,3.3,2.5,1,No action,Steady day,stable
2026-09-02,demo14,3.5,1.9,7.5,4.6,4,1,No action,Deadline pressure,stable
2026-09-03,demo14,2.7,1.5,7.5,3.6,4.1,1,No action,Good peer contact,stable
2026-09-04,demo14,3.8,2.5,7,3.3,4.1,1,Gentle nudge,Low sleep,stable
2026-09-05,demo14,2.5,3.3,8,3.1,3,1,Gentle nudge,Took a short walk,elevated
2026-09-06,demo14,2.7,3.4,6.4,3.5,3.9,1,Gentle nudge,Busy timetable,watch
2026-09-07,demo14,3.4,3,6.5,2.6,3.9,1,No action,Felt supported,watch
2026-09-08,demo14,3.6,3,7.2,3.4,3.1,1,No action,Quiet day,watch
2026-09-09,demo14,3,2.5,7.6,3.9,3,1,No action,Steady day,stable
2026-09-10,demo14,2.9,2.6,7.2,3.9,3.7,1,No action,Deadline pressure,stable
2026-09-11,demo14,3.5,3,6.5,2.8,3.2,1,No action,Good peer contact,watch
2026-09-12,demo14,2.5,3,6.4,3.1,2.9,1,Gentle nudge,Low sleep,elevated
2026-09-13,demo14,2.7,3,7.2,3.3,3.5,1,Gentle nudge,Took a short walk,watch
2026-09-14,demo14,2.9,2.5,7.5,3.7,4.1,1,No action,Busy timetable,stable
2026-09-15,demo14,3.7,2.2,6.9,3.6,3.2,1,No action,Felt supported,stable
2026-09-16,demo14,3.6,2.8,7.7,4,3.2,1,No action,Quiet day,stable
2026-09-17,demo14,3.9,2,7.3,4.4,2.9,1,No action,Steady day,stable
2026-09-18,demo14,3.5,2.4,7,3.5,3.5,1,No action,Deadline pressure,stable
2026-09-19,demo14,3.6,3,7.4,3.7,2.9,1,No action,Good peer contact,watch
2026-03-24,demo15,3.7,2.3,7.6,3.1,3.4,1,No action,Good peer contact,stable
2026-03-25,demo15,3.2,2,6.7,4.1,2.9,1,No action,Low sleep,stable
2026-03-26,demo15,4.5,1.6,7.9,4.6,4.4,1,No action,Took a short walk,stable
2026-03-27,demo15,5,1,7.2,4.9,3.7,1,No action,Busy timetable,stable
2026-03-28,demo15,4.4,1.5,6.9,4,4.5,1,No action,Felt supported,stable
2026-03-29,demo15,4.2,1.9,7.2,3.4,3.3,1,No action,Quiet day,stable
2026-03-30,demo15,3.7,2.1,7.5,3.7,4.7,1,No action,Steady day,stable
2026-03-31,demo15,3,2.1,7.4,3.9,3.7,1,No action,Deadline pressure,stable
2026-04-01,demo15,3.8,1.7,7.3,3.7,3.7,1,No action,Good peer contact,stable
2026-04-02,demo15,4.5,1.6,7.7,5,3.4,1,No action,Low sleep,stable
2026-04-03,demo15,3.9,1.7,7.7,3.7,3.9,1,No action,Took a short walk,stable
2026-04-04,demo15,3.6,2.1,6.8,4.1,3.4,1,No action,Busy timetable,stable
2026-04-05,demo15,3.8,2.7,7.3,3.2,3.8,1,No action,Felt supported,stable
2026-04-06,demo15,2.9,2.6,7.1,3.8,4,1,No action,Quiet day,stable
2026-04-07,demo15,3.7,2.4,7,4.1,3,1,No action,Steady day,stable
2026-04-08,demo15,4.6,2.3,8.3,3.8,4.1,1,No action,Deadline pressure,stable
2026-04-09,demo15,4.2,1.8,8.7,3.8,4.4,1,No action,Good peer contact,stable
2026-04-10,demo15,3.7,1.7,7.9,3.7,3.8,1,No action,Low sleep,stable
2026-04-11,demo15,4.6,2.1,7.5,3.5,2.9,1,No action,Took a short walk,stable
2026-04-12,demo15,3.8,1.8,7.1,3.4,4.1,1,No action,Busy timetable,stable
2026-04-13,demo15,3.9,2.1,8.5,4.2,3.3,1,No action,Felt supported,stable
2026-04-14,demo15,3.8,2,7.8,3.1,4,1,No action,Quiet day,stable
2026-04-15,demo15,3.4,1.9,7.3,3.9,4.1,1,No action,Steady day,stable
2026-04-16,demo15,4.9,1.8,7.1,4,3.9,1,No action,Deadline pressure,stable
2026-04-17,demo15,3.9,2,7.7,4.7,4,1,No action,Good peer contact,stable
2026-04-18,demo15,3.6,1.5,7,4.2,3.9,1,No action,Low sleep,stable
2026-04-19,demo15,3.1,2.4,6.2,2.4,3.6,1,No action,Took a short walk,watch
2026-04-20,demo15,3.4,2.7,6.1,3.9,3.9,1,No action,Busy timetable,stable
2026-04-21,demo15,3.8,1.8,7,4,3.2,1,No action,Felt supported,stable
2026-04-22,demo15,3.6,2.6,7.1,3.9,3.7,1,No action,Quiet day,stable
2026-04-23,demo15,3.7,1.5,8.1,4,3.1,1,No action,Steady day,stable
2026-04-24,demo15,3.7,2.7,7,3.9,4.2,1,No action,Deadline pressure,stable
2026-04-25,demo15,3.6,3.1,7.3,3.4,4.2,1,No action,Good peer contact,stable
2026-04-26,demo15,2.9,2.6,7.5,3.8,4.5,1,No action,Low sleep,stable
2026-04-27,demo15,2.6,2.8,7.5,3,3.8,1,Gentle nudge,Took a short walk,watch
2026-04-28,demo15,2.4,3.1,6.7,3.3,3.3,1,Gentle nudge,Busy timetable,elevated
2026-04-29,demo15,2.5,3.6,7,3.3,2.6,1,No action,Felt supported,elevated
2026-04-30,demo15,3.6,2.7,7.9,2.8,3.5,1,No action,Quiet day,stable
2026-05-01,demo15,3.7,2.5,7.1,3.8,3.6,1,No action,Steady day,stable
2026-05-02,demo15,3.6,2.3,6.1,3.6,3.6,1,No action,Deadline pressure,stable
2026-05-03,demo15,2.7,2.3,7.4,2.8,3.1,1,No action,Good peer contact,watch
2026-05-04,demo15,3.4,2.7,7,3.9,3.2,1,No action,Low sleep,stable
2026-05-05,demo15,3.8,2.1,6.7,3.8,3.3,1,No action,Took a short walk,stable
2026-05-06,demo15,3.9,1.8,7.4,4.1,2.8,1,No action,Busy timetable,stable
2026-05-07,demo15,4.2,2.7,7.8,3.7,4,1,No action,Felt supported,stable
2026-05-08,demo15,3.2,1.5,7.9,3.9,4.1,1,No action,Quiet day,stable
2026-05-09,demo15,3.9,1.6,7.5,4.4,3.9,1,No action,Steady day,stable
2026-05-10,demo15,4.6,1.6,7.1,3.2,3.8,1,No action,Deadline pressure,stable
2026-05-11,demo15,3.7,2.6,6.9,3.4,4.1,1,No action,Good peer contact,stable
2026-05-12,demo15,3.4,1.8,6.5,3.9,3,1,No action,Low sleep,stable
2026-05-13,demo15,3.6,2.5,7.1,4,3.9,1,No action,Took a short walk,stable
2026-05-14,demo15,4.3,2.2,8,3.8,4.1,1,No action,Busy timetable,stable
2026-05-15,demo15,3.7,2.8,7.2,4.1,4,1,No action,Felt supported,stable
2026-05-16,demo15,3.6,2.8,7.5,3.3,2.2,1,No action,Quiet day,watch
2026-05-17,demo15,3.3,1.9,6.9,3.3,4.5,1,No action,Steady day,stable
2026-05-18,demo15,3.4,2,7.6,3.6,3.5,1,No action,Deadline pressure,stable
2026-05-19,demo15,3,2,8,4,3.5,1,No action,Good peer contact,stable
2026-05-20,demo15,4,2.2,7.8,3.8,3.9,1,No action,Low sleep,stable
2026-05-21,demo15,4.3,1.6,8.2,4.3,3.4,1,No action,Took a short walk,stable
2026-05-22,demo15,4.4,1.3,8.5,4.2,4,1,No action,Busy timetable,stable
2026-05-23,demo15,4.1,1.7,7.3,3.6,3.1,1,No action,Felt supported,stable
2026-05-24,demo15,4.1,1.9,7.2,5,4.4,1,No action,Quiet day,stable
2026-05-25,demo15,3.7,2.4,7.3,3.7,3.8,1,No action,Steady day,stable
2026-05-26,demo15,4.1,2.7,7.8,2.9,3.9,1,No action,Deadline pressure,stable
2026-05-27,demo15,3.2,2,8.1,3.5,3.6,1,No action,Good peer contact,stable
2026-05-28,demo15,3.7,2.2,7.4,3.1,3.6,1,No action,Low sleep,stable
2026-05-29,demo15,3,2,6.3,3.4,3.3,1,No action,Took a short walk,stable
2026-05-30,demo15,3.6,2.1,6.4,3.8,3.7,1,No action,Busy timetable,stable
2026-05-31,demo15,3.4,2.5,7.1,3,3.7,1,No action,Felt supported,stable
2026-06-01,demo15,3.2,2.7,6.7,4.2,2.6,1,No action,Quiet day,watch
2026-06-02,demo15,3.3,3.4,7.8,3.6,3.7,1,No action,Steady day,watch
2026-06-03,demo15,3.9,1.8,7.9,3.9,4,1,No action,Deadline pressure,stable
2026-06-04,demo15,3,3.1,7.3,3.8,3.2,1,No action,Good peer contact,watch
2026-06-05,demo15,3.6,1.7,7,3.1,3.3,1,No action,Low sleep,stable
2026-06-06,demo15,3.9,1.4,6.4,4.2,3.6,1,No action,Took a short walk,stable
2026-06-07,demo15,2.9,2.3,7.3,3.2,3.2,1,No action,Busy timetable,watch
2026-06-08,demo15,2.4,2.6,7.5,4.1,3.4,1,No action,Felt supported,watch
2026-06-09,demo15,2.9,2.4,6.4,4,3.3,1,No action,Quiet day,stable
2026-06-10,demo15,3.2,2.4,6.8,2.6,2.8,1,No action,Steady day,watch
2026-06-11,demo15,4.1,2.6,7.4,3.2,2.7,1,No action,Deadline pressure,stable
2026-06-12,demo15,3.6,2.6,7.8,4.1,3.3,1,No action,Good peer contact,stable
2026-06-13,demo15,3.7,2.1,8,4,3.8,1,No action,Low sleep,stable
2026-06-14,demo15,3.4,2.1,7.2,3.5,3.4,1,No action,Took a short walk,stable
2026-06-15,demo15,3.3,1.9,8.3,3,3.9,1,No action,Busy timetable,stable
2026-06-16,demo15,4.1,2.1,7.3,3.3,3.9,1,No action,Felt supported,stable
2026-06-17,demo15,3.4,1.9,8,3.8,3.7,1,No action,Quiet day,stable
2026-06-18,demo15,4.3,1.6,7.5,3.6,3.8,1,No action,Steady day,stable
2026-06-19,demo15,3.7,2.1,8.7,4.3,3.3,1,No action,Deadline pressure,stable
2026-06-20,demo15,3.6,1.9,7.6,3.7,2.6,1,No action,Good peer contact,stable
2026-06-21,demo15,4,2.5,7.3,3.8,2.7,1,No action,Low sleep,stable
2026-06-22,demo15,3.7,3.1,7.2,3.8,3.3,1,No action,Took a short walk,stable
2026-06-23,demo15,3.1,1.9,6.7,3.3,3.8,1,No action,Busy timetable,stable
2026-06-24,demo15,4.1,2,7.4,3.5,3.9,1,No action,Felt supported,stable
2026-06-25,demo15,4,1.6,7.2,3.3,3.5,1,No action,Quiet day,stable
2026-06-26,demo15,4.2,2.2,8.1,4.2,3.9,1,No action,Steady day,stable
2026-06-27,demo15,3.9,2.5,7.2,3.4,3.4,1,No action,Deadline pressure,stable
2026-06-28,demo15,3.3,3.3,7,3.9,3.1,1,No action,Good peer contact,watch
2026-06-29,demo15,3.5,2.9,7.1,3.6,4.4,1,No action,Low sleep,stable
2026-06-30,demo15,3.6,2.6,8,3.3,4,1,No action,Took a short walk,stable
2026-07-01,demo15,4.7,1.7,7.7,4,3.9,1,No action,Busy timetable,stable
2026-07-02,demo15,3.6,2.5,8.7,3.9,3.7,1,No action,Felt supported,stable
2026-07-03,demo15,4.2,2.2,8.1,2.9,3.8,1,No action,Quiet day,stable
2026-07-04,demo15,4.1,2.6,7.1,3.5,3.7,1,No action,Steady day,stable
2026-07-05,demo15,3.2,2.1,8.4,3.7,3.5,1,No action,Deadline pressure,stable
2026-07-06,demo15,3.3,1.5,7.4,4.1,3.2,1,No action,Good peer contact,stable
2026-07-07,demo15,4.4,2.5,7.2,3.6,3.3,1,No action,Low sleep,stable
2026-07-08,demo15,3.9,2.6,6.4,4,2.7,1,No action,Took a short walk,stable
2026-07-09,demo15,3.4,2.1,7.3,4,2.6,1,No action,Busy timetable,stable
2026-07-10,demo15,4,2.6,8.2,2.9,3.7,1,No action,Felt supported,stable
2026-07-11,demo15,3,1.7,7.5,3.8,3.8,1,No action,Quiet day,stable
2026-07-12,demo15,3.1,2.8,7.4,3.6,4,1,No action,Steady day,stable
2026-07-13,demo15,2.9,3.1,6.1,3.3,2.4,1,No action,Deadline pressure,elevated
2026-07-14,demo15,3.3,2.3,6.1,3.3,2.6,1,No action,Good peer contact,watch
2026-07-15,demo15,2.9,2.1,7.4,3.7,3.9,1,No action,Low sleep,stable
2026-07-16,demo15,3.3,2.6,6.9,3.1,3.6,1,No action,Took a short walk,stable
2026-07-17,demo15,3.8,2.6,7.2,3.4,3.3,1,No action,Busy timetable,stable
2026-07-18,demo15,3.2,2.3,7.4,3.6,3.1,1,No action,Felt supported,stable
2026-07-19,demo15,3.6,2.9,7.1,3.4,3.5,1,No action,Quiet day,stable
2026-07-20,demo15,3.3,2.3,7,3.7,4.2,1,No action,Steady day,stable
2026-07-21,demo15,3.2,2.1,7,3.3,3.7,1,No action,Deadline pressure,stable
2026-07-22,demo15,4,1,7.6,4.5,2.6,1,No action,Good peer contact,stable
2026-07-23,demo15,4,1.4,8,4.5,3.9,1,No action,Low sleep,stable
2026-07-24,demo15,4,2,7,3.9,4.1,1,No action,Took a short walk,stable
2026-07-25,demo15,2.9,1.2,7.1,4,3.4,1,No action,Busy timetable,stable
2026-07-26,demo15,3.8,1.7,7.9,3.3,3.9,1,No action,Felt supported,stable
2026-07-27,demo15,3.9,1.6,8,4.3,4.2,1,No action,Quiet day,stable
2026-07-28,demo15,3,2.2,7.6,3.7,3.6,1,No action,Steady day,stable
2026-07-29,demo15,3.5,1.7,6.6,3.7,3.6,1,No action,Deadline pressure,stable
2026-07-30,demo15,3.6,1.6,6.9,3.4,4.3,1,No action,Good peer contact,stable
2026-07-31,demo15,3.3,2.5,7.1,3.6,3.4,1,No action,Low sleep,stable
2026-08-01,demo15,3.5,3,7.7,3.6,3.7,1,No action,Took a short walk,stable
2026-08-02,demo15,2.5,3.3,5.8,3.2,2.9,1,Gentle nudge,Busy timetable,elevated
2026-08-03,demo15,3.3,2.7,7.1,3.4,3,1,Gentle nudge,Felt supported,watch
2026-08-04,demo15,2.8,2.8,7.5,3.4,2.7,1,Gentle nudge,Quiet day,elevated
2026-08-05,demo15,3.8,2.2,6.9,3.4,3.5,1,No action,Steady day,stable
2026-08-06,demo15,3.2,2.4,7.2,3.4,3.1,1,No action,Deadline pressure,stable
2026-08-07,demo15,2.9,2.3,6,3.6,3.3,1,No action,Good peer contact,stable
2026-08-08,demo15,3.8,3,7.4,2.8,3.1,1,No action,Low sleep,watch
2026-08-09,demo15,2.6,2.9,5.9,2.8,2.3,1,Gentle nudge,Took a short walk,elevated
2026-08-10,demo15,3.4,3.2,7.1,3.7,3.6,1,Gentle nudge,Busy timetable,watch
2026-08-11,demo15,2.8,3.8,7,3.6,3.2,1,Gentle nudge,Felt supported,elevated
2026-08-12,demo15,2.7,3,8,3.6,3.7,1,No action,Quiet day,watch
2026-08-13,demo15,2.8,3.4,6.8,3.4,3.5,1,No action,Steady day,elevated
2026-08-14,demo15,3.8,2.2,7.8,3.7,3.1,1,No action,Deadline pressure,stable
2026-08-15,demo15,2.9,2.3,6.7,3.2,2.3,1,No action,Good peer contact,elevated
2026-08-16,demo15,2.8,3,7.1,2.9,3.5,1,Gentle nudge,Low sleep,elevated
2026-08-17,demo15,2.1,2.9,6.4,2.6,3.8,1,Gentle nudge,Took a short walk,elevated
2026-08-18,demo15,2.9,3.9,5.9,3,3.3,1,Gentle nudge,Busy timetable,elevated
2026-08-19,demo15,3.6,2.6,6.3,3.3,3.1,1,No action,Felt supported,stable
2026-08-20,demo15,3.5,2.4,7.2,3.1,2.4,1,No action,Quiet day,watch
2026-08-21,demo15,2.7,2.9,6.4,2.9,2.9,1,No action,Steady day,elevated
2026-08-22,demo15,2.9,2.4,6.6,3.8,3.6,1,No action,Deadline pressure,stable
2026-08-23,demo15,3.3,2.5,6.9,3.9,3.7,1,No action,Good peer contact,stable
2026-08-24,demo15,3.7,2.1,8,3.5,3.5,1,No action,Low sleep,stable
2026-08-25,demo15,3.5,3.2,7.2,3.4,4.4,1,No action,Took a short walk,stable
2026-08-26,demo15,3.7,2.5,6.4,3.9,3.3,1,No action,Busy timetable,stable
2026-08-27,demo15,3,2,7.3,3.8,3.8,1,No action,Felt supported,stable
2026-08-28,demo15,3.3,1.9,7,3.6,3.1,1,No action,Quiet day,stable
2026-08-29,demo15,2.8,2.5,6.6,3.3,4.3,1,No action,Steady day,stable
2026-08-30,demo15,3,2.5,6.9,3.3,3.6,1,No action,Deadline pressure,stable
2026-08-31,demo15,2.7,2.6,7.3,2.9,2.8,1,No action,Good peer contact,elevated
2026-09-01,demo15,3.5,2.6,6.6,3.7,3.9,1,No action,Low sleep,stable
2026-09-02,demo15,3,2.9,7.8,3.8,3.7,1,No action,Took a short walk,stable
2026-09-03,demo15,3.7,1.4,7.2,4,3.4,1,No action,Busy timetable,stable
2026-09-04,demo15,4.5,1.5,7.3,4.2,3.6,1,No action,Felt supported,stable
2026-09-05,demo15,4,2.1,7.4,3.4,3.5,1,No action,Quiet day,stable
2026-09-06,demo15,3.4,2.7,7.5,3.5,4,1,No action,Steady day,stable
2026-09-07,demo15,3.4,2,7.9,3.5,4.1,1,No action,Deadline pressure,stable
2026-09-08,demo15,2.9,2.3,6.8,4.2,3.5,1,No action,Good peer contact,stable
2026-09-09,demo15,3.1,2.6,6.4,3.3,3.6,1,No action,Low sleep,watch
2026-09-10,demo15,4.3,2.3,7.9,3.6,3.9,1,No action,Took a short walk,stable
2026-09-11,demo15,3.2,1.9,8.5,4.4,3.4,1,No action,Busy timetable,stable
2026-09-12,demo15,3.9,1.9,7.4,3.3,4.1,1,No action,Felt supported,stable
2026-09-13,demo15,3.2,1.7,7.2,3.9,3.9,1,No action,Quiet day,stable
2026-09-14,demo15,3.9,2.7,7.4,2.9,3.3,1,No action,Steady day,stable
2026-09-15,demo15,3.4,1.4,7.2,3.5,3.4,1,No action,Deadline pressure,stable
2026-09-16,demo15,4.2,1.3,7.3,3.9,3.2,1,No action,Good peer contact,stable
2026-09-17,demo15,3.5,1.2,7.2,4.2,3.1,1,No action,Low sleep,stable
2026-09-18,demo15,3.5,1.2,7.5,4,4.3,1,No action,Took a short walk,stable
2026-09-19,demo15,4,1.4,7.5,4,3.1,1,No action,Busy timetable,stable
2026-03-24,demo16,2.9,2.2,7.8,3.5,3.6,1,No action,Busy timetable,stable
2026-03-25,demo16,3,2.8,7.2,3.7,3.4,1,No action,Felt supported,watch
2026-03-26,demo16,3.9,1.9,7.3,4.1,4.1,1,No action,Quiet day,stable
2026-03-27,demo16,3.8,1.8,8.5,4.1,3.1,1,No action,Steady day,stable
2026-03-28,demo16,4.3,2.3,7,4.7,2.9,1,No action,Deadline pressure,stable
2026-03-29,demo16,3.9,2,7.4,3.1,4.3,1,No action,Good peer contact,stable
2026-03-30,demo16,4.2,2.4,7,3.7,3.9,1,No action,Low sleep,stable
2026-03-31,demo16,4.2,2.1,7.8,3.9,3.7,1,No action,Took a short walk,stable
2026-04-01,demo16,3.9,1.8,7.9,3.9,3.7,1,No action,Busy timetable,stable
2026-04-02,demo16,4.3,1.2,6.8,3.7,3,1,No action,Felt supported,stable
2026-04-03,demo16,3.8,2.5,7,4,3.8,1,No action,Quiet day,stable
2026-04-04,demo16,3.4,2.3,6.7,3.7,3.5,1,No action,Steady day,stable
2026-04-05,demo16,3,2.6,8,4.2,3.3,1,No action,Deadline pressure,stable
2026-04-06,demo16,3.8,2.8,8,3.6,4.2,1,No action,Good peer contact,stable
2026-04-07,demo16,3.4,1.7,6.5,3.4,3.6,1,No action,Low sleep,stable
2026-04-08,demo16,3.8,2.3,6.2,3.2,4,1,No action,Took a short walk,stable
2026-04-09,demo16,3.3,2.4,7.6,3.8,3.7,1,No action,Busy timetable,stable
2026-04-10,demo16,2.9,2.7,8.1,3.5,2.8,1,No action,Felt supported,watch
2026-04-11,demo16,3.7,2.9,6.3,3.1,3.2,1,No action,Quiet day,watch
2026-04-12,demo16,3.3,2.9,6.9,3.7,3.8,1,No action,Steady day,stable
2026-04-13,demo16,3.6,2.5,7.4,3.7,3.7,1,No action,Deadline pressure,stable
2026-04-14,demo16,3.2,1.7,7.9,3.8,4,1,No action,Good peer contact,stable
2026-04-15,demo16,3.9,2.4,7.6,3.1,2.8,1,No action,Low sleep,stable
2026-04-16,demo16,3,1.7,7.4,3.3,3.7,1,No action,Took a short walk,stable
2026-04-17,demo16,3,2.6,7.5,3.7,3.4,1,No action,Busy timetable,stable
2026-04-18,demo16,2.7,2.2,8,3.3,2.9,1,No action,Felt supported,watch
2026-04-19,demo16,4.1,2.1,7.5,3.1,3.4,1,No action,Quiet day,stable
2026-04-20,demo16,3.6,1.9,7.3,3.9,3.4,1,No action,Steady day,stable
2026-04-21,demo16,3.3,2.2,6.7,4,3.3,1,No action,Deadline pressure,stable
2026-04-22,demo16,4.3,1.1,7.4,4,3.2,1,No action,Good peer contact,stable
2026-04-23,demo16,3.6,1.9,8,3.9,4.2,1,No action,Low sleep,stable
2026-04-24,demo16,3.5,2.1,7.2,4,3.1,1,No action,Took a short walk,stable
2026-04-25,demo16,3.2,2.2,8,3.5,3.2,1,No action,Busy timetable,stable
2026-04-26,demo16,3.7,2.6,7.5,4.5,4.4,1,No action,Felt supported,stable
2026-04-27,demo16,3.8,1.7,7.7,4.1,3.9,1,No action,Quiet day,stable
2026-04-28,demo16,4.6,1.5,7.5,4.6,3.4,1,No action,Steady day,stable
2026-04-29,demo16,4,1.1,8.5,3.8,3.9,1,No action,Deadline pressure,stable
2026-04-30,demo16,4.1,1.7,8.1,4.6,3.3,1,No action,Good peer contact,stable
2026-05-01,demo16,4,1.2,7.3,3.6,4.5,1,No action,Low sleep,stable
2026-05-02,demo16,4.4,1.8,8.4,3.8,3.8,1,No action,Took a short walk,stable
2026-05-03,demo16,4,2.2,7.3,3.2,3.9,1,No action,Busy timetable,stable
2026-05-04,demo16,3.9,1,8.5,3.4,3.7,1,No action,Felt supported,stable
2026-05-05,demo16,4,1.5,7.3,3.6,4.2,1,No action,Quiet day,stable
2026-05-06,demo16,4.6,2.7,7.1,4.3,4.2,1,No action,Steady day,stable
2026-05-07,demo16,4.2,1.6,7.5,4,2.9,1,No action,Deadline pressure,stable
2026-05-08,demo16,3.9,2.4,6.8,3.5,4.1,1,No action,Good peer contact,stable
2026-05-09,demo16,2.9,2.9,7.6,3.4,3.6,1,No action,Low sleep,watch
2026-05-10,demo16,3.7,2.2,7.9,3.8,3.5,1,No action,Took a short walk,stable
2026-05-11,demo16,3.3,2.1,7,3.9,3.4,1,No action,Busy timetable,stable
2026-05-12,demo16,3.6,2.6,8,4.5,3.9,1,No action,Felt supported,stable
2026-05-13,demo16,3.9,1,8.2,3.9,3.8,1,No action,Quiet day,stable
2026-05-14,demo16,4,1.8,8,3.9,3.9,1,No action,Steady day,stable
2026-05-15,demo16,4.5,2.3,7.7,3.8,3.7,1,No action,Deadline pressure,stable
2026-05-16,demo16,4.2,2.5,7.4,3.3,3.3,1,No action,Good peer contact,stable
2026-05-17,demo16,3.3,2.4,6.9,3.6,3.3,1,No action,Low sleep,stable
2026-05-18,demo16,3,2.5,6.7,3.3,3.8,1,No action,Took a short walk,stable
2026-05-19,demo16,3.3,2.6,7.4,3.1,3.8,1,No action,Busy timetable,stable
2026-05-20,demo16,3.6,1.1,7.6,4,3.9,1,No action,Felt supported,stable
2026-05-21,demo16,3.7,2.3,7.5,3.8,2.7,1,No action,Quiet day,stable
2026-05-22,demo16,3.1,2.8,6.3,3.2,2.8,1,Gentle nudge,Steady day,elevated
2026-05-23,demo16,3.2,2.3,7.5,3.4,2.8,1,No action,Deadline pressure,watch
2026-05-24,demo16,3.7,2.8,6.7,3.7,3.1,1,Gentle nudge,Good peer contact,stable
2026-05-25,demo16,3,2.8,7,3.2,3.9,1,No action,Low sleep,watch
2026-05-26,demo16,4,2.1,7.1,3.5,3.7,1,No action,Took a short walk,stable
2026-05-27,demo16,4,2.3,8.5,3.3,3,1,No action,Busy timetable,stable
2026-05-28,demo16,3.8,2.1,7.6,4.2,3.7,1,No action,Felt supported,stable
2026-05-29,demo16,3.7,2,7.8,3.6,3.2,1,No action,Quiet day,stable
2026-05-30,demo16,3.1,3,6.4,2.8,3.7,1,No action,Steady day,watch
2026-05-31,demo16,3.3,2.4,7.4,3.4,2.5,1,Gentle nudge,Deadline pressure,watch
2026-06-01,demo16,3.8,2.3,6.5,3.7,2.9,1,No action,Good peer contact,stable
2026-06-02,demo16,3.8,2.3,6.8,4.1,4,1,No action,Low sleep,stable
2026-06-03,demo16,3.8,2.8,7.7,3.4,3.2,1,No action,Took a short walk,stable
2026-06-04,demo16,4,2.5,7.8,3.2,4.2,1,No action,Busy timetable,stable
2026-06-05,demo16,3.1,2.3,7.5,4.2,3.1,1,No action,Felt supported,stable
2026-06-06,demo16,4.2,2.6,7.3,4.3,4.2,1,No action,Quiet day,stable
2026-06-07,demo16,3,2.6,7.1,4,3.4,1,No action,Steady day,stable
2026-06-08,demo16,3.3,2.1,7.7,3.6,3.7,1,No action,Deadline pressure,stable
2026-06-09,demo16,3.1,2.3,7.8,3.9,3,1,No action,Good peer contact,stable
2026-06-10,demo16,3.7,2.8,7,3.5,3,1,No action,Low sleep,stable
2026-06-11,demo16,3.6,2.6,8.6,3.8,3.8,1,No action,Took a short walk,stable
2026-06-12,demo16,3,2.5,8.2,3.4,3.5,1,No action,Busy timetable,stable
2026-06-13,demo16,2.1,2.8,6.7,3.6,3,1,Gentle nudge,Felt supported,elevated
2026-06-14,demo16,3.4,2.8,7,2.9,3.3,1,No action,Quiet day,watch
2026-06-15,demo16,3.9,2.2,7.6,3.8,3.4,1,No action,Steady day,stable
2026-06-16,demo16,2.9,2,8,3.7,3.7,1,No action,Deadline pressure,stable
2026-06-17,demo16,3.5,2.3,7,3,3.7,1,No action,Good peer contact,stable
2026-06-18,demo16,3.6,2.2,8.1,3.6,3.4,1,No action,Low sleep,stable
2026-06-19,demo16,3.5,2.7,6.7,2.9,3.1,1,No action,Took a short walk,watch
2026-06-20,demo16,3.2,3.1,7.1,3.5,3.3,1,No action,Busy timetable,watch
2026-06-21,demo16,2.8,2.2,7.2,3.4,3.3,1,No action,Felt supported,stable
2026-06-22,demo16,2.8,2.8,7.8,3.8,3.6,1,No action,Quiet day,stable
2026-06-23,demo16,3.9,1.8,7.5,3.8,2.9,1,No action,Steady day,stable
2026-06-24,demo16,3.5,2.3,6.3,4.5,3.1,1,No action,Deadline pressure,stable
2026-06-25,demo16,3.8,2.1,7.6,3.3,2.8,1,No action,Good peer contact,stable
2026-06-26,demo16,3.5,2.2,7.1,3.1,3.1,1,No action,Low sleep,stable
2026-06-27,demo16,3.2,1.8,7,3.8,2.6,1,No action,Took a short walk,stable
2026-06-28,demo16,3.5,3.1,7.7,3.8,2.6,1,No action,Busy timetable,watch
2026-06-29,demo16,4.5,1.2,7.1,3.1,3.6,1,No action,Felt supported,stable
2026-06-30,demo16,4.1,1.8,8,3.8,3.5,1,No action,Quiet day,stable
2026-07-01,demo16,4.6,1.8,7.3,3,4,1,No action,Steady day,stable
2026-07-02,demo16,2.8,2.7,7.1,3.4,4.1,1,No action,Deadline pressure,stable
2026-07-03,demo16,3.1,2.3,7,3.6,2.1,1,No action,Good peer contact,watch
2026-07-04,demo16,3,2.6,7.5,3.8,2.5,1,No action,Low sleep,watch
2026-07-05,demo16,2.9,3.1,6.5,3.1,3.8,1,No action,Took a short walk,watch
2026-07-06,demo16,3.1,2.6,6.7,3.4,3.5,1,No action,Busy timetable,watch
2026-07-07,demo16,2.9,2.3,7.9,3.3,3,1,No action,Felt supported,watch
2026-07-08,demo16,3.4,2.1,7.2,4.1,3.9,1,No action,Quiet day,stable
2026-07-09,demo16,2.6,2.8,7.3,3.7,2.9,1,No action,Steady day,watch
2026-07-10,demo16,3.1,2.9,7.7,3.2,3.3,1,Gentle nudge,Deadline pressure,watch
2026-07-11,demo16,2.7,2.7,7,3.1,3.3,1,Gentle nudge,Good peer contact,watch
2026-07-12,demo16,2.8,2.2,7.6,3.9,2.5,1,No action,Low sleep,watch
2026-07-13,demo16,2,2.9,7.2,3.5,3.2,1,No action,Took a short walk,elevated
2026-07-14,demo16,3.1,2.6,7.3,3.9,2.6,1,Gentle nudge,Busy timetable,watch
2026-07-15,demo16,3.2,2.2,6.3,2.9,3.1,1,Gentle nudge,Felt supported,watch
2026-07-16,demo16,2.9,3,7,3.4,3.3,1,No action,Quiet day,watch
2026-07-17,demo16,2.9,3.4,7.5,3.6,3.2,1,No action,Steady day,elevated
2026-07-18,demo16,3.9,3.5,7.7,3.8,3,1,No action,Deadline pressure,watch
2026-07-19,demo16,2.9,2.2,6.3,3.2,3.7,1,No action,Good peer contact,stable
2026-07-20,demo16,3.2,2.7,7.4,3.9,3.7,1,No action,Low sleep,stable
2026-07-21,demo16,3.8,2,7.6,3.8,4.1,1,No action,Took a short walk,stable
2026-07-22,demo16,4.2,1.2,8.5,4,3.7,1,No action,Busy timetable,stable
2026-07-23,demo16,4.2,1.8,8,3.3,4.1,1,No action,Felt supported,stable
2026-07-24,demo16,4.5,2.1,7.8,3.9,3.9,1,No action,Quiet day,stable
2026-07-25,demo16,3.4,2.4,8.1,3.4,2.7,1,No action,Steady day,stable
2026-07-26,demo16,2.9,2.6,7.3,3.5,3.9,1,No action,Deadline pressure,stable
2026-07-27,demo16,3.2,2.5,7,3.5,4,1,No action,Good peer contact,stable
2026-07-28,demo16,2.9,2,7.3,3.9,3.4,1,No action,Low sleep,stable
2026-07-29,demo16,3.8,3,6.8,3.5,3.9,1,No action,Took a short walk,stable
2026-07-30,demo16,3.8,2.4,7,3.6,3.4,1,No action,Busy timetable,stable
2026-07-31,demo16,3,2.2,7.1,3.5,3.3,1,No action,Felt supported,stable
2026-08-01,demo16,3.1,2.6,6.8,3.3,2.3,1,No action,Quiet day,elevated
2026-08-02,demo16,3.1,2.8,7.2,2.6,2.7,1,Gentle nudge,Steady day,elevated
2026-08-03,demo16,2.9,2.5,6.5,3.7,3.1,1,Gentle nudge,Deadline pressure,watch
2026-08-04,demo16,2.5,3.4,7.2,4,3,1,No action,Good peer contact,elevated
2026-08-05,demo16,3,2.7,7.8,3.2,3,1,No action,Low sleep,watch
2026-08-06,demo16,2.9,3.4,7,3.6,3.1,1,Gentle nudge,Took a short walk,elevated
2026-08-07,demo16,2.6,3.2,5.7,2.9,2.7,1,Gentle nudge,Busy timetable,elevated
2026-08-08,demo16,3.5,3.2,7,3.4,3.1,1,No action,Felt supported,watch
2026-08-09,demo16,2.8,3.1,7.2,3.1,3.3,1,Gentle nudge,Quiet day,elevated
2026-08-10,demo16,2.7,2.4,6.3,3.9,3.4,1,No action,Steady day,stable
2026-08-11,demo16,3.9,2.2,6.7,4.4,3.7,1,No action,Deadline pressure,stable
2026-08-12,demo16,3.7,3,7.9,3.5,3.4,1,No action,Good peer contact,stable
2026-08-13,demo16,3.3,2.1,7.4,4.2,3.3,1,No action,Low sleep,stable
2026-08-14,demo16,3.5,2.8,7,4,4.6,1,No action,Took a short walk,stable
2026-08-15,demo16,3.9,2.8,6.7,3.1,3.6,1,No action,Busy timetable,stable
2026-08-16,demo16,3.1,2.9,7.5,2.9,3.4,1,No action,Felt supported,watch
2026-08-17,demo16,3.1,2.3,7.4,2.6,4.4,1,No action,Quiet day,stable
2026-08-18,demo16,3.4,2.4,6.2,3.6,2.6,1,No action,Steady day,watch
2026-08-19,demo16,3.3,3.1,6.9,3.4,2.8,1,No action,Deadline pressure,watch
2026-08-20,demo16,2.7,2.4,6.9,3.1,3.4,1,No action,Good peer contact,watch
2026-08-21,demo16,3,2.7,7.2,3.8,3.5,1,No action,Low sleep,stable
2026-08-22,demo16,2.4,2.5,7.2,3.2,3.4,1,No action,Took a short walk,watch
2026-08-23,demo16,3.1,1.9,7,3.5,3.5,1,No action,Busy timetable,stable
2026-08-24,demo16,3.7,2.3,7,3.8,2.9,1,No action,Felt supported,stable
2026-08-25,demo16,4.1,1.8,7.5,4,2.5,1,No action,Quiet day,stable
2026-08-26,demo16,3.6,2.6,7.7,3.9,3.7,1,No action,Steady day,stable
2026-08-27,demo16,3.2,2,7.6,3.3,3,1,No action,Deadline pressure,stable
2026-08-28,demo16,3.3,2.1,7.5,4,3.2,1,No action,Good peer contact,stable
2026-08-29,demo16,3.7,2.5,7.3,3.4,3.7,1,No action,Low sleep,stable
2026-08-30,demo16,3.2,3.1,7.5,3.1,3.8,1,No action,Took a short walk,watch
2026-08-31,demo16,3,2.7,7.4,3.3,4.3,1,No action,Busy timetable,stable
2026-09-01,demo16,3,2.5,7.4,3.2,4.4,1,No action,Felt supported,stable
2026-09-02,demo16,3.5,2.5,7.7,3,3.7,1,No action,Quiet day,stable
2026-09-03,demo16,3.2,2.7,6.7,3.7,3.7,1,No action,Steady day,stable
2026-09-04,demo16,2.8,2.9,6.8,3.9,3.7,1,No action,Deadline pressure,watch
2026-09-05,demo16,3.2,2.8,6.7,3.5,3.5,1,No action,Good peer contact,watch
2026-09-06,demo16,3.1,3.3,7.7,3.8,3.6,1,No action,Low sleep,watch
2026-09-07,demo16,3.3,2.4,7.2,3.7,3.2,1,No action,Took a short walk,stable
2026-09-08,demo16,3.2,3.4,7.2,3.4,3.9,1,No action,Busy timetable,watch
2026-09-09,demo16,3.1,2.6,7.5,3.8,3.4,1,No action,Felt supported,stable
2026-09-10,demo16,2.3,2.4,7.4,4,3.4,1,No action,Quiet day,watch
2026-09-11,demo16,2.3,2.9,7.9,3.5,3,1,Gentle nudge,Steady day,elevated
2026-09-12,demo16,3.1,3.1,6.8,2.5,2.9,1,Gentle nudge,Deadline pressure,elevated
2026-09-13,demo16,3.1,2.7,6.7,3.3,3.5,1,No action,Good peer contact,watch
2026-09-14,demo16,3.9,1.6,7.6,3.5,2.7,1,No action,Low sleep,stable
2026-09-15,demo16,3.3,1.6,6.8,3.1,3.5,1,No action,Took a short walk,stable
2026-09-16,demo16,3.7,2.5,6.9,3.7,4,1,No action,Busy timetable,stable
2026-09-17,demo16,4.1,2,7.3,3.4,3.7,1,No action,Felt supported,stable
2026-09-18,demo16,3.6,2.1,7.5,3.4,3.2,1,No action,Quiet day,stable
2026-09-19,demo16,4.2,1.8,8.3,3.1,3.2,1,No action,Steady day,stable
2026-03-24,demo17,3.9,2.1,8.1,4.1,3.3,1,No action,Steady day,stable
2026-03-25,demo17,3.1,1.4,7.5,4,3.8,1,No action,Deadline pressure,stable
2026-03-26,demo17,4.1,1.9,8.6,4,4.4,1,No action,Good peer contact,stable
2026-03-27,demo17,3.9,2,6.6,3.6,3.5,1,No action,Low sleep,stable
2026-03-28,demo17,4.3,2.1,8.3,3.6,3.7,1,No action,Took a short walk,stable
2026-03-29,demo17,3.6,2.3,7.5,4.1,2.7,1,No action,Busy timetable,stable
2026-03-30,demo17,3.8,1.7,6.3,3.3,2.9,1,No action,Felt supported,stable
2026-03-31,demo17,3.2,1.8,7.3,3.9,3.1,1,No action,Quiet day,stable
2026-04-01,demo17,3.5,2.9,7.1,3.5,3.9,1,No action,Steady day,stable
2026-04-02,demo17,3.6,2.5,7.5,3.2,3.2,1,No action,Deadline pressure,stable
2026-04-03,demo17,4.4,1.4,8.4,3.4,3.8,1,No action,Good peer contact,stable
2026-04-04,demo17,4.3,2,7.4,4.2,3.4,1,No action,Low sleep,stable
2026-04-05,demo17,3.5,2.7,6.5,3.3,3.2,1,No action,Took a short walk,watch
2026-04-06,demo17,4.1,1.8,8.3,3.2,3.8,1,No action,Busy timetable,stable
2026-04-07,demo17,3.5,2.3,7.4,3.3,3.3,1,No action,Felt supported,stable
2026-04-08,demo17,3.6,3.2,8.4,3.4,4.3,1,No action,Quiet day,stable
2026-04-09,demo17,3.6,2.4,7.3,2.7,3.7,1,No action,Steady day,stable
2026-04-10,demo17,3.2,2.7,7.9,2.7,3,1,No action,Deadline pressure,watch
2026-04-11,demo17,3.8,2.1,7.1,3.7,2.8,1,No action,Good peer contact,stable
2026-04-12,demo17,2.8,3.4,8,2.9,3.1,1,No action,Low sleep,elevated
2026-04-13,demo17,3,2.6,6.7,3.3,3.3,1,No action,Took a short walk,watch
2026-04-14,demo17,3.4,2.3,7.1,3.4,3,1,No action,Busy timetable,stable
2026-04-15,demo17,2.9,3.1,7.5,2.8,3.2,1,Gentle nudge,Felt supported,elevated
2026-04-16,demo17,2.4,2.9,6.8,4,3,1,Gentle nudge,Quiet day,watch
2026-04-17,demo17,3.4,2.7,6.3,3.3,3.9,1,No action,Steady day,stable
2026-04-18,demo17,3.6,1.9,8.3,3.4,3.2,1,No action,Deadline pressure,stable
2026-04-19,demo17,2.7,2.7,5.3,2.3,3.7,1,No action,Good peer contact,elevated
2026-04-20,demo17,3.8,2.6,7.2,2.9,3,1,No action,Low sleep,watch
2026-04-21,demo17,2.8,3.7,6.2,3.4,2.9,1,Gentle nudge,Took a short walk,elevated
2026-04-22,demo17,3.2,2.8,7.2,3.5,3,1,Gentle nudge,Busy timetable,watch
2026-04-23,demo17,3.5,2.5,7.2,3.4,4.3,1,No action,Felt supported,stable
2026-04-24,demo17,3.8,2.6,7.6,2.7,3,1,No action,Quiet day,watch
2026-04-25,demo17,3.3,2.6,7,3.8,3.7,1,No action,Steady day,stable
2026-04-26,demo17,2.9,2.4,7.7,3.1,3,1,No action,Deadline pressure,watch
2026-04-27,demo17,3.3,2.8,6.4,3.5,2.8,1,No action,Good peer contact,watch
2026-04-28,demo17,3.1,2.7,7.2,3.3,3.4,1,Gentle nudge,Low sleep,watch
2026-04-29,demo17,3.7,2,7,4.1,3.6,1,No action,Took a short walk,stable
2026-04-30,demo17,3.4,2,7.3,3.5,3.1,1,No action,Busy timetable,stable
2026-05-01,demo17,3.7,1.5,7.5,3.8,3.4,1,No action,Felt supported,stable
2026-05-02,demo17,3.8,1.8,7.6,5,3.5,1,No action,Quiet day,stable
2026-05-03,demo17,4.2,1.3,7.6,4.3,4,1,No action,Steady day,stable
2026-05-04,demo17,3.3,2.5,6.6,4.5,4.3,1,No action,Deadline pressure,stable
2026-05-05,demo17,3.7,2.6,7.3,4,3.8,1,No action,Good peer contact,stable
2026-05-06,demo17,3.9,2,7.1,3.3,3.2,1,No action,Low sleep,stable
2026-05-07,demo17,4,2.1,7.3,4.7,3.8,1,No action,Took a short walk,stable
2026-05-08,demo17,2.9,1.4,7.8,3.8,4.1,1,No action,Busy timetable,stable
2026-05-09,demo17,3.8,2.6,7.7,3.9,4.2,1,No action,Felt supported,stable
2026-05-10,demo17,3,2.2,7.7,3.7,3.7,1,No action,Quiet day,stable
2026-05-11,demo17,4.4,2.7,6.7,3.6,3.6,1,No action,Steady day,stable
2026-05-12,demo17,3.5,2.8,5.6,3.2,2.5,1,No action,Deadline pressure,watch
2026-05-13,demo17,2.9,2.8,7.7,3.4,3.7,1,Gentle nudge,Good peer contact,watch
2026-05-14,demo17,3.2,1.7,8.4,3.1,3.4,1,No action,Low sleep,stable
2026-05-15,demo17,3.4,2.6,6.6,3.2,3.5,1,No action,Took a short walk,stable
2026-05-16,demo17,3.6,1.9,7,3.5,3.7,1,No action,Busy timetable,stable
2026-05-17,demo17,3.1,2.6,8.2,4.3,3.1,1,No action,Felt supported,stable
2026-05-18,demo17,3.1,2.6,7.1,2.8,3.4,1,No action,Quiet day,watch
2026-05-19,demo17,3,2.7,6.2,3.4,3,1,Gentle nudge,Steady day,watch
2026-05-20,demo17,2.5,2.9,7.6,2.6,3.9,1,No action,Deadline pressure,elevated
2026-05-21,demo17,3.3,2.4,8.5,4,3.5,1,No action,Good peer contact,stable
2026-05-22,demo17,3.3,1.7,6.6,3.8,3.3,1,No action,Low sleep,stable
2026-05-23,demo17,3.3,1.7,6.8,4.4,4,1,No action,Took a short walk,stable
2026-05-24,demo17,3.8,2.5,7.4,3.5,3.1,1,No action,Busy timetable,stable
2026-05-25,demo17,3.1,2.7,7.7,3.8,2.8,1,No action,Felt supported,watch
2026-05-26,demo17,3.8,2.6,6.9,3.9,3.7,1,No action,Quiet day,stable
2026-05-27,demo17,3.2,3.1,6.7,3.1,4,1,No action,Steady day,watch
2026-05-28,demo17,4,3.3,7.2,3.8,3.8,1,No action,Deadline pressure,stable
2026-05-29,demo17,2.9,3.4,7.1,3.3,3.3,1,No action,Good peer contact,elevated
2026-05-30,demo17,2.9,2.2,6.7,3.6,3.6,1,No action,Low sleep,stable
2026-05-31,demo17,3.6,2.7,6.9,3.8,2.9,1,No action,Took a short walk,stable
2026-06-01,demo17,3.1,2.9,7.7,3.5,3.2,1,No action,Busy timetable,watch
2026-06-02,demo17,3.7,2.2,7.2,3.9,4.1,1,No action,Felt supported,stable
2026-06-03,demo17,3.1,2.8,6.5,3.7,3.6,1,No action,Quiet day,stable
2026-06-04,demo17,3.5,1.8,7.8,3.9,3.1,1,No action,Steady day,stable
2026-06-05,demo17,3.8,2.8,8.5,4.1,4,1,No action,Deadline pressure,stable
2026-06-06,demo17,4.4,1.8,8,4.1,3.6,1,No action,Good peer contact,stable
2026-06-07,demo17,3.8,2.3,8.1,3.8,3.5,1,No action,Low sleep,stable
2026-06-08,demo17,4.2,2.4,7,4.4,3.6,1,No action,Took a short walk,stable
2026-06-09,demo17,3.3,2.7,8.1,3.9,3.5,1,No action,Busy timetable,stable
2026-06-10,demo17,4.2,1.8,8.1,3.7,3.4,1,No action,Felt supported,stable
2026-06-11,demo17,3.2,1.8,7.7,4,3.7,1,No action,Quiet day,stable
2026-06-12,demo17,3.3,2,7.6,3.8,4.5,1,No action,Steady day,stable
2026-06-13,demo17,3.5,2.4,7.1,3.3,3.6,1,No action,Deadline pressure,stable
2026-06-14,demo17,3.7,2.2,7.5,2.9,2.9,1,No action,Good peer contact,stable
2026-06-15,demo17,3.2,3.2,6.2,4,2.9,1,Gentle nudge,Low sleep,watch
2026-06-16,demo17,3.1,2.6,7.2,3.7,4.1,1,No action,Took a short walk,stable
2026-06-17,demo17,3.1,4.4,7.1,2.8,2.5,1,Gentle nudge,Busy timetable,elevated
2026-06-18,demo17,3.2,2.6,7.1,3.7,3.6,1,No action,Felt supported,stable
2026-06-19,demo17,4.1,2,7.4,3.9,3.7,1,No action,Quiet day,stable
2026-06-20,demo17,3.2,1.4,7.8,4.1,3.6,1,No action,Steady day,stable
2026-06-21,demo17,4.3,2.3,7.2,3.2,3,1,No action,Deadline pressure,stable
2026-06-22,demo17,3.8,2.3,7.4,4.4,3.4,1,No action,Good peer contact,stable
2026-06-23,demo17,3.4,2.7,6.3,3.6,3.6,1,No action,Low sleep,stable
2026-06-24,demo17,2.8,2.2,7.7,2.9,3.2,1,No action,Took a short walk,watch
2026-06-25,demo17,3.8,2.9,7.1,3.4,3,1,No action,Busy timetable,watch
2026-06-26,demo17,3.3,2.4,8.1,4.3,3.5,1,No action,Felt supported,stable
2026-06-27,demo17,3.4,2.6,7.3,3.9,4,1,No action,Quiet day,stable
2026-06-28,demo17,3.3,2.3,6.7,3.5,3.4,1,No action,Steady day,stable
2026-06-29,demo17,3.3,2.4,7,3.2,3.6,1,No action,Deadline pressure,stable
2026-06-30,demo17,3.7,2.4,7.7,3.4,2.8,1,No action,Good peer contact,stable
2026-07-01,demo17,3.4,2.7,6.9,3.5,3.1,1,No action,Low sleep,watch
2026-07-02,demo17,3.4,2.1,7.5,3.8,4.2,1,No action,Took a short walk,stable
2026-07-03,demo17,4.2,1.6,7.5,3.4,2.4,1,No action,Busy timetable,stable
2026-07-04,demo17,4.1,2.3,8.3,3.6,4,1,No action,Felt supported,stable
2026-07-05,demo17,4.4,2.1,7.8,3.8,3.2,1,No action,Quiet day,stable
2026-07-06,demo17,3.6,1.7,7.4,3.7,3.4,1,No action,Steady day,stable
2026-07-07,demo17,3.2,2.4,8,3.4,4.5,1,No action,Deadline pressure,stable
2026-07-08,demo17,4.2,1.6,7.5,3.9,3.6,1,No action,Good peer contact,stable
2026-07-09,demo17,4.4,1.5,6.5,3.4,3.5,1,No action,Low sleep,stable
2026-07-10,demo17,3.8,1.3,7.4,4,4.1,1,No action,Took a short walk,stable
2026-07-11,demo17,4.2,1.4,7.9,4.6,4.2,1,No action,Busy timetable,stable
2026-07-12,demo17,3.7,2.1,8,4.5,4.1,1,No action,Felt supported,stable
2026-07-13,demo17,2.8,2.4,8.1,4.1,2.8,1,No action,Quiet day,stable
2026-07-14,demo17,3.9,2.6,8,3.1,3.6,1,No action,Steady day,stable
2026-07-15,demo17,4,2.4,6.6,3.7,2.9,1,No action,Deadline pressure,stable
2026-07-16,demo17,2.9,2.3,7.1,3.8,3.8,1,No action,Good peer contact,stable
2026-07-17,demo17,3.4,2.7,7.4,3.4,4,1,No action,Low sleep,stable
2026-07-18,demo17,3.2,2.2,7.9,2.5,3.4,1,No action,Took a short walk,watch
2026-07-19,demo17,3.3,1.9,6.4,3.5,2.7,1,No action,Busy timetable,stable
2026-07-20,demo17,3.6,2.9,8.2,3.2,3.5,1,No action,Felt supported,stable
2026-07-21,demo17,2.9,2.1,7.8,3,3.4,1,No action,Quiet day,stable
2026-07-22,demo17,2.8,2.2,6.2,3.1,4.3,1,No action,Steady day,stable
2026-07-23,demo17,3.6,2.1,7.8,4.4,3.6,1,No action,Deadline pressure,stable
2026-07-24,demo17,3.7,2.2,7.7,3.1,4,1,No action,Good peer contact,stable
2026-07-25,demo17,4.6,1.9,8.1,4.1,3.7,1,No action,Low sleep,stable
2026-07-26,demo17,3.4,1.8,7.4,4,3.5,1,No action,Took a short walk,stable
2026-07-27,demo17,4.1,2.2,7.2,4.1,3.7,1,No action,Busy timetable,stable
2026-07-28,demo17,2.1,1.7,7.4,3.7,4,1,No action,Felt supported,stable
2026-07-29,demo17,3.8,2.7,5.6,3.7,2.8,1,No action,Quiet day,stable
2026-07-30,demo17,3.2,2,7.8,3.8,3.4,1,No action,Steady day,stable
2026-07-31,demo17,3.6,2.4,6.7,3.4,3.4,1,No action,Deadline pressure,stable
2026-08-01,demo17,2.7,2.5,7.1,3.7,3.4,1,No action,Good peer contact,watch
2026-08-02,demo17,3.4,1.8,7.5,3.4,3.6,1,No action,Low sleep,stable
2026-08-03,demo17,3,2.8,6.4,3.5,2.9,1,No action,Took a short walk,watch
2026-08-04,demo17,3.3,2.8,6.6,2.7,3.3,1,No action,Busy timetable,watch
2026-08-05,demo17,3.7,1.8,7.2,3.5,3.6,1,No action,Felt supported,stable
2026-08-06,demo17,4.3,1.9,7.6,3,3.8,1,No action,Quiet day,stable
2026-08-07,demo17,3.6,1.9,6.5,3.3,3.2,1,No action,Steady day,stable
2026-08-08,demo17,4.3,1.3,7.7,4,3.6,1,No action,Deadline pressure,stable
2026-08-09,demo17,3.2,1.6,6.9,4.2,4,1,No action,Good peer contact,stable
2026-08-10,demo17,3.2,2.5,6,3.2,3,1,No action,Low sleep,watch
2026-08-11,demo17,2.7,2.3,6.6,3.3,3.7,1,No action,Took a short walk,watch
2026-08-12,demo17,3.1,2.7,6.1,3.1,2.6,1,Gentle nudge,Busy timetable,elevated
2026-08-13,demo17,3.1,3.1,7.2,3.5,3.1,1,No action,Felt supported,watch
2026-08-14,demo17,3.7,3.2,7.2,4.1,3.5,1,No action,Quiet day,stable
2026-08-15,demo17,3.4,2.8,7,3.1,2.8,1,No action,Steady day,watch
2026-08-16,demo17,3.2,2.7,7.1,3.3,2.9,1,Gentle nudge,Deadline pressure,watch
2026-08-17,demo17,3.2,2.6,6.3,3.3,3.8,1,Gentle nudge,Good peer contact,stable
2026-08-18,demo17,3.1,2.7,8,2.8,3,1,Gentle nudge,Low sleep,watch
2026-08-19,demo17,3,2.6,7.2,2.7,3,1,Gentle nudge,Took a short walk,watch
2026-08-20,demo17,2.6,2.1,7.7,3.5,4.6,1,No action,Busy timetable,stable
2026-08-21,demo17,3.7,2.4,7.2,3.6,3.1,1,No action,Felt supported,stable
2026-08-22,demo17,3.9,1.9,6.9,3.9,3.7,1,No action,Quiet day,stable
2026-08-23,demo17,4,2.2,7.3,4.3,4.1,1,No action,Steady day,stable
2026-08-24,demo17,3.8,2.6,7.3,4.1,3.1,1,No action,Deadline pressure,stable
2026-08-25,demo17,3.4,2.4,7.6,3.6,4.3,1,No action,Good peer contact,stable
2026-08-26,demo17,3.5,1.7,7.7,3.9,3.8,1,No action,Low sleep,stable
2026-08-27,demo17,3.7,1.9,7.7,4.2,3.7,1,No action,Took a short walk,stable
2026-08-28,demo17,4.1,2.2,7.6,3.7,4,1,No action,Busy timetable,stable
2026-08-29,demo17,3.7,1.2,7.4,3.8,3.1,1,No action,Felt supported,stable
2026-08-30,demo17,4.4,2.5,7.5,3.8,3.6,1,No action,Quiet day,stable
2026-08-31,demo17,3.6,2.1,7.6,3.3,3.5,1,No action,Steady day,stable
2026-09-01,demo17,3.1,2.8,6.3,2.7,2.9,1,Gentle nudge,Deadline pressure,elevated
2026-09-02,demo17,2.7,3.5,7.6,3.1,2.5,1,Gentle nudge,Good peer contact,elevated
2026-09-03,demo17,3,3,7.1,2.9,3.9,1,No action,Low sleep,watch
2026-09-04,demo17,3.4,2.8,7,3.9,3.5,1,No action,Took a short walk,stable
2026-09-05,demo17,3.4,2.5,7.6,3.9,3.8,1,No action,Busy timetable,stable
2026-09-06,demo17,3,2.5,6.8,3.6,3.6,1,No action,Felt supported,stable
2026-09-07,demo17,2.5,2.7,6.4,2.4,2.4,1,Gentle nudge,Quiet day,elevated
2026-09-08,demo17,2.7,3.3,6.4,3.3,2.5,1,Gentle nudge,Steady day,elevated
2026-09-09,demo17,3,3,7.4,3.1,3.6,1,Gentle nudge,Deadline pressure,watch
2026-09-10,demo17,3.4,1.8,7.7,4.3,3.9,1,No action,Good peer contact,stable
2026-09-11,demo17,4.1,1.9,8.3,2.8,3.4,1,No action,Low sleep,stable
2026-09-12,demo17,3.1,3,7.2,4,4.5,1,No action,Took a short walk,stable
2026-09-13,demo17,3,3.2,7.8,3.1,3.2,1,No action,Busy timetable,elevated
2026-09-14,demo17,3.3,2.3,7,3.6,4.3,1,No action,Felt supported,stable
2026-09-15,demo17,3.6,2.2,7.6,3.9,3.7,1,No action,Quiet day,stable
2026-09-16,demo17,4,2.5,7.4,4.1,2.7,1,No action,Steady day,stable
2026-09-17,demo17,3.9,2.2,7.1,3.7,3.1,1,No action,Deadline pressure,stable
2026-09-18,demo17,3.1,2.3,6.3,3.9,3.8,1,No action,Good peer contact,stable
2026-09-19,demo17,3.9,2.1,7.8,3.2,3.5,1,No action,Low sleep,stable
2026-03-24,demo18,3.2,3.5,6.7,3.2,3.7,1,Gentle nudge,Low sleep,watch
2026-03-25,demo18,4,3,6.9,3.3,3.3,1,No action,Took a short walk,stable
2026-03-26,demo18,3,2.2,7.5,4.3,2.8,1,No action,Busy timetable,stable
2026-03-27,demo18,3.7,1.9,7.3,4,4.1,1,No action,Felt supported,stable
2026-03-28,demo18,3.9,2.4,6.7,3.6,3.8,1,No action,Quiet day,stable
2026-03-29,demo18,4.1,2.5,7.6,3.8,3.9,1,No action,Steady day,stable
2026-03-30,demo18,4.4,1.9,7.7,4.1,4.2,1,No action,Deadline pressure,stable
2026-03-31,demo18,3.2,3,7.4,3.5,4,1,No action,Good peer contact,stable
2026-04-01,demo18,3.1,2.6,7.4,3.1,1.6,1,No action,Low sleep,elevated
2026-04-02,demo18,2.7,2.9,7,3.1,4.1,1,No action,Took a short walk,watch
2026-04-03,demo18,3.1,2.3,7.5,3.4,3.1,1,No action,Busy timetable,stable
2026-04-04,demo18,3.8,2.3,7.9,3.7,3.8,1,No action,Felt supported,stable
2026-04-05,demo18,4.2,1.9,7.3,3.5,3.6,1,No action,Quiet day,stable
2026-04-06,demo18,3.8,2.2,7,4.3,4,1,No action,Steady day,stable
2026-04-07,demo18,2.9,1.7,8.2,3.5,3.5,1,No action,Deadline pressure,stable
2026-04-08,demo18,3.8,2.5,7.4,4.3,3.8,1,No action,Good peer contact,stable
2026-04-09,demo18,3.8,2.2,8,3.9,2.9,1,No action,Low sleep,stable
2026-04-10,demo18,3.6,2.1,7.7,3.4,3.4,1,No action,Took a short walk,stable
2026-04-11,demo18,3.6,1.6,6.8,3.5,3.8,1,No action,Busy timetable,stable
2026-04-12,demo18,3.8,2.6,7.4,3.9,3.7,1,No action,Felt supported,stable
2026-04-13,demo18,3.8,2.2,7.3,3.3,4.5,1,No action,Quiet day,stable
2026-04-14,demo18,3.1,2.3,7,3.2,3.1,1,No action,Steady day,watch
2026-04-15,demo18,3.3,2.1,7.7,3.8,3.7,1,No action,Deadline pressure,stable
2026-04-16,demo18,3.7,2.3,7.8,3,4.1,1,No action,Good peer contact,stable
2026-04-17,demo18,3.2,1.8,5.9,3.7,2.7,1,No action,Low sleep,stable
2026-04-18,demo18,3.3,2.9,7.2,3.8,4.1,1,No action,Took a short walk,stable
2026-04-19,demo18,3.8,2.8,7.6,4.3,3.5,1,No action,Busy timetable,stable
2026-04-20,demo18,3.7,2.9,6.8,3.7,3,1,No action,Felt supported,stable
2026-04-21,demo18,4,2.4,7,3.9,3.9,1,No action,Quiet day,stable
2026-04-22,demo18,3,2.7,7.2,4,3.6,1,No action,Steady day,stable
2026-04-23,demo18,3.8,2.4,7.7,3.9,3.4,1,No action,Deadline pressure,stable
2026-04-24,demo18,3.1,2.2,7.7,2.8,3.5,1,No action,Good peer contact,stable
2026-04-25,demo18,2.9,2.5,7.7,3.5,3.7,1,No action,Low sleep,stable
2026-04-26,demo18,3.5,2.7,6.4,3.7,3.3,1,No action,Took a short walk,stable
2026-04-27,demo18,2.5,2.3,7.8,3.1,3.5,1,Gentle nudge,Busy timetable,watch
2026-04-28,demo18,2.6,2.7,7,2.6,2.6,1,Gentle nudge,Felt supported,elevated
2026-04-29,demo18,2.7,3.2,7.1,2.8,3,1,No action,Quiet day,elevated
2026-04-30,demo18,3.1,3,6.8,2.6,4,1,Gentle nudge,Steady day,watch
2026-05-01,demo18,2.8,2.1,7.2,3.1,3.4,1,No action,Deadline pressure,stable
2026-05-02,demo18,3.2,2.2,7.4,4.4,4.1,1,No action,Good peer contact,stable
2026-05-03,demo18,3.4,2.6,8.4,3.7,3.7,1,No action,Low sleep,stable
2026-05-04,demo18,3.5,2.3,6.6,3.4,3,1,No action,Took a short walk,stable
2026-05-05,demo18,2.8,2.2,7.5,3.8,3.9,1,No action,Busy timetable,stable
2026-05-06,demo18,3.7,2.5,7.3,3,2.4,1,No action,Felt supported,watch
2026-05-07,demo18,3.4,2.4,7.7,3.9,3.2,1,No action,Quiet day,stable
2026-05-08,demo18,4,2.3,7.5,3.5,3.9,1,No action,Steady day,stable
2026-05-09,demo18,4.1,1.9,8.2,3.2,4.3,1,No action,Deadline pressure,stable
2026-05-10,demo18,3.8,2.5,7.5,3.4,4.1,1,No action,Good peer contact,stable
2026-05-11,demo18,3.8,1.3,8.3,2.9,4.7,1,No action,Low sleep,stable
2026-05-12,demo18,4.1,1.6,8.4,4.1,3.6,1,No action,Took a short walk,stable
2026-05-13,demo18,2.7,2.2,8,3.5,3.6,1,No action,Busy timetable,stable
2026-05-14,demo18,3.4,2,7.7,3.3,3.8,1,No action,Felt supported,stable
2026-05-15,demo18,3.6,1.9,7.7,3.9,3.9,1,No action,Quiet day,stable
2026-05-16,demo18,3.4,1.9,8.7,3.7,3.9,1,No action,Steady day,stable
2026-05-17,demo18,3.8,1.9,8.1,4.1,3.2,1,No action,Deadline pressure,stable
2026-05-18,demo18,3.4,1.9,7,4,2.8,1,No action,Good peer contact,stable
2026-05-19,demo18,4.2,2.5,6.8,3.3,3.9,1,No action,Low sleep,stable
2026-05-20,demo18,3.1,2.5,7.3,4.1,3.6,1,No action,Took a short walk,stable
2026-05-21,demo18,3.6,2.6,7.1,4.2,4.6,1,No action,Busy timetable,stable
2026-05-22,demo18,4.2,1.9,8.8,4.3,3.9,1,No action,Felt supported,stable
2026-05-23,demo18,3.9,1.5,8.1,4.2,3.6,1,No action,Quiet day,stable
2026-05-24,demo18,4.3,1.1,7.3,4.5,4.1,1,No action,Steady day,stable
2026-05-25,demo18,4.2,1.9,7.5,3.7,3.7,1,No action,Deadline pressure,stable
2026-05-26,demo18,3.1,2.1,7.2,3.9,3.5,1,No action,Good peer contact,stable
2026-05-27,demo18,3.7,3,7.3,3.6,3.7,1,No action,Low sleep,stable
2026-05-28,demo18,3.6,2.7,7.8,3.7,3.4,1,No action,Took a short walk,stable
2026-05-29,demo18,3.5,2.1,6.6,3.3,3.1,1,No action,Busy timetable,stable
2026-05-30,demo18,4,2.1,6.8,3.6,3.8,1,No action,Felt supported,stable
2026-05-31,demo18,3.8,1.6,7,3.7,3.8,1,No action,Quiet day,stable
2026-06-01,demo18,3.8,2.3,7,3.3,3.7,1,No action,Steady day,stable
2026-06-02,demo18,2.8,2.8,7.7,3.9,3.9,1,No action,Deadline pressure,stable
2026-06-03,demo18,3.6,1.8,6.2,3.2,3.1,1,No action,Good peer contact,stable
2026-06-04,demo18,3.5,1.9,7.6,4,3.9,1,No action,Low sleep,stable
2026-06-05,demo18,4.4,1.4,7.3,3.5,2.8,1,No action,Took a short walk,stable
2026-06-06,demo18,3.4,1.9,6.9,3.7,3.9,1,No action,Busy timetable,stable
2026-06-07,demo18,4,2.1,8.4,3.7,3.8,1,No action,Felt supported,stable
2026-06-08,demo18,4.2,1.7,8.2,3.5,3.1,1,No action,Quiet day,stable
2026-06-09,demo18,4.3,1.8,7.9,3.5,3.1,1,No action,Steady day,stable
2026-06-10,demo18,3.3,2.1,7.3,3.5,3.8,1,No action,Deadline pressure,stable
2026-06-11,demo18,3.9,2.6,7.7,3.7,3.5,1,No action,Good peer contact,stable
2026-06-12,demo18,3.7,1.9,7.5,4.3,3.8,1,No action,Low sleep,stable
2026-06-13,demo18,3.6,1.5,7.1,3.6,3.5,1,No action,Took a short walk,stable
2026-06-14,demo18,3.4,1.7,7.1,4,2.5,1,No action,Busy timetable,stable
2026-06-15,demo18,3.5,1.6,8.1,3.4,3.9,1,No action,Felt supported,stable
2026-06-16,demo18,3.8,2.1,7.6,4.6,3.5,1,No action,Quiet day,stable
2026-06-17,demo18,3.5,1.5,6.6,4.1,3.8,1,No action,Steady day,stable
2026-06-18,demo18,4.1,1.3,7.9,3.7,3.6,1,No action,Deadline pressure,stable
2026-06-19,demo18,3.6,2.7,7.2,4.5,4.3,1,No action,Good peer contact,stable
2026-06-20,demo18,4,1,8.1,4.2,4.2,1,No action,Low sleep,stable
2026-06-21,demo18,4,1.6,7.5,3.2,3.8,1,No action,Took a short walk,stable
2026-06-22,demo18,3.7,2.4,8,3.5,4.3,1,No action,Busy timetable,stable
2026-06-23,demo18,3.7,2.1,6.7,2.5,3.4,1,No action,Felt supported,stable
2026-06-24,demo18,2.7,1.9,6.9,3.3,3.7,1,No action,Quiet day,stable
2026-06-25,demo18,3.4,2.9,6.3,3.7,2.5,1,No action,Steady day,watch
2026-06-26,demo18,4.5,2.6,7.6,3.3,3,1,No action,Deadline pressure,stable
2026-06-27,demo18,2.9,2.1,7.4,3.1,3.9,1,No action,Good peer contact,stable
2026-06-28,demo18,3,1.8,7.1,4,3.6,1,No action,Low sleep,stable
2026-06-29,demo18,2.4,3.8,7.1,2.5,3.8,1,Gentle nudge,Took a short walk,elevated
2026-06-30,demo18,2.5,3.5,7.1,3,3.5,1,Gentle nudge,Busy timetable,elevated
2026-07-01,demo18,2.4,3.1,7,2.9,3.8,1,Self-guided support,Felt supported,elevated
2026-07-02,demo18,2.6,3.3,6.6,2.9,3.3,1,Self-guided support,Quiet day,elevated
2026-07-03,demo18,2.2,3.4,7,3.3,2.9,1,Self-guided support,Steady day,elevated
2026-07-04,demo18,3.1,3.5,6.5,3,3.2,1,Gentle nudge,Deadline pressure,elevated
2026-07-05,demo18,3.1,2.5,6.7,3.7,4,1,No action,Good peer contact,stable
2026-07-06,demo18,3.5,2.5,6.9,3.3,3.8,1,Gentle nudge,Low sleep,stable
2026-07-07,demo18,2.3,3.6,6.4,3.3,3.4,1,Self-guided support,Took a short walk,elevated
2026-07-08,demo18,3.4,2.6,5.7,3.2,3.5,1,Self-guided support,Busy timetable,watch
2026-07-09,demo18,2.5,3.6,7.4,2.4,2.3,1,Gentle nudge,Felt supported,elevated
2026-07-10,demo18,3,2.3,7.5,3.2,3.1,1,Gentle nudge,Quiet day,watch
2026-07-11,demo18,3.8,2.6,7.5,2.8,2.4,1,No action,Steady day,watch
2026-07-12,demo18,3.3,3.6,6.6,3.3,3.5,1,No action,Deadline pressure,elevated
2026-07-13,demo18,2.5,3,7.3,3.2,3.2,1,Gentle nudge,Good peer contact,elevated
2026-07-14,demo18,3,3,6.6,2.9,3.8,1,Gentle nudge,Low sleep,watch
2026-07-15,demo18,2.3,2.5,6.7,3.2,3.3,1,Gentle nudge,Took a short walk,elevated
2026-07-16,demo18,3.2,2.5,6.1,3.7,3.5,1,No action,Busy timetable,stable
2026-07-17,demo18,2.9,3.1,7.1,3.1,3.3,1,No action,Felt supported,elevated
2026-07-18,demo18,3.7,2.1,6.4,3.5,4,1,No action,Quiet day,stable
2026-07-19,demo18,3.4,2.6,7.5,2.6,3.4,1,No action,Steady day,watch
2026-07-20,demo18,3.7,2.8,6.8,3.4,2.8,1,No action,Deadline pressure,watch
2026-07-21,demo18,3,2.5,6.8,3.6,3.9,1,No action,Good peer contact,stable
2026-07-22,demo18,2.8,2.6,5.8,3.2,3.5,1,No action,Low sleep,watch
2026-07-23,demo18,3.6,3.1,6.8,3.8,4.2,1,No action,Took a short walk,stable
2026-07-24,demo18,3.5,2.4,7.8,3.3,4.1,1,No action,Busy timetable,stable
2026-07-25,demo18,3.7,2.2,7.1,3.9,4.3,1,No action,Felt supported,stable
2026-07-26,demo18,4.1,2.6,7.6,3.7,5,1,No action,Quiet day,stable
2026-07-27,demo18,4,2,8.1,4,3.5,1,No action,Steady day,stable
2026-07-28,demo18,3.3,2.8,7.3,3.4,4.3,1,No action,Deadline pressure,stable
2026-07-29,demo18,3.2,2.9,7.6,3.6,3.1,1,No action,Good peer contact,watch
2026-07-30,demo18,3.4,2.7,7.2,4,3.4,1,No action,Low sleep,stable
2026-07-31,demo18,3.3,2.2,7,3.2,3.4,1,No action,Took a short walk,stable
2026-08-01,demo18,3.7,2.4,7,2.6,3.1,1,No action,Busy timetable,watch
2026-08-02,demo18,3.6,2,6.8,3.6,3.8,1,No action,Felt supported,stable
2026-08-03,demo18,3.5,1.8,7.6,2.4,3,1,No action,Quiet day,stable
2026-08-04,demo18,2.8,2.4,6.6,2.9,3,1,Gentle nudge,Steady day,watch
2026-08-05,demo18,2.9,2.6,6.3,3.1,2.6,1,Gentle nudge,Deadline pressure,elevated
2026-08-06,demo18,4.1,3.1,6.3,3.4,3.6,1,Gentle nudge,Good peer contact,stable
2026-08-07,demo18,2.9,2.7,7,3.3,3,1,No action,Low sleep,watch
2026-08-08,demo18,3.7,3.2,6.5,3.7,3.2,1,No action,Took a short walk,watch
2026-08-09,demo18,3.4,3.5,6.5,3.1,2.6,1,No action,Busy timetable,elevated
2026-08-10,demo18,2.1,3.6,6.7,3.9,3.6,1,Gentle nudge,Felt supported,elevated
2026-08-11,demo18,2.9,2.3,7,3.1,3,1,Gentle nudge,Quiet day,watch
2026-08-12,demo18,2.8,3.1,7.2,3.7,3.8,1,Gentle nudge,Steady day,watch
2026-08-13,demo18,2.8,2.8,7.3,3.4,3.9,1,Gentle nudge,Deadline pressure,watch
2026-08-14,demo18,2.6,2.3,7,3.5,3.1,1,No action,Good peer contact,watch
2026-08-15,demo18,3.1,2.6,7.2,4.5,3.6,1,No action,Low sleep,stable
2026-08-16,demo18,3.5,3.3,7.3,3.9,2.8,1,No action,Took a short walk,watch
2026-08-17,demo18,2.8,2.7,6.9,3.2,2.8,1,Gentle nudge,Busy timetable,elevated
2026-08-18,demo18,2.5,3.2,7.4,2.8,2.6,1,Gentle nudge,Felt supported,elevated
2026-08-19,demo18,2.8,2.4,7,3.3,3.1,1,Gentle nudge,Quiet day,watch
2026-08-20,demo18,2.8,2.9,7,2.9,3,1,Gentle nudge,Steady day,elevated
2026-08-21,demo18,3.9,2.1,6.2,4.3,3.3,1,No action,Deadline pressure,stable
2026-08-22,demo18,3.1,2.5,8.3,3.2,3,1,No action,Good peer contact,watch
2026-08-23,demo18,3.4,2.3,7.5,4,3.1,1,No action,Low sleep,stable
2026-08-24,demo18,4.2,2.3,5.2,4.3,3.9,1,No action,Took a short walk,stable
2026-08-25,demo18,3.2,2.2,6.5,3.2,3.6,1,No action,Busy timetable,stable
2026-08-26,demo18,3.3,2,7.1,3,3,1,No action,Felt supported,stable
2026-08-27,demo18,3.6,2.7,6.6,3.1,3.4,1,No action,Quiet day,stable
2026-08-28,demo18,3.9,2.9,7.4,3.9,3.7,1,No action,Steady day,stable
2026-08-29,demo18,2.9,2.2,8.4,3.7,3.7,1,No action,Deadline pressure,stable
2026-08-30,demo18,3.7,3.1,7,3.3,3.4,1,No action,Good peer contact,watch
2026-08-31,demo18,3.3,3.1,7.2,3.5,3.3,1,No action,Low sleep,watch
2026-09-01,demo18,3.3,1.7,5.8,3.4,3.5,1,No action,Took a short walk,stable
2026-09-02,demo18,3,2.6,7.2,3.8,2.7,1,No action,Busy timetable,watch
2026-09-03,demo18,3.8,2.5,7.1,4.3,3.2,1,No action,Felt supported,stable
2026-09-04,demo18,3.5,2,8.3,3.4,4.3,1,No action,Quiet day,stable
2026-09-05,demo18,3.2,1.8,7.2,3.5,3.6,1,No action,Steady day,stable
2026-09-06,demo18,3.8,2.7,6.9,2.8,4,1,No action,Deadline pressure,stable
2026-09-07,demo18,3.2,2.9,6.6,3.1,3.7,1,No action,Good peer contact,watch
2026-09-08,demo18,2.9,3.1,6.4,3.5,3.4,1,Gentle nudge,Low sleep,watch
2026-09-09,demo18,2.8,2.9,7.1,2.7,3.2,1,No action,Took a short walk,elevated
2026-09-10,demo18,3.3,2.1,7.3,3.8,3.1,1,No action,Busy timetable,stable
2026-09-11,demo18,3.6,1.5,8.2,3.6,3.3,1,No action,Felt supported,stable
2026-09-12,demo18,4,2.2,9,4.1,4.5,1,No action,Quiet day,stable
2026-09-13,demo18,4,2.7,7.4,4.5,4.5,1,No action,Steady day,stable
2026-09-14,demo18,4.2,2.7,8.2,3.6,3.6,1,No action,Deadline pressure,stable
2026-09-15,demo18,3.4,2.3,7.1,3.8,3.5,1,No action,Good peer contact,stable
2026-09-16,demo18,3.5,2.8,7.2,4,2.9,1,Gentle nudge,Low sleep,stable
2026-09-17,demo18,3.3,1.7,6.9,3,2.5,1,No action,Took a short walk,stable
2026-09-18,demo18,2.8,2.2,6.9,3.7,2.9,1,No action,Busy timetable,watch
2026-09-19,demo18,3.2,3,7.5,3.7,3.7,1,No action,Felt supported,stable
2026-03-24,demo19,4.1,2,7.8,4,2.7,1,No action,Felt supported,stable
2026-03-25,demo19,3.6,1.7,7.3,4.5,3.2,1,No action,Quiet day,stable
2026-03-26,demo19,3.7,2.2,7.1,3.6,3.3,1,No action,Steady day,stable
2026-03-27,demo19,4.1,1.9,6.8,3.5,3.9,1,No action,Deadline pressure,stable
2026-03-28,demo19,3.8,1.8,7.7,4.4,4,1,No action,Good peer contact,stable
2026-03-29,demo19,3.6,1.9,8.4,3.7,3.9,1,No action,Low sleep,stable
2026-03-30,demo19,3.7,2.3,7.8,3.2,4.3,1,No action,Took a short walk,stable
2026-03-31,demo19,3.4,1.9,7,4.1,3.5,1,No action,Busy timetable,stable
2026-04-01,demo19,3.6,1.3,8.5,4.6,3.1,1,No action,Felt supported,stable
2026-04-02,demo19,4.2,1.7,7.2,4.7,4.3,1,No action,Quiet day,stable
2026-04-03,demo19,3.8,1.2,7.9,4.1,4.5,1,No action,Steady day,stable
2026-04-04,demo19,3.7,2.1,8,3.5,4.3,1,No action,Deadline pressure,stable
2026-04-05,demo19,3.7,2.4,7.1,4.3,3.6,1,No action,Good peer contact,stable
2026-04-06,demo19,3.3,2.6,7,4,3.1,1,No action,Low sleep,stable
2026-04-07,demo19,3.5,2,7.7,3.5,3.7,1,No action,Took a short walk,stable
2026-04-08,demo19,3.4,2.1,8.8,3.9,4.5,1,No action,Busy timetable,stable
2026-04-09,demo19,4.4,1.1,8.2,4.9,4.1,1,No action,Felt supported,stable
2026-04-10,demo19,5,1.3,8.1,5,4.3,1,No action,Quiet day,stable
2026-04-11,demo19,3.5,1.5,7.4,4.1,4.3,1,No action,Steady day,stable
2026-04-12,demo19,4.1,1.8,8.3,3.8,3.6,1,No action,Deadline pressure,stable
2026-04-13,demo19,4.7,1.6,7.3,4.4,5,1,No action,Good peer contact,stable
2026-04-14,demo19,4,1.8,8.6,3.6,3.9,1,No action,Low sleep,stable
2026-04-15,demo19,3.7,1.8,7.7,4.3,4.6,1,No action,Took a short walk,stable
2026-04-16,demo19,4.6,1.5,8.2,4.4,4.2,1,No action,Busy timetable,stable
2026-04-17,demo19,4.3,1.6,8.9,5,3.8,1,No action,Felt supported,stable
2026-04-18,demo19,4,2.3,7.6,4.5,4.4,1,No action,Quiet day,stable
2026-04-19,demo19,4.2,1.9,6.7,3.7,4,1,No action,Steady day,stable
2026-04-20,demo19,3.9,1.9,7.3,3.8,3.9,1,No action,Deadline pressure,stable
2026-04-21,demo19,3.3,2.4,6.8,3.9,3,1,No action,Good peer contact,stable
2026-04-22,demo19,3.4,1.8,8.1,4,3.6,1,No action,Low sleep,stable
2026-04-23,demo19,4,2.2,7.9,3.9,3.2,1,No action,Took a short walk,stable
2026-04-24,demo19,4,1.7,7.3,3.7,3.7,1,No action,Busy timetable,stable
2026-04-25,demo19,4.2,1.6,8.5,4.1,2.6,1,No action,Felt supported,stable
2026-04-26,demo19,3.8,2.6,7.2,3.9,3.7,1,No action,Quiet day,stable
2026-04-27,demo19,3.6,2.1,7.2,3.2,3.4,1,No action,Steady day,stable
2026-04-28,demo19,3.8,2.1,6.7,3.4,3.9,1,No action,Deadline pressure,stable
2026-04-29,demo19,4.6,2.3,7.8,4,4.2,1,No action,Good peer contact,stable
2026-04-30,demo19,3.9,1,7.7,4.4,4.1,1,No action,Low sleep,stable
2026-05-01,demo19,4.3,1.1,7.2,4.5,4.3,1,No action,Took a short walk,stable
2026-05-02,demo19,3.9,1.9,8,4.1,3.8,1,No action,Busy timetable,stable
2026-05-03,demo19,3.5,1.8,7.8,3.9,3.4,1,No action,Felt supported,stable
2026-05-04,demo19,3.3,2.3,7.1,3.2,3.6,1,No action,Quiet day,stable
2026-05-05,demo19,4,2.4,8.1,3.9,3.4,1,No action,Steady day,stable
2026-05-06,demo19,2.7,2.1,7.5,4,3.6,1,No action,Deadline pressure,stable
2026-05-07,demo19,4,2.3,8.4,3.9,3.6,1,No action,Good peer contact,stable
2026-05-08,demo19,3,2.1,7.2,3.9,4.2,1,No action,Low sleep,stable
2026-05-09,demo19,4.2,2.5,7.9,3.9,3.9,1,No action,Took a short walk,stable
2026-05-10,demo19,3.3,2.6,5.9,3.2,3.5,1,No action,Busy timetable,watch
2026-05-11,demo19,3,3.3,7.4,3.5,2.7,1,No action,Felt supported,elevated
2026-05-12,demo19,3.1,2.9,7.6,2.7,3.6,1,No action,Quiet day,watch
2026-05-13,demo19,4.1,1.6,7.7,4.3,3.9,1,No action,Steady day,stable
2026-05-14,demo19,3.5,2.8,7.9,4.1,4.3,1,No action,Deadline pressure,stable
2026-05-15,demo19,3.5,2.1,7.8,3.5,4.4,1,No action,Good peer contact,stable
2026-05-16,demo19,3.3,2.7,7,3.6,3.7,1,No action,Low sleep,stable
2026-05-17,demo19,3.8,2.8,8.2,3.5,3.8,1,No action,Took a short walk,stable
2026-05-18,demo19,3.3,2.5,7.3,3.2,3.5,1,No action,Busy timetable,stable
2026-05-19,demo19,3.8,1.8,6.7,3,3,1,No action,Felt supported,stable
2026-05-20,demo19,3.3,2.2,7.7,4.1,3.7,1,No action,Quiet day,stable
2026-05-21,demo19,3.5,1.7,6.8,4.2,3.8,1,No action,Steady day,stable
2026-05-22,demo19,3.7,2.2,6.6,4,4,1,No action,Deadline pressure,stable
2026-05-23,demo19,2.7,2.6,7.8,3.3,4.3,1,No action,Good peer contact,stable
2026-05-24,demo19,3.5,2.8,7.4,3.9,3.8,1,No action,Low sleep,stable
2026-05-25,demo19,3.1,2.1,6.6,3.3,3.7,1,No action,Took a short walk,stable
2026-05-26,demo19,3.8,1.7,7.5,3.6,2.3,1,No action,Busy timetable,stable
2026-05-27,demo19,4,2.2,6.5,3,3,1,No action,Felt supported,stable
2026-05-28,demo19,3.6,1.9,6.9,3.8,3.1,1,No action,Quiet day,stable
2026-05-29,demo19,4.1,2,8.3,4.3,4.3,1,No action,Steady day,stable
2026-05-30,demo19,3.5,2.6,7.6,3.7,3.5,1,No action,Deadline pressure,stable
2026-05-31,demo19,3.7,2.4,7.4,2.8,3.3,1,No action,Good peer contact,stable
2026-06-01,demo19,4,2.5,7.2,3.2,4,1,No action,Low sleep,stable
2026-06-02,demo19,4.5,1.9,8.1,3.9,4.2,1,No action,Took a short walk,stable
2026-06-03,demo19,4.6,1.2,7.2,3.9,4.1,1,No action,Busy timetable,stable
2026-06-04,demo19,4.1,1,8.7,4.8,4.1,1,No action,Felt supported,stable
2026-06-05,demo19,5,1.3,8.1,4.4,4.4,1,No action,Quiet day,stable
2026-06-06,demo19,3.9,1.4,8.9,4.4,4.4,1,No action,Steady day,stable
2026-06-07,demo19,3.9,1.4,8.2,3.5,4.2,1,No action,Deadline pressure,stable
2026-06-08,demo19,3.7,3,7.4,4,2.7,1,No action,Good peer contact,stable
2026-06-09,demo19,3.3,2.6,7.1,3.1,4.4,1,No action,Low sleep,stable
2026-06-10,demo19,3.3,2.2,7.4,3.4,4.6,1,No action,Took a short walk,stable
2026-06-11,demo19,4.6,1.4,7.8,4.1,4.6,1,No action,Busy timetable,stable
2026-06-12,demo19,4.3,2.4,8.2,3.7,4.2,1,No action,Felt supported,stable
2026-06-13,demo19,3.5,2.2,7.7,3.1,3.7,1,No action,Quiet day,stable
2026-06-14,demo19,3.8,2.9,7.7,3.7,3.6,1,No action,Steady day,stable
2026-06-15,demo19,2.8,2.6,7.9,3.6,3.5,1,No action,Deadline pressure,stable
2026-06-16,demo19,2.9,3.3,6.4,4.2,2.8,1,Gentle nudge,Good peer contact,elevated
2026-06-17,demo19,2.8,3,6.8,2.8,3.1,1,No action,Low sleep,elevated
2026-06-18,demo19,3.7,2.9,8,3.6,4.6,1,No action,Took a short walk,stable
2026-06-19,demo19,3.9,2.5,7.1,3.6,3.5,1,No action,Busy timetable,stable
2026-06-20,demo19,3.3,2.2,6.5,3.2,4.1,1,No action,Felt supported,stable
2026-06-21,demo19,3.3,2.4,7.3,3.2,2.7,1,No action,Quiet day,watch
2026-06-22,demo19,3,3.4,7.1,2.9,2.3,1,Gentle nudge,Steady day,elevated
2026-06-23,demo19,2.9,2.9,6.4,3.1,3.2,1,Gentle nudge,Deadline pressure,elevated
2026-06-24,demo19,3.1,2.7,7,3.3,3.4,1,No action,Good peer contact,watch
2026-06-25,demo19,4,2.6,7.6,3.1,4.1,1,No action,Low sleep,stable
2026-06-26,demo19,3.6,1.8,7.3,3.5,4.6,1,No action,Took a short walk,stable
2026-06-27,demo19,3.7,2.7,7.6,3.2,3.5,1,No action,Busy timetable,stable
2026-06-28,demo19,2.9,2.5,8.1,3.8,3.5,1,No action,Felt supported,stable
2026-06-29,demo19,2.7,2.6,6.7,3.6,4.7,1,No action,Quiet day,stable
2026-06-30,demo19,3.4,2,7.2,3.6,3.7,1,No action,Steady day,stable
2026-07-01,demo19,3.7,2,7.4,4.3,3.4,1,No action,Deadline pressure,stable
2026-07-02,demo19,3.9,1.3,7.7,4.2,4,1,No action,Good peer contact,stable
2026-07-03,demo19,4.3,2,6.9,3.6,4.3,1,No action,Low sleep,stable
2026-07-04,demo19,3.7,1.8,6.9,3,3.7,1,No action,Took a short walk,stable
2026-07-05,demo19,2.8,2.4,6.7,3.4,3.5,1,No action,Busy timetable,watch
2026-07-06,demo19,3.7,2.2,7.4,3.3,3.5,1,No action,Felt supported,stable
2026-07-07,demo19,2.8,2.6,7.4,3.2,3.6,1,No action,Quiet day,watch
2026-07-08,demo19,3.1,2.3,7.5,3.1,3,1,No action,Steady day,watch
2026-07-09,demo19,3.5,2.5,7.4,4.6,3.7,1,No action,Deadline pressure,stable
2026-07-10,demo19,4.1,2.1,7.3,4,3.9,1,No action,Good peer contact,stable
2026-07-11,demo19,3.6,2.2,7.1,3.6,3.3,1,No action,Low sleep,stable
2026-07-12,demo19,3.1,3.1,8,3.8,3.4,1,No action,Took a short walk,watch
2026-07-13,demo19,3.4,2.4,7.3,4.6,3.7,1,No action,Busy timetable,stable
2026-07-14,demo19,2.7,2.5,7.8,3,4,1,No action,Felt supported,watch
2026-07-15,demo19,2.9,2.6,7.3,3.4,3.8,1,No action,Quiet day,stable
2026-07-16,demo19,3.6,2.3,7.2,3.8,3.6,1,No action,Steady day,stable
2026-07-17,demo19,3.6,1.7,6.9,3.8,2.8,1,No action,Deadline pressure,stable
2026-07-18,demo19,3.5,2.5,8.1,3.6,3.5,1,No action,Good peer contact,stable
2026-07-19,demo19,3.7,1.3,7.7,4.5,4.2,1,No action,Low sleep,stable
2026-07-20,demo19,3.8,1.7,6.6,4.4,4,1,No action,Took a short walk,stable
2026-07-21,demo19,3.6,1.8,7.3,3.4,3.7,1,No action,Busy timetable,stable
2026-07-22,demo19,4.1,1.8,7.8,4.5,4.2,1,No action,Felt supported,stable
2026-07-23,demo19,4.3,1.8,7.4,4.1,3.4,1,No action,Quiet day,stable
2026-07-24,demo19,4,1.6,8.5,3.9,3.6,1,No action,Steady day,stable
2026-07-25,demo19,4.1,1.5,7.7,4,4.1,1,No action,Deadline pressure,stable
2026-07-26,demo19,3.9,1.4,8.2,3.9,3.3,1,No action,Good peer contact,stable
2026-07-27,demo19,3.1,2.4,7.1,3.7,2.9,1,No action,Low sleep,stable
2026-07-28,demo19,3.6,2.7,7.6,3.5,3.7,1,No action,Took a short walk,stable
2026-07-29,demo19,3.7,2.3,7.8,3.6,3.3,1,No action,Busy timetable,stable
2026-07-30,demo19,3.9,1.9,7.6,3.8,3.9,1,No action,Felt supported,stable
2026-07-31,demo19,4.1,2.5,7.5,4,3.2,1,No action,Quiet day,stable
2026-08-01,demo19,3.1,2.3,7.4,3.6,2.5,1,No action,Steady day,watch
2026-08-02,demo19,3.6,1.8,6.8,3.5,4.3,1,No action,Deadline pressure,stable
2026-08-03,demo19,2.5,2.9,6,2.8,3.1,1,Gentle nudge,Good peer contact,elevated
2026-08-04,demo19,3,2.9,6.3,3.7,2.5,1,Gentle nudge,Low sleep,elevated
2026-08-05,demo19,4.1,2.9,6.5,3.3,2.8,1,Gentle nudge,Took a short walk,watch
2026-08-06,demo19,3.1,2.7,7.3,3.2,2.8,1,No action,Busy timetable,watch
2026-08-07,demo19,3.7,2.8,7.4,2.7,3.5,1,No action,Felt supported,watch
2026-08-08,demo19,2.8,3,6.8,3.1,3.1,1,Gentle nudge,Quiet day,elevated
2026-08-09,demo19,2.8,2.5,6.5,3.1,3.3,1,Gentle nudge,Steady day,watch
2026-08-10,demo19,2.5,3.3,6.3,3.2,3.6,1,Self-guided support,Deadline pressure,elevated
2026-08-11,demo19,2.7,3.1,6.8,3.3,2.6,1,Self-guided support,Good peer contact,elevated
2026-08-12,demo19,3.4,2.8,6.8,3.6,2.9,1,Gentle nudge,Low sleep,watch
2026-08-13,demo19,3.4,2.7,6.8,2.8,3.3,1,Gentle nudge,Took a short walk,watch
2026-08-14,demo19,2.7,3,7.3,3.5,3.2,1,Gentle nudge,Busy timetable,watch
2026-08-15,demo19,2.8,3.5,4.8,3,3.1,1,Gentle nudge,Felt supported,elevated
2026-08-16,demo19,3.1,3.4,6.7,3.3,4,1,Gentle nudge,Quiet day,watch
2026-08-17,demo19,3.4,2.8,6.6,3.7,3.4,1,Gentle nudge,Steady day,stable
2026-08-18,demo19,2.2,3.4,7.1,2.9,3.5,1,Gentle nudge,Deadline pressure,elevated
2026-08-19,demo19,3,2.1,7.6,3.2,3,1,No action,Good peer contact,stable
2026-08-20,demo19,3.3,3,7,4,3.3,1,No action,Low sleep,stable
2026-08-21,demo19,3,1.9,7.8,3.4,2.8,1,No action,Took a short walk,stable
2026-08-22,demo19,3.1,2.9,6,3.3,3.1,1,No action,Busy timetable,watch
2026-08-23,demo19,3.3,3.2,6.9,3.1,3.4,1,Gentle nudge,Felt supported,watch
2026-08-24,demo19,2.5,3,8,3.2,4,1,Self-guided support,Quiet day,watch
2026-08-25,demo19,3.1,2.4,6.6,3.3,2.8,1,Gentle nudge,Steady day,watch
2026-08-26,demo19,2.9,3.2,7.8,3.6,3.4,1,Gentle nudge,Deadline pressure,watch
2026-08-27,demo19,2.9,3.3,7.1,3.5,2.9,1,Gentle nudge,Good peer contact,elevated
2026-08-28,demo19,2.8,3.1,7,2.9,4,1,Gentle nudge,Low sleep,watch
2026-08-29,demo19,2.4,2.7,7.4,3.9,2.7,1,Gentle nudge,Took a short walk,elevated
2026-08-30,demo19,2.5,3.4,7.5,2.8,3,1,Self-guided support,Busy timetable,elevated
2026-08-31,demo19,2.4,3.7,5.5,2.4,3.9,1,Self-guided support,Felt supported,elevated
2026-09-01,demo19,2.6,3.4,6.7,2.5,3.2,1,Gentle nudge,Quiet day,elevated
2026-09-02,demo19,2.5,3.3,6.2,3.1,3.6,1,Gentle nudge,Steady day,elevated
2026-09-03,demo19,3.1,2.5,6.3,3.7,3.3,1,No action,Deadline pressure,stable
2026-09-04,demo19,3.6,2.9,7.7,2.8,2.4,1,No action,Good peer contact,elevated
2026-09-05,demo19,4,2.7,7.1,3.3,2.8,1,No action,Low sleep,stable
2026-09-06,demo19,3.4,2.9,7.1,3.8,3.7,1,No action,Took a short walk,stable
2026-09-07,demo19,3.2,2.4,7,3.3,3.4,1,No action,Busy timetable,stable
2026-09-08,demo19,3.1,3,6.9,3.2,3.1,1,No action,Felt supported,watch
2026-09-09,demo19,4.2,2.9,7.3,2.9,3.4,1,No action,Quiet day,stable
2026-09-10,demo19,4.1,2.1,7.4,3.8,2.9,1,No action,Steady day,stable
2026-09-11,demo19,4.1,2.6,7.7,3.3,3.5,1,No action,Deadline pressure,stable
2026-09-12,demo19,3.2,2.2,7.6,3.2,3,1,No action,Good peer contact,stable
2026-09-13,demo19,3.3,3.2,6.9,3.7,4,1,No action,Low sleep,stable
2026-09-14,demo19,3.6,2.2,7.3,3.4,3.2,1,No action,Took a short walk,stable
2026-09-15,demo19,2.4,3.4,6.9,3.7,3.3,1,No action,Busy timetable,elevated
2026-09-16,demo19,2.9,2.2,7.1,2.9,4,1,No action,Felt supported,stable
2026-09-17,demo19,3.3,2.5,7.1,2.8,3.7,1,No action,Quiet day,stable
2026-09-18,demo19,3.9,2.4,7.3,3.4,4.3,1,No action,Steady day,stable
2026-09-19,demo19,2.7,2.1,6.5,3.2,4.2,1,No action,Deadline pressure,stable
2026-03-24,demo20,3.6,3.5,7.6,4.7,3.3,1,No action,Deadline pressure,stable
2026-03-25,demo20,3.2,2.7,8.2,2.8,3.9,1,No action,Good peer contact,stable
2026-03-26,demo20,3.8,3,6.7,4,2.9,1,No action,Low sleep,stable
2026-03-27,demo20,3.4,1.7,7.1,3.8,3.5,1,No action,Took a short walk,stable
2026-03-28,demo20,3.1,2,7,3.4,3.4,1,No action,Busy timetable,stable
2026-03-29,demo20,3.7,2.5,6.4,3.1,3.8,1,No action,Felt supported,stable
2026-03-30,demo20,3.7,2.1,7.3,3.6,3.3,1,No action,Quiet day,stable
2026-03-31,demo20,3,3.6,7.4,2.6,3.7,1,No action,Steady day,elevated
2026-04-01,demo20,2.9,2.8,6.8,2.8,3.1,1,Gentle nudge,Deadline pressure,elevated
2026-04-02,demo20,3.2,2.1,7.6,3.2,3,1,Gentle nudge,Good peer contact,stable
2026-04-03,demo20,3,2.9,7.1,3.2,2.6,1,No action,Low sleep,elevated
2026-04-04,demo20,3.4,1.5,8,3.5,3.8,1,No action,Took a short walk,stable
2026-04-05,demo20,3.3,2.4,7.3,3.3,2.9,1,No action,Busy timetable,watch
2026-04-06,demo20,3.1,2.9,6.6,2.5,3.1,1,No action,Felt supported,elevated
2026-04-07,demo20,3.2,2.6,7.3,3.7,3.4,1,No action,Quiet day,stable
2026-04-08,demo20,2.8,2.7,7.2,3.3,3.7,1,Gentle nudge,Steady day,watch
2026-04-09,demo20,2.7,3,7.2,3.3,4.5,1,No action,Deadline pressure,watch
2026-04-10,demo20,3.3,2.1,7,2.8,3.2,1,No action,Good peer contact,stable
2026-04-11,demo20,3.8,2.2,7.4,4.6,4,1,No action,Low sleep,stable
2026-04-12,demo20,4.2,1.2,7.2,3.7,4,1,No action,Took a short walk,stable
2026-04-13,demo20,3.6,3,7.3,3.6,4.6,1,No action,Busy timetable,stable
2026-04-14,demo20,3.7,2.3,6.4,3.1,3.2,1,No action,Felt supported,stable
2026-04-15,demo20,2.9,2.6,6.9,3.8,4,1,No action,Quiet day,stable
2026-04-16,demo20,3.1,2.3,7.2,3.6,3.5,1,No action,Steady day,stable
2026-04-17,demo20,3.9,2.6,7.7,3.3,4.7,1,No action,Deadline pressure,stable
2026-04-18,demo20,3.8,2.5,7.6,4,4,1,No action,Good peer contact,stable
2026-04-19,demo20,3.3,2.2,6.6,4.1,3.6,1,No action,Low sleep,stable
2026-04-20,demo20,3.6,1.9,7,3.6,3.8,1,No action,Took a short walk,stable
2026-04-21,demo20,3.2,2.3,7,3.4,3.5,1,No action,Busy timetable,stable
2026-04-22,demo20,3.8,2,7.8,3.7,4.1,1,No action,Felt supported,stable
2026-04-23,demo20,3.4,1.7,7.7,3.2,3.4,1,No action,Quiet day,stable
2026-04-24,demo20,4.9,1.6,7.2,4.5,3.4,1,No action,Steady day,stable
2026-04-25,demo20,3.2,1.2,7.9,4.1,4.7,1,No action,Deadline pressure,stable
2026-04-26,demo20,4.6,1.1,8,4,4.4,1,No action,Good peer contact,stable
2026-04-27,demo20,4.4,1.5,7.8,4.2,4.7,1,No action,Low sleep,stable
2026-04-28,demo20,4.3,1.5,8.3,3.4,3.9,1,No action,Took a short walk,stable
2026-04-29,demo20,3.6,2.6,7.8,4.2,4.8,1,No action,Busy timetable,stable
2026-04-30,demo20,4.1,1,6.7,3.9,3.2,1,No action,Felt supported,stable
2026-05-01,demo20,4.6,1.3,7.9,4.4,4.3,1,No action,Quiet day,stable
2026-05-02,demo20,4.6,1.2,8.1,3.8,4.2,1,No action,Steady day,stable
2026-05-03,demo20,3.8,1.3,7.3,4,3.8,1,No action,Deadline pressure,stable
2026-05-04,demo20,4.4,1.2,7.6,3.5,3.9,1,No action,Good peer contact,stable
2026-05-05,demo20,3,2.6,6.9,3.9,3.3,1,No action,Low sleep,stable
2026-05-06,demo20,4,1.9,7.3,3.7,3.1,1,No action,Took a short walk,stable
2026-05-07,demo20,3.9,1.8,8,3.6,4.7,1,No action,Busy timetable,stable
2026-05-08,demo20,4.2,2.3,7.9,3.2,4.3,1,No action,Felt supported,stable
2026-05-09,demo20,4.1,1.7,7.6,3.9,3.4,1,No action,Quiet day,stable
2026-05-10,demo20,4.2,2,8.1,3.7,4.4,1,No action,Steady day,stable
2026-05-11,demo20,3.7,2.1,7.5,3.4,3.6,1,No action,Deadline pressure,stable
2026-05-12,demo20,2.8,2.5,7.2,3.6,3.1,1,No action,Good peer contact,watch
2026-05-13,demo20,3.3,2.4,7.4,3.7,3.4,1,No action,Low sleep,stable
2026-05-14,demo20,3.6,1.5,7.7,3.7,3.3,1,No action,Took a short walk,stable
2026-05-15,demo20,4.4,1.9,8.1,4.3,3.1,1,No action,Busy timetable,stable
2026-05-16,demo20,4.2,1,8.3,5,4.4,1,No action,Felt supported,stable
2026-05-17,demo20,4.2,1.3,8.1,4,3.5,1,No action,Quiet day,stable
2026-05-18,demo20,4.2,2.6,8.3,3.6,3.9,1,No action,Steady day,stable
2026-05-19,demo20,4.3,1.5,7.9,4.4,3.8,1,No action,Deadline pressure,stable
2026-05-20,demo20,3.8,2.6,7.9,3.3,3.3,1,No action,Good peer contact,stable
2026-05-21,demo20,4.4,2.9,7.7,3.8,2.7,1,No action,Low sleep,stable
2026-05-22,demo20,3.7,1.3,6.6,3.4,3.7,1,No action,Took a short walk,stable
2026-05-23,demo20,4.3,2.2,8.7,4.2,4.1,1,No action,Busy timetable,stable
2026-05-24,demo20,5,1.2,8.5,4.3,4.6,1,No action,Felt supported,stable
2026-05-25,demo20,4.1,1,8.1,3.9,3.6,1,No action,Quiet day,stable
2026-05-26,demo20,3.9,1.9,8.1,4.2,4.3,1,No action,Steady day,stable
2026-05-27,demo20,4.1,2.2,8,3.3,4.2,1,No action,Deadline pressure,stable
2026-05-28,demo20,2.9,2.4,7.5,3.6,3.7,1,No action,Good peer contact,stable
2026-05-29,demo20,3.4,1.6,7.1,3.2,3,1,No action,Low sleep,stable
2026-05-30,demo20,4.3,2.2,8,3.5,3.9,1,No action,Took a short walk,stable
2026-05-31,demo20,3.8,2.4,6.6,3.9,3.1,1,No action,Busy timetable,stable
2026-06-01,demo20,2.5,3.3,7.8,3.2,4.1,1,No action,Felt supported,watch
2026-06-02,demo20,3.3,2.4,6.3,2.8,2.9,1,No action,Quiet day,watch
2026-06-03,demo20,2.8,3.1,6.6,3.4,2.1,1,Gentle nudge,Steady day,elevated
2026-06-04,demo20,2.6,2.6,6.8,3.3,3.5,1,Gentle nudge,Deadline pressure,watch
2026-06-05,demo20,3.8,2.8,6.5,3.1,3,1,No action,Good peer contact,watch
2026-06-06,demo20,3.1,1.9,6.4,3.2,3.3,1,No action,Low sleep,stable
2026-06-07,demo20,3.6,2.5,6.2,3,3.4,1,No action,Took a short walk,stable
2026-06-08,demo20,3.9,3.3,6.9,3.5,2.9,1,Gentle nudge,Busy timetable,watch
2026-06-09,demo20,3.5,2.1,7,2.6,2.4,1,No action,Felt supported,watch
2026-06-10,demo20,3.6,3,8,3.1,3.2,1,No action,Quiet day,watch
2026-06-11,demo20,3.1,2.1,8,3.9,3.3,1,No action,Steady day,stable
2026-06-12,demo20,3.1,2.4,7.6,4,3.4,1,No action,Deadline pressure,stable
2026-06-13,demo20,3.6,1.8,7.1,3.3,3.9,1,No action,Good peer contact,stable
2026-06-14,demo20,3.5,1.4,6.5,3.9,4.4,1,No action,Low sleep,stable
2026-06-15,demo20,3,3.1,8.2,3.2,3.7,1,No action,Took a short walk,watch
2026-06-16,demo20,3.9,3.3,7.8,3.1,3.6,1,No action,Busy timetable,watch
2026-06-17,demo20,3.5,2.5,7.6,3.4,3,1,No action,Felt supported,stable
2026-06-18,demo20,3.6,2.1,7.3,4,3,1,No action,Quiet day,stable
2026-06-19,demo20,3.7,1.5,7.8,3.6,4.3,1,No action,Steady day,stable
2026-06-20,demo20,3.8,2.6,7.1,3.3,3.7,1,No action,Deadline pressure,stable
2026-06-21,demo20,4.4,1.7,7.4,4,3.7,1,No action,Good peer contact,stable
2026-06-22,demo20,2.6,2.5,7.3,3.2,3.2,1,No action,Low sleep,watch
2026-06-23,demo20,3.7,2.3,6.7,2.8,2.8,1,Gentle nudge,Took a short walk,watch
2026-06-24,demo20,2.9,2.5,6.8,3,3,1,Gentle nudge,Busy timetable,watch
2026-06-25,demo20,3.5,2.5,8.1,2.6,3.1,1,Gentle nudge,Felt supported,watch
2026-06-26,demo20,3.1,2.1,6.8,3.6,3.8,1,No action,Quiet day,stable
2026-06-27,demo20,3.6,2.6,7.9,3.6,3.9,1,No action,Steady day,stable
2026-06-28,demo20,3.7,3,7.4,3.6,2.8,1,No action,Deadline pressure,watch
2026-06-29,demo20,3.3,2.6,6,3.4,2.5,1,No action,Good peer contact,watch
2026-06-30,demo20,3.3,3,7,3.5,3.1,1,Gentle nudge,Low sleep,watch
2026-07-01,demo20,3.6,2.7,7,2.3,3.4,1,No action,Took a short walk,watch
2026-07-02,demo20,3.8,1.7,7.2,4,3,1,No action,Busy timetable,stable
2026-07-03,demo20,4,1.7,6.9,3.6,4,1,No action,Felt supported,stable
2026-07-04,demo20,3.9,1.5,7.8,3.7,3.7,1,No action,Quiet day,stable
2026-07-05,demo20,3.8,1.5,7.6,3.9,3.6,1,No action,Steady day,stable
2026-07-06,demo20,3.3,2.3,8.2,3.9,2.8,1,No action,Deadline pressure,stable
2026-07-07,demo20,3.2,2.1,7.1,4.2,4,1,No action,Good peer contact,stable
2026-07-08,demo20,4.1,1.7,7.4,4.4,2.7,1,No action,Low sleep,stable
2026-07-09,demo20,4.1,1.3,8,3.2,4.2,1,No action,Took a short walk,stable
2026-07-10,demo20,3.6,2.3,7,4,3.1,1,No action,Busy timetable,stable
2026-07-11,demo20,4.5,1,7.8,4.3,4.3,1,No action,Felt supported,stable
2026-07-12,demo20,3.6,2,7.1,3.5,3.1,1,No action,Quiet day,stable
2026-07-13,demo20,3.3,2.5,7.2,3,3.8,1,No action,Steady day,stable
2026-07-14,demo20,3.3,2.8,7.2,3.7,3.9,1,No action,Deadline pressure,stable
2026-07-15,demo20,2.7,3.5,6.8,2.7,3.9,1,Gentle nudge,Good peer contact,elevated
2026-07-16,demo20,3.3,3,6.7,3.6,4.1,1,No action,Low sleep,stable
2026-07-17,demo20,2.8,2.5,7.4,3.3,3.3,1,Gentle nudge,Took a short walk,watch
2026-07-18,demo20,3.7,2.8,7.4,3.4,3.6,1,No action,Busy timetable,stable
2026-07-19,demo20,2.6,2.9,6,2.8,3.6,1,No action,Felt supported,elevated
2026-07-20,demo20,3.4,2.5,7.4,3.8,3.3,1,No action,Quiet day,stable
2026-07-21,demo20,3.1,2.9,7,2.8,3.3,1,Gentle nudge,Steady day,watch
2026-07-22,demo20,3.3,3.3,6.9,3,3.9,1,Gentle nudge,Deadline pressure,watch
2026-07-23,demo20,3.4,2.5,6.7,4.4,3.4,1,No action,Good peer contact,stable
2026-07-24,demo20,3.4,2.9,7.9,3.4,4.3,1,No action,Low sleep,stable
2026-07-25,demo20,3.9,1.2,7.3,3.5,3.4,1,No action,Took a short walk,stable
2026-07-26,demo20,3,2.7,6.2,4.2,4,1,No action,Busy timetable,stable
2026-07-27,demo20,2.8,2.9,6.7,3.2,3.3,1,No action,Felt supported,watch
2026-07-28,demo20,2.7,2.7,7,2.7,3.1,1,Gentle nudge,Quiet day,elevated
2026-07-29,demo20,3.3,2.6,7.4,2.5,3.2,1,Gentle nudge,Steady day,watch
2026-07-30,demo20,3.4,3.1,7.4,3.2,3.5,1,No action,Deadline pressure,watch
2026-07-31,demo20,3,2.4,7.6,3.1,2.6,1,No action,Good peer contact,watch
2026-08-01,demo20,3.6,2.6,7,2.9,3.4,1,No action,Low sleep,stable
2026-08-02,demo20,2,3.4,6.9,2.7,3.2,1,Gentle nudge,Took a short walk,elevated
2026-08-03,demo20,3.1,2.9,7.1,2.7,3,1,Self-guided support,Busy timetable,elevated
2026-08-04,demo20,1.7,4.6,6,3.4,2.8,1,Self-guided support,Felt supported,elevated
2026-08-05,demo20,2.7,3.8,6.5,2.7,3.4,1,Self-guided support,Quiet day,elevated
2026-08-06,demo20,2.4,3,6.3,3.3,2.7,1,Self-guided support,Steady day,elevated
2026-08-07,demo20,2.6,2.8,6,3.5,3.1,1,Gentle nudge,Deadline pressure,elevated
2026-08-08,demo20,2.9,2.5,6.8,3.4,3.5,1,No action,Good peer contact,watch
2026-08-09,demo20,2.8,2.5,6.4,3.1,3.8,1,Gentle nudge,Low sleep,watch
2026-08-10,demo20,3.1,3.1,7,3.2,2.8,1,Gentle nudge,Took a short walk,elevated
2026-08-11,demo20,2.8,3.7,6.7,2.8,3.3,1,Self-guided support,Busy timetable,elevated
2026-08-12,demo20,2.7,4,6.2,2.7,3.2,1,Self-guided support,Felt supported,elevated
2026-08-13,demo20,2.6,3,6.9,3.6,3.7,1,Gentle nudge,Quiet day,watch
2026-08-14,demo20,3,3.4,6.7,2.3,2.5,1,Gentle nudge,Steady day,elevated
2026-08-15,demo20,3,3,6.8,3.1,3.3,1,Gentle nudge,Deadline pressure,watch
2026-08-16,demo20,2.9,2.9,7.1,2.5,2.7,1,Gentle nudge,Good peer contact,elevated
2026-08-17,demo20,3,3.3,6.2,3.5,2.6,1,Gentle nudge,Low sleep,elevated
2026-08-18,demo20,3,4,7.3,3.3,3,1,Gentle nudge,Took a short walk,elevated
2026-08-19,demo20,2.9,3.2,6.5,3.2,2.7,1,Self-guided support,Busy timetable,elevated
2026-08-20,demo20,2.7,2.8,7.6,3.2,2.8,1,Gentle nudge,Felt supported,elevated
2026-08-21,demo20,3.2,2.4,7.3,3.4,3.4,1,No action,Quiet day,stable
2026-08-22,demo20,2.5,2.7,7.4,3.9,3.6,1,No action,Steady day,watch
2026-08-23,demo20,3.6,2.6,7,3.2,2.8,1,No action,Deadline pressure,watch
2026-08-24,demo20,3.6,2.5,7.1,3.1,3.3,1,No action,Good peer contact,stable
2026-08-25,demo20,3,2.4,7,3.8,2.7,1,No action,Low sleep,watch
2026-08-26,demo20,2.5,2.7,7.3,2.9,2.8,1,No action,Took a short walk,elevated
2026-08-27,demo20,3.5,2.7,8,3.5,3,1,No action,Busy timetable,stable
2026-08-28,demo20,2.6,2.9,6.7,3.4,2.7,1,No action,Felt supported,elevated
2026-08-29,demo20,3.2,2.3,6.9,3.5,3.3,1,No action,Quiet day,stable
2026-08-30,demo20,3.3,2.6,7,2.9,4,1,Gentle nudge,Steady day,stable
2026-08-31,demo20,2.5,4,7,2,3.4,1,Gentle nudge,Deadline pressure,elevated
2026-09-01,demo20,2.8,3.8,6.3,3.2,2,1,Gentle nudge,Good peer contact,elevated
2026-09-02,demo20,3.3,2.7,6.3,2.7,3.4,1,Gentle nudge,Low sleep,watch
2026-09-03,demo20,3.1,3.2,6.7,2.9,3.7,1,Gentle nudge,Took a short walk,watch
2026-09-04,demo20,3,3.6,7,4,2.3,1,No action,Busy timetable,elevated
2026-09-05,demo20,2.8,3.4,7.4,2.8,3.6,1,No action,Felt supported,elevated
2026-09-06,demo20,2.7,2.9,7.3,3.6,2.2,1,No action,Quiet day,elevated
2026-09-07,demo20,2.8,2.9,7.7,3.1,3.6,1,Gentle nudge,Steady day,watch
2026-09-08,demo20,2.9,3.3,7.5,3.4,2.9,1,No action,Deadline pressure,elevated
2026-09-09,demo20,3.3,3.1,6.8,3.6,3,1,No action,Good peer contact,watch
2026-09-10,demo20,4,3.2,6.5,3.4,3.8,1,No action,Low sleep,stable
2026-09-11,demo20,3.3,2.6,6.4,3.1,3.2,1,No action,Took a short walk,watch
2026-09-12,demo20,3.7,3.1,7.8,2.9,4.1,1,No action,Busy timetable,stable
2026-09-13,demo20,3.5,2.6,7.3,3.4,2.9,1,No action,Felt supported,watch
2026-09-14,demo20,3.9,1.6,7.4,4.1,4.4,1,No action,Quiet day,stable
2026-09-15,demo20,3.4,3.1,6.6,3.5,3.8,1,No action,Steady day,stable
2026-09-16,demo20,3.1,2.9,7.6,3.3,3.7,1,No action,Deadline pressure,watch
2026-09-17,demo20,3.1,2.9,7.3,3.9,3.2,1,No action,Good peer contact,watch
2026-09-18,demo20,3.7,2.3,7.5,3.2,3.8,1,No action,Low sleep,stable
2026-09-19,demo20,3.6,2.6,7.2,3.6,3.7,1,No action,Took a short walk,stable
2026-03-24,demo21,3.7,2.2,6.4,3.6,4.2,1,No action,Took a short walk,stable
2026-03-25,demo21,3.3,2.6,8.1,3.4,3,1,No action,Busy timetable,watch
2026-03-26,demo21,3.7,2.5,8,3.5,3.6,1,No action,Felt supported,stable
2026-03-27,demo21,3.2,2.1,6.8,3.8,3.3,1,No action,Quiet day,stable
2026-03-28,demo21,3.7,2,7.7,3.2,3.9,1,No action,Steady day,stable
2026-03-29,demo21,3.4,2.3,7.7,3.4,3.8,1,No action,Deadline pressure,stable
2026-03-30,demo21,3.6,1.9,7.8,4.5,2.8,1,No action,Good peer contact,stable
2026-03-31,demo21,3.9,1.7,7.4,3.9,3.6,1,No action,Low sleep,stable
2026-04-01,demo21,2.9,1.7,7.8,3.9,4.1,1,No action,Took a short walk,stable
2026-04-02,demo21,3.6,1.5,6.9,4.6,4,1,No action,Busy timetable,stable
2026-04-03,demo21,3.3,1.5,7.8,3.5,2.9,1,No action,Felt supported,stable
2026-04-04,demo21,3,1.8,7.6,3.7,4.1,1,No action,Quiet day,stable
2026-04-05,demo21,4.1,1,8.6,4.3,4.2,1,No action,Steady day,stable
2026-04-06,demo21,4,1.4,7.8,4.3,3.3,1,No action,Deadline pressure,stable
2026-04-07,demo21,3.9,1.6,8.3,3.8,4.1,1,No action,Good peer contact,stable
2026-04-08,demo21,3.4,2,7.4,3.7,4.2,1,No action,Low sleep,stable
2026-04-09,demo21,3.2,2.1,7.4,2.9,3.6,1,No action,Took a short walk,stable
2026-04-10,demo21,3.8,3,8.6,3.3,3.4,1,No action,Busy timetable,stable
2026-04-11,demo21,3.7,2.1,7.1,4,4.4,1,No action,Felt supported,stable
2026-04-12,demo21,3.9,1.9,8.3,3.3,3,1,No action,Quiet day,stable
2026-04-13,demo21,3.8,2,7.1,3.4,3,1,No action,Steady day,stable
2026-04-14,demo21,4.1,3,7,3.3,3.7,1,No action,Deadline pressure,stable
2026-04-15,demo21,3.9,2.8,7.8,3.1,3.3,1,No action,Good peer contact,stable
2026-04-16,demo21,3.9,1.9,7.5,3.2,3,1,No action,Low sleep,stable
2026-04-17,demo21,3.4,1.4,7.1,4.5,3.5,1,No action,Took a short walk,stable
2026-04-18,demo21,3.9,1.3,8,3.3,3.4,1,No action,Busy timetable,stable
2026-04-19,demo21,4,2.8,8.4,3.6,4.6,1,No action,Felt supported,stable
2026-04-20,demo21,3.7,2.1,7.7,3.8,2.9,1,No action,Quiet day,stable
2026-04-21,demo21,3.5,2.2,8,3.3,2.9,1,No action,Steady day,stable
2026-04-22,demo21,3.8,2.3,7,3.6,3.5,1,No action,Deadline pressure,stable
2026-04-23,demo21,3.8,2.5,6.9,3.7,3.7,1,No action,Good peer contact,stable
2026-04-24,demo21,3.7,2.4,7.6,2.9,4.1,1,No action,Low sleep,stable
2026-04-25,demo21,4.1,1.6,7.5,4,3.9,1,No action,Took a short walk,stable
2026-04-26,demo21,3.6,2,7.2,3.8,4,1,No action,Busy timetable,stable
2026-04-27,demo21,4,1.5,7.7,4.1,3.9,1,No action,Felt supported,stable
2026-04-28,demo21,3.8,2.6,7.1,3.9,3.7,1,No action,Quiet day,stable
2026-04-29,demo21,3.9,1.4,7,3.3,3.9,1,No action,Steady day,stable
2026-04-30,demo21,3.3,2.6,7.7,2.9,4,1,No action,Deadline pressure,stable
2026-05-01,demo21,3.9,2.5,7.1,2.9,4.1,1,No action,Good peer contact,stable
2026-05-02,demo21,3.9,2,7.2,4,3.9,1,No action,Low sleep,stable
2026-05-03,demo21,3.6,2,6.7,3.1,3.9,1,No action,Took a short walk,stable
2026-05-04,demo21,3.8,3.1,7.4,4,4,1,No action,Busy timetable,stable
2026-05-05,demo21,3.7,2.3,7.5,2.8,3.7,1,No action,Felt supported,stable
2026-05-06,demo21,3.6,3.5,7.8,3,4.1,1,Gentle nudge,Quiet day,watch
2026-05-07,demo21,2.7,3.5,7.5,3.1,2.9,1,Gentle nudge,Steady day,elevated
2026-05-08,demo21,3,2.7,6.7,2.7,3.3,1,Gentle nudge,Deadline pressure,watch
2026-05-09,demo21,3.8,2.9,7,3.5,3.4,1,No action,Good peer contact,stable
2026-05-10,demo21,3.4,2.3,7,3.2,3.7,1,No action,Low sleep,stable
2026-05-11,demo21,3.4,2.3,8.2,3.4,3.3,1,No action,Took a short walk,stable
2026-05-12,demo21,3.5,2,6.4,3,3.5,1,No action,Busy timetable,stable
2026-05-13,demo21,3.2,2.3,7.5,2.9,3.1,1,No action,Felt supported,watch
2026-05-14,demo21,3.6,2.8,7.9,3.7,3.9,1,No action,Quiet day,stable
2026-05-15,demo21,3.6,2.4,6.6,4.1,3.4,1,No action,Steady day,stable
2026-05-16,demo21,3.9,1.9,7.6,4.5,3,1,No action,Deadline pressure,stable
2026-05-17,demo21,4,1,7.9,4.5,3.9,1,No action,Good peer contact,stable
2026-05-18,demo21,3.8,1.3,7.8,4.7,3.9,1,No action,Low sleep,stable
2026-05-19,demo21,4.5,2,7.1,4.3,3.4,1,No action,Took a short walk,stable
2026-05-20,demo21,3.8,1.5,8.4,3.5,3.9,1,No action,Busy timetable,stable
2026-05-21,demo21,4,1.7,7,3.2,3.1,1,No action,Felt supported,stable
2026-05-22,demo21,3.5,2.3,8.2,4.2,3.5,1,No action,Quiet day,stable
2026-05-23,demo21,4.2,2,7.2,5,4,1,No action,Steady day,stable
2026-05-24,demo21,4.5,1.2,8.5,3.5,4.2,1,No action,Deadline pressure,stable
2026-05-25,demo21,3.4,1.5,7.3,3.9,3.7,1,No action,Good peer contact,stable
2026-05-26,demo21,3.9,1.9,7.4,3.7,3.7,1,No action,Low sleep,stable
2026-05-27,demo21,3.4,2,7.6,4.4,4,1,No action,Took a short walk,stable
2026-05-28,demo21,4.2,1.8,7.5,3.6,3.8,1,No action,Busy timetable,stable
2026-05-29,demo21,4.2,2.1,7.4,3.4,4.7,1,No action,Felt supported,stable
2026-05-30,demo21,3.8,2,7.5,3.6,3.7,1,No action,Quiet day,stable
2026-05-31,demo21,3.9,2,7.8,3.6,4.3,1,No action,Steady day,stable
2026-06-01,demo21,4.2,2.6,7.2,3.8,3.4,1,No action,Deadline pressure,stable
2026-06-02,demo21,3.3,2.1,7.1,2.9,3.4,1,No action,Good peer contact,stable
2026-06-03,demo21,3.6,2.6,6.1,3.6,2.9,1,No action,Low sleep,stable
2026-06-04,demo21,3.1,2.1,7.6,3.9,4.5,1,No action,Took a short walk,stable
2026-06-05,demo21,3.5,2.3,7,3.2,3,1,No action,Busy timetable,stable
2026-06-06,demo21,3.2,1.8,7.7,3.3,3.6,1,No action,Felt supported,stable
2026-06-07,demo21,3,2.5,7.1,3.1,4,1,No action,Quiet day,stable
2026-06-08,demo21,3.4,2.8,6.4,3.8,3.6,1,No action,Steady day,stable
2026-06-09,demo21,3.4,2.6,7.5,4,3.1,1,No action,Deadline pressure,stable
2026-06-10,demo21,3.5,2.9,7.2,3.1,4.5,1,No action,Good peer contact,stable
2026-06-11,demo21,3.3,2.4,7.2,3.9,4.1,1,No action,Low sleep,stable
2026-06-12,demo21,3.4,2.6,6.7,3.8,3.3,1,No action,Took a short walk,stable
2026-06-13,demo21,4,2,7.6,4.4,4,1,No action,Busy timetable,stable
2026-06-14,demo21,4.9,1.8,8.3,4,3.9,1,No action,Felt supported,stable
2026-06-15,demo21,3.8,1.9,8.1,3.4,3.4,1,No action,Quiet day,stable
2026-06-16,demo21,3.7,1.9,7.8,3.7,4.7,1,No action,Steady day,stable
2026-06-17,demo21,3.3,2.3,8,4.4,4.1,1,No action,Deadline pressure,stable
2026-06-18,demo21,3.5,2.1,7,3.7,3.7,1,No action,Good peer contact,stable
2026-06-19,demo21,3.4,3.2,7.9,4.2,3.7,1,No action,Low sleep,stable
2026-06-20,demo21,4,1.7,7.4,3.9,3.5,1,No action,Took a short walk,stable
2026-06-21,demo21,3.3,2.4,7.4,3.7,4.4,1,No action,Busy timetable,stable
2026-06-22,demo21,3,1.9,7.9,4.4,3.8,1,No action,Felt supported,stable
2026-06-23,demo21,3.4,3.2,7,3.5,3,1,No action,Quiet day,watch
2026-06-24,demo21,3.7,2.4,6.8,4,3.9,1,No action,Steady day,stable
2026-06-25,demo21,3.1,2.5,7.2,3.8,4,1,No action,Deadline pressure,stable
2026-06-26,demo21,3.2,2.5,7.4,2.9,4.6,1,No action,Good peer contact,stable
2026-06-27,demo21,3.9,2,7.8,3.6,4,1,No action,Low sleep,stable
2026-06-28,demo21,3.9,1.7,7.4,4.4,4.3,1,No action,Took a short walk,stable
2026-06-29,demo21,3.7,2.7,7.2,3.8,3.2,1,No action,Busy timetable,stable
2026-06-30,demo21,3.2,2.7,7.3,3.8,2.7,1,No action,Felt supported,watch
2026-07-01,demo21,3.7,2.8,7.4,3.1,2.8,1,No action,Quiet day,watch
2026-07-02,demo21,3.1,2.6,7.8,3.8,3.4,1,No action,Steady day,stable
2026-07-03,demo21,3.6,2.8,7.7,3.4,2.6,1,No action,Deadline pressure,watch
2026-07-04,demo21,4,1.9,7.8,3.9,4,1,No action,Good peer contact,stable
2026-07-05,demo21,4,1.3,7.7,4.2,3.4,1,No action,Low sleep,stable
2026-07-06,demo21,3.3,2.4,7.4,3.6,4.3,1,No action,Took a short walk,stable
2026-07-07,demo21,3.7,2.9,7.6,3.6,3.4,1,No action,Busy timetable,stable
2026-07-08,demo21,3.5,2.6,6.2,3.2,4.3,1,No action,Felt supported,stable
2026-07-09,demo21,3.1,2,7.2,3.5,4.3,1,No action,Quiet day,stable
2026-07-10,demo21,2.7,2.5,7.2,3.2,3.4,1,No action,Steady day,watch
2026-07-11,demo21,3.6,2,7.1,4.1,3.7,1,No action,Deadline pressure,stable
2026-07-12,demo21,3.4,1.9,8,4.2,3.3,1,No action,Good peer contact,stable
2026-07-13,demo21,3.1,2,8,3.6,2.5,1,No action,Low sleep,stable
2026-07-14,demo21,3.8,3,6.4,3.1,3.8,1,No action,Took a short walk,stable
2026-07-15,demo21,3,2.7,6,3.7,4.1,1,No action,Busy timetable,stable
2026-07-16,demo21,2.5,2.8,7.5,3,2.9,1,No action,Felt supported,elevated
2026-07-17,demo21,3.3,2.4,7.5,3.7,4,1,No action,Quiet day,stable
2026-07-18,demo21,4.1,1.8,7.5,3.4,4.6,1,No action,Steady day,stable
2026-07-19,demo21,3.4,2.2,7.1,4.1,3.4,1,No action,Deadline pressure,stable
2026-07-20,demo21,3.3,1.4,8,4.6,2.9,1,No action,Good peer contact,stable
2026-07-21,demo21,3.3,2.1,6.8,3.4,3.5,1,No action,Low sleep,stable
2026-07-22,demo21,3.4,2.4,6.7,4.1,3.4,1,No action,Took a short walk,stable
2026-07-23,demo21,3.4,2.6,6.7,3.7,3.1,1,No action,Busy timetable,stable
2026-07-24,demo21,3.4,2,8.2,4,3.4,1,No action,Felt supported,stable
2026-07-25,demo21,3.7,1.6,7.7,4,3.3,1,No action,Quiet day,stable
2026-07-26,demo21,4.3,1.5,8.2,4.5,4,1,No action,Steady day,stable
2026-07-27,demo21,3.8,2.5,6.7,3.2,2.8,1,No action,Deadline pressure,stable
2026-07-28,demo21,2.3,1.9,7.4,3.2,3.2,1,No action,Good peer contact,watch
2026-07-29,demo21,2.7,2.3,7.4,3.1,3.7,1,No action,Low sleep,watch
2026-07-30,demo21,2.8,2.3,7.5,3.2,4.7,1,No action,Took a short walk,stable
2026-07-31,demo21,2.7,2.4,8,3.3,3.7,1,No action,Busy timetable,stable
2026-08-01,demo21,3.7,3,7.2,3.4,3.9,1,No action,Felt supported,stable
2026-08-02,demo21,3.1,2,8.4,3.7,3.4,1,No action,Quiet day,stable
2026-08-03,demo21,3.8,2.5,7.4,3.1,3.4,1,No action,Steady day,stable
2026-08-04,demo21,2.3,3.2,5.9,3.6,3.6,1,Gentle nudge,Deadline pressure,elevated
2026-08-05,demo21,2.3,3.5,6.7,2.4,3.6,1,Self-guided support,Good peer contact,elevated
2026-08-06,demo21,2.6,3,6.3,3.1,2.6,1,Self-guided support,Low sleep,elevated
2026-08-07,demo21,2.2,2.8,6.5,3.2,2.5,1,Gentle nudge,Took a short walk,elevated
2026-08-08,demo21,2.8,2.3,6.7,3,2.7,1,Gentle nudge,Busy timetable,watch
2026-08-09,demo21,2.8,2.5,7.3,3.1,2.7,1,Gentle nudge,Felt supported,elevated
2026-08-10,demo21,2.3,3.3,6.7,3.4,3.8,1,Gentle nudge,Quiet day,elevated
2026-08-11,demo21,2.7,3.5,6.1,3,3.8,1,Gentle nudge,Steady day,elevated
2026-08-12,demo21,2.6,3.4,6.7,2.9,2.8,1,Self-guided support,Deadline pressure,elevated
2026-08-13,demo21,3.1,2.8,7.3,2.7,2.7,1,Gentle nudge,Good peer contact,elevated
2026-08-14,demo21,2.9,3.3,6.2,3.6,3.1,1,Gentle nudge,Low sleep,elevated
2026-08-15,demo21,3,3.3,5.7,3.1,3.8,1,Gentle nudge,Took a short walk,elevated
2026-08-16,demo21,2.5,3.5,7.8,3.1,3.3,1,Gentle nudge,Busy timetable,elevated
2026-08-17,demo21,3.1,2.6,8.5,4,3.4,1,Gentle nudge,Felt supported,stable
2026-08-18,demo21,3.4,3.2,7.1,3.1,2.8,1,Self-guided support,Quiet day,elevated
2026-08-19,demo21,3,4,6.5,3.4,3.8,1,Self-guided support,Steady day,elevated
2026-08-20,demo21,2.9,4,6.6,2.8,3,1,Self-guided support,Deadline pressure,elevated
2026-08-21,demo21,2.8,3.5,6.6,3.1,3.4,1,Self-guided support,Good peer contact,elevated
2026-08-22,demo21,2.8,3,6.7,2.9,3.4,1,Gentle nudge,Low sleep,elevated
2026-08-23,demo21,2.7,2.8,7.7,2.9,2.8,1,Gentle nudge,Took a short walk,elevated
2026-08-24,demo21,3.4,3.2,6.5,2.7,2.9,1,Gentle nudge,Busy timetable,elevated
2026-08-25,demo21,3.4,2.5,6.2,3,3.5,1,Gentle nudge,Felt supported,stable
2026-08-26,demo21,2.8,3.6,6,2.8,2.9,1,Gentle nudge,Quiet day,elevated
2026-08-27,demo21,3.4,2.7,7.3,3.3,3.8,1,No action,Steady day,stable
2026-08-28,demo21,2.3,2.6,7,3.6,3.6,1,No action,Deadline pressure,watch
2026-08-29,demo21,3.6,2.8,7.2,3.3,3.2,1,No action,Good peer contact,stable
2026-08-30,demo21,3.3,2.3,6.7,3.4,3.7,1,No action,Low sleep,stable
2026-08-31,demo21,3.5,2.9,8,3.6,4.2,1,No action,Took a short walk,stable
2026-09-01,demo21,3.1,3.2,7.2,3.2,3.3,1,Gentle nudge,Busy timetable,watch
2026-09-02,demo21,2.5,3.2,7.2,3,3.5,1,Gentle nudge,Felt supported,elevated
2026-09-03,demo21,3.1,2.9,6.8,3.6,3.5,1,Gentle nudge,Quiet day,watch
2026-09-04,demo21,3.5,2.7,6.8,3.5,3.4,1,No action,Steady day,stable
2026-09-05,demo21,3,2.9,6.7,3.4,4.2,1,No action,Deadline pressure,stable
2026-09-06,demo21,3.4,2.2,6.8,4.6,3.6,1,No action,Good peer contact,stable
2026-09-07,demo21,3.1,2.1,6.4,4.1,2.7,1,No action,Low sleep,stable
2026-09-08,demo21,3.1,2.5,7.5,3.4,2.9,1,No action,Took a short walk,watch
2026-09-09,demo21,2.7,2.6,6,3.6,2.1,1,Gentle nudge,Busy timetable,elevated
2026-09-10,demo21,3.5,2.2,6.5,4,3.2,1,No action,Felt supported,stable
2026-09-11,demo21,3.1,3,7.4,4,3.3,1,No action,Quiet day,watch
2026-09-12,demo21,3.7,2.8,6.8,3.5,2.2,1,No action,Steady day,watch
2026-09-13,demo21,3.9,2.2,7.6,3.8,3.3,1,No action,Deadline pressure,stable
2026-09-14,demo21,4,2.1,8,3.6,3.7,1,No action,Good peer contact,stable
2026-09-15,demo21,3.5,2,7,3.3,4.2,1,No action,Low sleep,stable
2026-09-16,demo21,3.2,2.9,7.5,3,2.9,1,No action,Took a short walk,watch
2026-09-17,demo21,3.3,2.4,7,3,3.4,1,No action,Busy timetable,stable
2026-09-18,demo21,3.8,1.9,7.8,3.9,4.6,1,No action,Felt supported,stable
2026-09-19,demo21,4.1,2,7.9,3.4,3.8,1,No action,Quiet day,stable
2026-03-24,demo22,3.7,1.8,7.4,3.3,2.3,1,No action,Quiet day,stable
2026-03-25,demo22,3.2,2.5,7.2,3.7,4.4,1,No action,Steady day,stable
2026-03-26,demo22,4,1.9,7.4,3.7,3.9,1,No action,Deadline pressure,stable
2026-03-27,demo22,3.7,1.7,7.1,4,4.2,1,No action,Good peer contact,stable
2026-03-28,demo22,4.4,1.8,7,3.9,3.8,1,No action,Low sleep,stable
2026-03-29,demo22,4.1,2.5,7.7,3.4,3.3,1,No action,Took a short walk,stable
2026-03-30,demo22,3.2,2.2,7.7,3.2,3.5,1,No action,Busy timetable,stable
2026-03-31,demo22,3.8,2.8,7.2,3.4,2.8,1,No action,Felt supported,watch
2026-04-01,demo22,3.3,2.4,7.9,3.2,3,1,No action,Quiet day,stable
2026-04-02,demo22,3.1,2.2,7,3.1,4.3,1,No action,Steady day,stable
2026-04-03,demo22,3.6,1.4,7.5,3.9,3.7,1,No action,Deadline pressure,stable
2026-04-04,demo22,4,2.3,7.8,4.2,3.6,1,No action,Good peer contact,stable
2026-04-05,demo22,3.3,2.9,7.2,3.9,4.1,1,No action,Low sleep,stable
2026-04-06,demo22,3.1,2.2,7.1,3.7,2.9,1,No action,Took a short walk,stable
2026-04-07,demo22,3.2,2.2,7.3,3.8,2.8,1,No action,Busy timetable,stable
2026-04-08,demo22,3.8,1.9,6.3,4.5,3.3,1,No action,Felt supported,stable
2026-04-09,demo22,2.7,2.2,7.1,3.8,3.4,1,No action,Quiet day,stable
2026-04-10,demo22,3.7,2.6,6,3.6,3.6,1,No action,Steady day,stable
2026-04-11,demo22,3.9,2.7,8.2,3.6,3.4,1,No action,Deadline pressure,stable
2026-04-12,demo22,3.7,2.5,7.2,3.3,4.1,1,No action,Good peer contact,stable
2026-04-13,demo22,3.4,2,7.2,2.4,3.2,1,No action,Low sleep,stable
2026-04-14,demo22,2.6,3.2,7.2,2.9,4.2,1,No action,Took a short walk,watch
2026-04-15,demo22,3.5,1.6,7.2,3.5,3.8,1,No action,Busy timetable,stable
2026-04-16,demo22,3.6,2.8,7.8,3.7,3.2,1,No action,Felt supported,stable
2026-04-17,demo22,2.9,2.7,8.1,3.4,4,1,No action,Quiet day,stable
2026-04-18,demo22,3.1,2.4,6.2,3.5,3.2,1,No action,Steady day,watch
2026-04-19,demo22,3.5,1.9,7.6,3.8,3.6,1,No action,Deadline pressure,stable
2026-04-20,demo22,3.8,2.4,7.4,2.8,4.5,1,No action,Good peer contact,stable
2026-04-21,demo22,3.5,3.2,6.7,2.9,4,1,No action,Low sleep,watch
2026-04-22,demo22,3.1,3,7.2,4,3.7,1,No action,Took a short walk,stable
2026-04-23,demo22,3.4,2.6,7.5,3.1,3.9,1,No action,Busy timetable,stable
2026-04-24,demo22,3.2,2.4,6.9,3.4,3.8,1,No action,Felt supported,stable
2026-04-25,demo22,2.8,3.3,7.5,3.7,3,1,No action,Quiet day,elevated
2026-04-26,demo22,3,3,6.8,3.4,2.9,1,No action,Steady day,elevated
2026-04-27,demo22,3.3,2.6,7.3,3.4,3.1,1,No action,Deadline pressure,watch
2026-04-28,demo22,3.4,2.8,7.4,3.9,3.7,1,No action,Good peer contact,stable
2026-04-29,demo22,4,2,7.3,3.6,3.2,1,No action,Low sleep,stable
2026-04-30,demo22,4.2,2.2,8.2,3.6,3.7,1,No action,Took a short walk,stable
2026-05-01,demo22,3.2,2.4,7.7,4,4.2,1,No action,Busy timetable,stable
2026-05-02,demo22,3.2,2.4,7.9,3.5,3.9,1,No action,Felt supported,stable
2026-05-03,demo22,3.9,2.1,7.5,3.6,3.5,1,No action,Quiet day,stable
2026-05-04,demo22,3.3,3.1,8.3,4.1,3.6,1,No action,Steady day,stable
2026-05-05,demo22,3.4,2.1,6.5,3.5,4,1,No action,Deadline pressure,stable
2026-05-06,demo22,3.9,2.8,7,3,4,1,No action,Good peer contact,stable
2026-05-07,demo22,3.3,2.3,7.1,3.8,3.5,1,No action,Low sleep,stable
2026-05-08,demo22,3.1,2.1,8.1,3.9,4.3,1,No action,Took a short walk,stable
2026-05-09,demo22,3.7,2.3,8.1,3.5,3.5,1,No action,Busy timetable,stable
2026-05-10,demo22,3,2.2,6.8,4.2,4.2,1,No action,Felt supported,stable
2026-05-11,demo22,2.5,2.8,7.2,3.5,3.8,1,No action,Quiet day,watch
2026-05-12,demo22,2.9,2.5,7.3,3.9,3.8,1,No action,Steady day,stable
2026-05-13,demo22,3,3.6,7.4,2.7,4.3,1,Gentle nudge,Deadline pressure,elevated
2026-05-14,demo22,3,2.1,6.9,3.5,3.5,1,No action,Good peer contact,stable
2026-05-15,demo22,3.9,1.5,6.9,4.2,2.6,1,No action,Low sleep,stable
2026-05-16,demo22,3.3,2.8,7.8,4,3.4,1,No action,Took a short walk,stable
2026-05-17,demo22,4,2.5,7.6,3.9,3.6,1,No action,Busy timetable,stable
2026-05-18,demo22,3.7,1.7,7.4,2.9,3.5,1,No action,Felt supported,stable
2026-05-19,demo22,3.9,1.7,7.9,3.6,3.3,1,No action,Quiet day,stable
2026-05-20,demo22,4.5,2.3,7.6,3.5,3.6,1,No action,Steady day,stable
2026-05-21,demo22,4.3,1.7,6.6,4.4,5,1,No action,Deadline pressure,stable
2026-05-22,demo22,4.6,1,8.4,5,3.9,1,No action,Good peer contact,stable
2026-05-23,demo22,4.3,1.9,8.4,4.1,3.4,1,No action,Low sleep,stable
2026-05-24,demo22,4.1,2.2,7.1,4.7,3.5,1,No action,Took a short walk,stable
2026-05-25,demo22,3.8,1.3,7.4,4,4,1,No action,Busy timetable,stable
2026-05-26,demo22,3.9,3,7,3.9,3.2,1,No action,Felt supported,stable
2026-05-27,demo22,3.9,2,7.4,4.3,3,1,No action,Quiet day,stable
2026-05-28,demo22,4,1.6,7.5,4,3.3,1,No action,Steady day,stable
2026-05-29,demo22,4.2,1,7.9,4.6,3.5,1,No action,Deadline pressure,stable
2026-05-30,demo22,3.6,2,7.6,3.4,4.1,1,No action,Good peer contact,stable
2026-05-31,demo22,3.1,1.9,6.4,4,3.8,1,No action,Low sleep,stable
2026-06-01,demo22,2.9,2.9,7.3,3,3.4,1,No action,Took a short walk,watch
2026-06-02,demo22,3.5,1.8,7,4.3,3.5,1,No action,Busy timetable,stable
2026-06-03,demo22,3.6,2.2,6.9,3.3,3.6,1,No action,Felt supported,stable
2026-06-04,demo22,3.4,2.7,8.1,3.3,3.5,1,No action,Quiet day,stable
2026-06-05,demo22,4,2,6.4,4,3.8,1,No action,Steady day,stable
2026-06-06,demo22,3.2,1.9,8.3,3.7,3.6,1,No action,Deadline pressure,stable
2026-06-07,demo22,3.2,2.9,7,3.6,2.7,1,No action,Good peer contact,watch
2026-06-08,demo22,3,2.9,6.9,2.8,3.2,1,No action,Low sleep,elevated
2026-06-09,demo22,3.6,3.3,6.3,3.9,3.3,1,Gentle nudge,Took a short walk,watch
2026-06-10,demo22,3.1,3.4,7.1,3.5,3.6,1,Gentle nudge,Busy timetable,watch
2026-06-11,demo22,3.8,2.3,7.4,3.6,3.3,1,No action,Felt supported,stable
2026-06-12,demo22,4,2.6,7.1,3.6,3.2,1,Gentle nudge,Quiet day,stable
2026-06-13,demo22,3.3,2.7,8,3,3.5,1,Gentle nudge,Steady day,watch
2026-06-14,demo22,2.7,3.5,7.3,2.9,2.5,1,Gentle nudge,Deadline pressure,elevated
2026-06-15,demo22,3.4,2.3,6.6,2.9,1.8,1,Gentle nudge,Good peer contact,elevated
2026-06-16,demo22,3,2.9,6.8,2.8,3.2,1,Gentle nudge,Low sleep,elevated
2026-06-17,demo22,3.3,3.4,6.5,3,3.5,1,No action,Took a short walk,elevated
2026-06-18,demo22,2.8,2.4,8.5,3,4,1,No action,Busy timetable,stable
2026-06-19,demo22,3.6,1.8,7.5,3.3,2.7,1,No action,Felt supported,stable
2026-06-20,demo22,3.4,2.5,7.9,4.2,3.6,1,No action,Quiet day,stable
2026-06-21,demo22,3,3,6.6,3.8,2.8,1,No action,Steady day,watch
2026-06-22,demo22,2.9,3,7.1,2.8,2.7,1,Gentle nudge,Deadline pressure,elevated
2026-06-23,demo22,3,3,7.4,2.2,3,1,Gentle nudge,Good peer contact,elevated
2026-06-24,demo22,2.6,3.4,8.1,3.3,3.4,1,Gentle nudge,Low sleep,elevated
2026-06-25,demo22,3.3,2.5,7.8,4.3,3.3,1,No action,Took a short walk,stable
2026-06-26,demo22,3.9,3.3,7.5,3.3,3,1,No action,Busy timetable,watch
2026-06-27,demo22,2.9,2.4,7.7,3.6,3.3,1,No action,Felt supported,stable
2026-06-28,demo22,3.7,2.6,6.9,3.5,3,1,No action,Quiet day,stable
2026-06-29,demo22,2.4,3.1,5.9,2.8,3.9,1,Gentle nudge,Steady day,elevated
2026-06-30,demo22,2.4,2.9,6.5,3.2,3.3,1,Gentle nudge,Deadline pressure,elevated
2026-07-01,demo22,3.3,3.1,6.7,2.9,3.4,1,Gentle nudge,Good peer contact,watch
2026-07-02,demo22,2.8,2.5,5.2,3.2,3.1,1,Gentle nudge,Low sleep,watch
2026-07-03,demo22,3.2,3.5,7.9,3.1,3.2,1,No action,Took a short walk,elevated
2026-07-04,demo22,2.7,2,7.5,2.7,3.3,1,Gentle nudge,Busy timetable,watch
2026-07-05,demo22,2.3,3,7.6,3.8,2.5,1,Gentle nudge,Felt supported,elevated
2026-07-06,demo22,3.4,3.1,6.9,3.3,3.5,1,Gentle nudge,Quiet day,watch
2026-07-07,demo22,2.6,2.7,7.5,3.1,2.9,1,Gentle nudge,Steady day,elevated
2026-07-08,demo22,4,3.1,7.5,3.4,3.2,1,No action,Deadline pressure,stable
2026-07-09,demo22,3.3,2.6,7,3.6,3.1,1,No action,Good peer contact,stable
2026-07-10,demo22,3.1,3.2,7.5,3.1,3.7,1,No action,Low sleep,watch
2026-07-11,demo22,4,1.6,7.2,4.2,4,1,No action,Took a short walk,stable
2026-07-12,demo22,3.5,2.8,7,3.2,2.7,1,No action,Busy timetable,watch
2026-07-13,demo22,2.6,3.1,7.6,3.3,4.1,1,No action,Felt supported,watch
2026-07-14,demo22,3.8,3.5,6.9,3.6,3.3,1,No action,Quiet day,watch
2026-07-15,demo22,3.2,2.3,7.6,3.5,4,1,No action,Steady day,stable
2026-07-16,demo22,3.8,3.2,8.2,3.5,3.8,1,No action,Deadline pressure,stable
2026-07-17,demo22,3.9,2.1,6.1,3.8,3.3,1,No action,Good peer contact,stable
2026-07-18,demo22,3.3,2.8,6.9,4.2,4,1,No action,Low sleep,stable
2026-07-19,demo22,3.2,3.2,7.5,3.9,2.6,1,No action,Took a short walk,watch
2026-07-20,demo22,3.6,2.6,7.1,3.2,3.2,1,No action,Busy timetable,stable
2026-07-21,demo22,3.1,2.7,6.7,3.4,3,1,No action,Felt supported,watch
2026-07-22,demo22,3.3,2.7,7.7,3.2,3.5,1,No action,Quiet day,stable
2026-07-23,demo22,4,2.4,7.7,4.3,3.6,1,No action,Steady day,stable
2026-07-24,demo22,3.2,1.8,8.5,3.5,4.3,1,No action,Deadline pressure,stable
2026-07-25,demo22,3.5,1.7,7.3,3.6,2.6,1,No action,Good peer contact,stable
2026-07-26,demo22,4,2.9,7.8,3.3,3.6,1,No action,Low sleep,stable
2026-07-27,demo22,3.1,3,6.7,2.7,3.5,1,No action,Took a short walk,elevated
2026-07-28,demo22,3.3,3.3,7.2,3.4,3.5,1,Gentle nudge,Busy timetable,watch
2026-07-29,demo22,3.4,3.7,7,3.1,3.4,1,No action,Felt supported,elevated
2026-07-30,demo22,3,2.4,7,4,3.4,1,No action,Quiet day,stable
2026-07-31,demo22,2.6,2.8,7.2,3.3,2.5,1,No action,Steady day,elevated
2026-08-01,demo22,3.1,3.4,6.2,2.7,3,1,Gentle nudge,Deadline pressure,elevated
2026-08-02,demo22,2.8,2.2,6.2,2.9,2.3,1,Gentle nudge,Good peer contact,elevated
2026-08-03,demo22,1.9,3.7,7.6,2.5,2.4,1,Self-guided support,Low sleep,elevated
2026-08-04,demo22,3.1,4.4,7.1,3.3,3.3,1,Gentle nudge,Took a short walk,elevated
2026-08-05,demo22,2.7,2.9,6.8,3.2,3,1,Gentle nudge,Busy timetable,elevated
2026-08-06,demo22,2.9,2.7,6.5,2.9,3.3,1,No action,Felt supported,watch
2026-08-07,demo22,3.4,2.1,7.8,3.2,3.4,1,No action,Quiet day,stable
2026-08-08,demo22,4,3.2,7,3.2,3.6,1,No action,Steady day,stable
2026-08-09,demo22,2.8,2.9,7.9,3,3,1,No action,Deadline pressure,elevated
2026-08-10,demo22,2.7,3.2,6.4,2.7,3.2,1,No action,Good peer contact,elevated
2026-08-11,demo22,2.9,3,5.8,2.3,4,1,Gentle nudge,Low sleep,elevated
2026-08-12,demo22,2.7,2.9,6.5,3.4,2.9,1,Gentle nudge,Took a short walk,elevated
2026-08-13,demo22,2.7,2.1,8,3.8,3.5,1,No action,Busy timetable,stable
2026-08-14,demo22,2.8,2.5,7,3.5,3.5,1,No action,Felt supported,watch
2026-08-15,demo22,3,2,6.8,3.2,3.8,1,No action,Quiet day,stable
2026-08-16,demo22,3.7,2.3,6.9,3.1,3.6,1,No action,Steady day,stable
2026-08-17,demo22,3.2,2.9,6.5,3.3,3.4,1,Gentle nudge,Deadline pressure,watch
2026-08-18,demo22,2.7,2.6,7.3,4.2,3.9,1,No action,Good peer contact,stable
2026-08-19,demo22,3.1,3.1,7.2,2.3,3.1,1,Gentle nudge,Low sleep,elevated
2026-08-20,demo22,2.9,2.4,6.3,3.5,3.6,1,No action,Took a short walk,stable
2026-08-21,demo22,2.9,2.7,6.6,3.3,3.7,1,No action,Busy timetable,watch
2026-08-22,demo22,2.9,2.2,7.2,3.3,2.7,1,No action,Felt supported,watch
2026-08-23,demo22,2.9,3.2,6.5,3.2,3.2,1,Gentle nudge,Quiet day,elevated
2026-08-24,demo22,2.8,3.7,6.8,3.1,3.1,1,Self-guided support,Steady day,elevated
2026-08-25,demo22,3.3,3.3,6.9,3,3,1,Gentle nudge,Deadline pressure,elevated
2026-08-26,demo22,2.9,2.7,7.7,3.6,3.1,1,No action,Good peer contact,watch
2026-08-27,demo22,2.6,2.4,7,3,3.7,1,No action,Low sleep,watch
2026-08-28,demo22,2.9,2.3,7.7,3.4,4.2,1,No action,Took a short walk,stable
2026-08-29,demo22,3.2,2.7,6.3,3.8,2.8,1,No action,Busy timetable,watch
2026-08-30,demo22,2.5,3,6.8,3.3,2.7,1,No action,Felt supported,elevated
2026-08-31,demo22,2.9,2.9,6.1,3,3,1,Gentle nudge,Quiet day,elevated
2026-09-01,demo22,2.7,3.2,7.3,3.2,3.4,1,Gentle nudge,Steady day,elevated
2026-09-02,demo22,3.4,2.8,6.6,3.3,2.8,1,No action,Deadline pressure,watch
2026-09-03,demo22,3.2,3.2,7.7,2.9,2.1,1,No action,Good peer contact,elevated
2026-09-04,demo22,4,2.9,7.6,3.4,3.4,1,No action,Low sleep,stable
2026-09-05,demo22,3.7,1.8,6.6,4.2,3.6,1,No action,Took a short walk,stable
2026-09-06,demo22,4,3,7.6,3.3,2.6,1,No action,Busy timetable,watch
2026-09-07,demo22,2.6,3.3,7.9,3.7,2.9,1,No action,Felt supported,elevated
2026-09-08,demo22,2.5,2.6,7.6,3.1,2.7,1,No action,Quiet day,elevated
2026-09-09,demo22,3.7,2.2,7.5,3.2,3.1,1,No action,Steady day,stable
2026-09-10,demo22,3.2,2.9,7.8,3,3.7,1,No action,Deadline pressure,watch
2026-09-11,demo22,3.2,2.5,7.4,4.4,3.1,1,No action,Good peer contact,stable
2026-09-12,demo22,4,2.4,7.3,3.6,3.6,1,No action,Low sleep,stable
2026-09-13,demo22,3.4,2.6,6.4,3.7,3.6,1,No action,Took a short walk,stable
2026-09-14,demo22,3.4,3.2,7.1,3.1,3.2,1,No action,Busy timetable,watch
2026-09-15,demo22,3.2,2.5,7.1,4.1,3.1,1,No action,Felt supported,stable
2026-09-16,demo22,2.9,1.9,8.1,4.4,3.8,1,No action,Quiet day,stable
2026-09-17,demo22,3.3,2.6,8.3,3.6,3,1,No action,Steady day,stable
2026-09-18,demo22,3.3,1.9,8.1,4.3,4.2,1,No action,Deadline pressure,stable
2026-09-19,demo22,3.8,1.5,7.2,3.7,3.4,1,No action,Good peer contact,stable
2026-03-24,demo23,3.4,3,8,4.3,3.2,1,No action,Good peer contact,stable
2026-03-25,demo23,3.4,2.8,6.8,3.2,3.3,1,No action,Low sleep,watch
2026-03-26,demo23,4.1,2.1,7.7,4,4.2,1,No action,Took a short walk,stable
2026-03-27,demo23,4,1.6,7.9,3.6,3.7,1,No action,Busy timetable,stable
2026-03-28,demo23,3.7,2.1,8.3,3.6,4.4,1,No action,Felt supported,stable
2026-03-29,demo23,3.9,2.5,7.4,3.2,4.3,1,No action,Quiet day,stable
2026-03-30,demo23,3.3,2.8,8.2,2.8,4,1,No action,Steady day,stable
2026-03-31,demo23,4,2.5,7.7,3.2,3.2,1,No action,Deadline pressure,stable
2026-04-01,demo23,3.6,2.8,6.9,3.8,3.1,1,No action,Good peer contact,stable
2026-04-02,demo23,3.9,1.5,7.2,3.6,4.1,1,No action,Low sleep,stable
2026-04-03,demo23,3.1,1.1,7.1,3.6,4.1,1,No action,Took a short walk,stable
2026-04-04,demo23,3.6,2.2,7.2,4.4,3.4,1,No action,Busy timetable,stable
2026-04-05,demo23,3,2.7,7.1,3,3.1,1,No action,Felt supported,watch
2026-04-06,demo23,2.9,2.7,6.8,3.2,3.4,1,No action,Quiet day,watch
2026-04-07,demo23,2.9,3.1,6.8,3.2,3.4,1,Gentle nudge,Steady day,elevated
2026-04-08,demo23,2.5,3.2,6.8,3.3,3.8,1,No action,Deadline pressure,elevated
2026-04-09,demo23,2.8,2.6,7.3,3.5,3.5,1,No action,Good peer contact,watch
2026-04-10,demo23,3,2.4,7.2,2.8,4.2,1,No action,Low sleep,stable
2026-04-11,demo23,3.6,2.8,5.6,3.2,4.1,1,No action,Took a short walk,stable
2026-04-12,demo23,3.6,2,7.1,3.8,2.8,1,No action,Busy timetable,stable
2026-04-13,demo23,4.1,2.8,6.3,2.9,3,1,Gentle nudge,Felt supported,watch
2026-04-14,demo23,3.5,3.5,6.6,2.4,4,1,Gentle nudge,Quiet day,elevated
2026-04-15,demo23,3.1,2.8,6.6,3.2,3.9,1,No action,Steady day,watch
2026-04-16,demo23,2.7,3,6.8,2.9,2.4,1,Gentle nudge,Deadline pressure,elevated
2026-04-17,demo23,3.2,1.6,7,2.9,3.4,1,No action,Good peer contact,stable
2026-04-18,demo23,3.6,2.5,7.6,4.1,3.6,1,No action,Low sleep,stable
2026-04-19,demo23,3.2,2.4,7.2,3.8,3.3,1,No action,Took a short walk,stable
2026-04-20,demo23,3.1,2.5,7.3,3.6,3.4,1,Gentle nudge,Busy timetable,stable
2026-04-21,demo23,2.7,2.9,7,2.8,3.6,1,Gentle nudge,Felt supported,elevated
2026-04-22,demo23,3.4,2.2,7,3,3,1,Gentle nudge,Quiet day,stable
2026-04-23,demo23,3.6,2.9,6.6,3.6,3.1,1,No action,Steady day,watch
2026-04-24,demo23,4,2.8,6.8,3.5,3.8,1,No action,Deadline pressure,stable
2026-04-25,demo23,3.5,1.4,7.2,3.3,2.9,1,No action,Good peer contact,stable
2026-04-26,demo23,3.5,2.1,6.8,3.9,4.1,1,No action,Low sleep,stable
2026-04-27,demo23,3.2,2.8,5.9,3.8,3.4,1,No action,Took a short walk,watch
2026-04-28,demo23,2.9,2.5,7,3.9,2.7,1,No action,Busy timetable,watch
2026-04-29,demo23,3.4,2.7,7.1,2.7,3.8,1,No action,Felt supported,watch
2026-04-30,demo23,3.5,1.9,7,3.8,3.8,1,No action,Quiet day,stable
2026-05-01,demo23,5,1.9,7.9,3.3,3.2,1,No action,Steady day,stable
2026-05-02,demo23,3.9,2.1,8.4,4.4,4.9,1,No action,Deadline pressure,stable
2026-05-03,demo23,3.8,1.9,7.4,4.7,4.6,1,No action,Good peer contact,stable
2026-05-04,demo23,3.7,1.4,8.4,3,4,1,No action,Low sleep,stable
2026-05-05,demo23,3.2,2.1,7.5,3.6,3.3,1,No action,Took a short walk,stable
2026-05-06,demo23,4.3,1.7,7.5,3.3,3.6,1,No action,Busy timetable,stable
2026-05-07,demo23,3.4,2.4,7.2,4.5,4.4,1,No action,Felt supported,stable
2026-05-08,demo23,3.9,1.6,7.6,4.9,3.8,1,No action,Quiet day,stable
2026-05-09,demo23,3.1,2.1,7.7,4.4,4.3,1,No action,Steady day,stable
2026-05-10,demo23,3.7,2,6.8,4,2.7,1,No action,Deadline pressure,stable
2026-05-11,demo23,4.3,1.5,7.7,4.2,3.6,1,No action,Good peer contact,stable
2026-05-12,demo23,3.3,2.8,8,3.8,3.4,1,No action,Low sleep,stable
2026-05-13,demo23,3.3,1.8,6.9,3.5,3.2,1,No action,Took a short walk,stable
2026-05-14,demo23,3.7,2,7,4.2,3.8,1,No action,Busy timetable,stable
2026-05-15,demo23,2.9,1.8,8.2,3.9,3.8,1,No action,Felt supported,stable
2026-05-16,demo23,4.2,1.1,6.6,4.1,3.8,1,No action,Quiet day,stable
2026-05-17,demo23,4.6,1.9,7.3,3.7,3.4,1,No action,Steady day,stable
2026-05-18,demo23,3.7,2.2,7.8,3.5,3.6,1,No action,Deadline pressure,stable
2026-05-19,demo23,3.4,2.5,7.8,3.8,3.3,1,No action,Good peer contact,stable
2026-05-20,demo23,3.2,2.7,7.7,3.6,2.5,1,No action,Low sleep,watch
2026-05-21,demo23,3.5,2.5,8.1,3.1,3.2,1,No action,Took a short walk,stable
2026-05-22,demo23,4.1,2.3,7.3,4,4,1,No action,Busy timetable,stable
2026-05-23,demo23,4.6,1.5,7.7,3.9,3.5,1,No action,Felt supported,stable
2026-05-24,demo23,4.1,1.4,8,2.9,4.3,1,No action,Quiet day,stable
2026-05-25,demo23,3.5,1.9,7.4,3.7,3.9,1,No action,Steady day,stable
2026-05-26,demo23,3.1,1.7,7.2,3.3,3.3,1,No action,Deadline pressure,stable
2026-05-27,demo23,2.7,3.3,8.1,3.8,3,1,No action,Good peer contact,elevated
2026-05-28,demo23,3.7,2,6.8,2.8,3.4,1,No action,Low sleep,stable
2026-05-29,demo23,3.3,2.2,7.2,3.4,3.4,1,No action,Took a short walk,stable
2026-05-30,demo23,3.2,2,7.5,4.1,3.2,1,No action,Busy timetable,stable
2026-05-31,demo23,4.2,2.3,7.8,3.9,3.5,1,No action,Felt supported,stable
2026-06-01,demo23,2.7,2.5,7.3,3.1,4.2,1,No action,Quiet day,stable
2026-06-02,demo23,3.9,2.6,7.5,3.2,3.3,1,No action,Steady day,stable
2026-06-03,demo23,3.6,2.3,7.8,3,3.3,1,No action,Deadline pressure,stable
2026-06-04,demo23,3.4,2.9,7.3,3.3,3.4,1,No action,Good peer contact,watch
2026-06-05,demo23,4.2,2.8,7.6,3.5,4,1,No action,Low sleep,stable
2026-06-06,demo23,3.1,2.8,6.9,3.7,3.8,1,No action,Took a short walk,stable
2026-06-07,demo23,3.2,2.5,7,3.4,3.9,1,No action,Busy timetable,stable
2026-06-08,demo23,3.2,2.5,8,3.5,4,1,No action,Felt supported,stable
2026-06-09,demo23,3.3,2.8,7.4,3.2,4,1,Gentle nudge,Quiet day,stable
2026-06-10,demo23,2.9,2.4,8,4,2.7,1,No action,Steady day,stable
2026-06-11,demo23,3.3,3.1,8,2.6,3.6,1,No action,Deadline pressure,watch
2026-06-12,demo23,3.1,2.5,7.3,3.4,3.4,1,No action,Good peer contact,stable
2026-06-13,demo23,3.9,2.6,7,4,3.8,1,No action,Low sleep,stable
2026-06-14,demo23,3,2.5,6.9,3.2,3.6,1,No action,Took a short walk,watch
2026-06-15,demo23,3.8,3.2,7.5,3.4,3.5,1,No action,Busy timetable,stable
2026-06-16,demo23,3.3,2.3,7.2,3.9,2.9,1,No action,Felt supported,stable
2026-06-17,demo23,3.7,1.5,7.8,3.6,3.8,1,No action,Quiet day,stable
2026-06-18,demo23,4.3,2.3,6.8,3.5,3.8,1,No action,Steady day,stable
2026-06-19,demo23,3.6,2.6,8.4,3.5,3.1,1,No action,Deadline pressure,stable
2026-06-20,demo23,3.6,2.7,7.6,3.8,3.5,1,No action,Good peer contact,stable
2026-06-21,demo23,3.7,3.1,7.7,3.6,4,1,No action,Low sleep,stable
2026-06-22,demo23,4.5,2.5,7.6,3.8,3.1,1,No action,Took a short walk,stable
2026-06-23,demo23,2.9,3.3,6.2,3.5,2.9,1,No action,Busy timetable,elevated
2026-06-24,demo23,3.4,3.2,6.8,3.5,3.6,1,No action,Felt supported,watch
2026-06-25,demo23,4.2,2,6.3,2.5,3.5,1,No action,Quiet day,stable
2026-06-26,demo23,3.8,1.8,6.4,3.6,3.7,1,No action,Steady day,stable
2026-06-27,demo23,3.8,1.5,7.9,4,2.9,1,No action,Deadline pressure,stable
2026-06-28,demo23,3.3,2.7,7.3,3.8,3.9,1,No action,Good peer contact,stable
2026-06-29,demo23,3.2,3,7.2,3.8,4,1,No action,Low sleep,stable
2026-06-30,demo23,2.4,2.7,7.2,3.5,3.3,1,No action,Took a short walk,watch
2026-07-01,demo23,4,2.9,7.6,3.9,3.6,1,No action,Busy timetable,stable
2026-07-02,demo23,3.9,1.9,8.3,3.6,3.8,1,No action,Felt supported,stable
2026-07-03,demo23,3.5,2,7.5,4.3,4,1,No action,Quiet day,stable
2026-07-04,demo23,3.4,2,7.5,4.4,4.4,1,No action,Steady day,stable
2026-07-05,demo23,4.3,1.2,7.2,3.4,4.1,1,No action,Deadline pressure,stable
2026-07-06,demo23,3.4,2.5,8.4,4.3,3.6,1,No action,Good peer contact,stable
2026-07-07,demo23,3.8,2.2,7.5,3.7,3,1,No action,Low sleep,stable
2026-07-08,demo23,3.3,2.3,7.1,3.5,4.7,1,No action,Took a short walk,stable
2026-07-09,demo23,4.2,1.3,7.5,3.7,4,1,No action,Busy timetable,stable
2026-07-10,demo23,3.7,1.3,8.1,3.3,3.9,1,No action,Felt supported,stable
2026-07-11,demo23,3.7,1.8,7.4,3.8,3.4,1,No action,Quiet day,stable
2026-07-12,demo23,4.1,1.8,8.7,3.9,3.7,1,No action,Steady day,stable
2026-07-13,demo23,3.9,1.6,7.4,3.7,3.9,1,No action,Deadline pressure,stable
2026-07-14,demo23,3.8,2.1,7.1,3.5,2.7,1,No action,Good peer contact,stable
2026-07-15,demo23,3.9,1.9,7.5,3.9,4.3,1,No action,Low sleep,stable
2026-07-16,demo23,3.9,2,8,4.2,4.4,1,No action,Took a short walk,stable
2026-07-17,demo23,5,1.3,7.6,4.3,3.5,1,No action,Busy timetable,stable
2026-07-18,demo23,3.7,1,7.7,3.9,3.9,1,No action,Felt supported,stable
2026-07-19,demo23,3.9,2.1,7.6,3.8,4.6,1,No action,Quiet day,stable
2026-07-20,demo23,3.7,1.5,7.9,3.6,4,1,No action,Steady day,stable
2026-07-21,demo23,3.5,1.5,7.9,4.2,4.5,1,No action,Deadline pressure,stable
2026-07-22,demo23,4.4,1.1,7.6,4.2,4.1,1,No action,Good peer contact,stable
2026-07-23,demo23,4.5,1,8.7,3.7,4.5,1,No action,Low sleep,stable
2026-07-24,demo23,3.9,2,8.5,3.8,3.4,1,No action,Took a short walk,stable
2026-07-25,demo23,4.1,1.3,8,3.8,3.7,1,No action,Busy timetable,stable
2026-07-26,demo23,4.5,1.4,7.3,5,4.7,1,No action,Felt supported,stable
2026-07-27,demo23,3.4,2.7,7.1,3.8,3.1,1,No action,Quiet day,stable
2026-07-28,demo23,3.4,2.1,7.6,3.6,3.9,1,No action,Steady day,stable
2026-07-29,demo23,3.6,1.8,7.3,3.7,3.5,1,No action,Deadline pressure,stable
2026-07-30,demo23,3.6,2.3,7.6,3.6,3.8,1,No action,Good peer contact,stable
2026-07-31,demo23,3.7,1.4,7.6,4,3.2,1,No action,Low sleep,stable
2026-08-01,demo23,3.6,2.4,7.8,3.6,5,1,No action,Took a short walk,stable
2026-08-02,demo23,2.8,2.8,7.4,3.7,3.6,1,No action,Busy timetable,watch
2026-08-03,demo23,3,2.7,6.6,3.9,3.1,1,No action,Felt supported,watch
2026-08-04,demo23,2.4,3.6,6.9,2.3,2.2,1,Gentle nudge,Quiet day,elevated
2026-08-05,demo23,3.5,3,6.6,3.2,3.3,1,Gentle nudge,Steady day,watch
2026-08-06,demo23,2.9,2.8,7,3.1,3.5,1,No action,Deadline pressure,watch
2026-08-07,demo23,2.7,3.1,7.2,3.2,3.5,1,No action,Good peer contact,elevated
2026-08-08,demo23,2.8,3.4,8.4,2.7,3.5,1,Gentle nudge,Low sleep,elevated
2026-08-09,demo23,3.2,2.8,6.6,2.5,3.6,1,Gentle nudge,Took a short walk,watch
2026-08-10,demo23,2.7,2.9,5.2,3.4,3.3,1,Gentle nudge,Busy timetable,elevated
2026-08-11,demo23,2.9,2.8,6.5,3.7,3.4,1,Gentle nudge,Felt supported,watch
2026-08-12,demo23,3.3,3,6.6,3.5,3.1,1,Gentle nudge,Quiet day,watch
2026-08-13,demo23,3.1,3.3,7.3,3.3,3.4,1,Gentle nudge,Steady day,watch
2026-08-14,demo23,2.8,2.6,7.2,3.3,3.1,1,Gentle nudge,Deadline pressure,watch
2026-08-15,demo23,2.5,2.7,8,3.4,2.3,1,Gentle nudge,Good peer contact,elevated
2026-08-16,demo23,2.3,4.2,7.1,2.4,3.3,1,Self-guided support,Low sleep,elevated
2026-08-17,demo23,2.4,3.9,7.8,2.9,2.4,1,Self-guided support,Took a short walk,elevated
2026-08-18,demo23,1.5,4.5,6.4,2.6,2.1,1,Self-guided support,Busy timetable,elevated
2026-08-19,demo23,2.8,2.8,7,2.4,2.4,1,Self-guided support,Felt supported,elevated
2026-08-20,demo23,2.9,3.6,6.6,3.4,3.3,1,Gentle nudge,Quiet day,elevated
2026-08-21,demo23,3.2,2.8,7.6,2.2,3.1,1,Gentle nudge,Steady day,elevated
2026-08-22,demo23,3.7,2.6,7.5,3.3,3.3,1,No action,Deadline pressure,stable
2026-08-23,demo23,3.4,2.5,6.9,3.3,3.2,1,No action,Good peer contact,stable
2026-08-24,demo23,3.5,2.6,6.4,3.3,3.1,1,No action,Low sleep,watch
2026-08-25,demo23,3.5,2.7,6.5,3.2,3.3,1,No action,Took a short walk,watch
2026-08-26,demo23,3.6,2.4,7.2,3.3,3.6,1,No action,Busy timetable,stable
2026-08-27,demo23,3.6,1.7,7.1,3.2,3.6,1,No action,Felt supported,stable
2026-08-28,demo23,3.9,2,7.3,4,3.3,1,No action,Quiet day,stable
2026-08-29,demo23,4.1,1.6,8.2,4.2,3.6,1,No action,Steady day,stable
2026-08-30,demo23,3.9,2.2,6.5,4.1,2.8,1,No action,Deadline pressure,stable
2026-08-31,demo23,3.3,2.3,7.7,2.8,3.9,1,No action,Good peer contact,stable
2026-09-01,demo23,3,2.4,7.2,4,3.8,1,No action,Low sleep,stable
2026-09-02,demo23,3.1,2.8,7.9,3,4,1,No action,Took a short walk,stable
2026-09-03,demo23,3.8,2.3,7.1,3.8,2.5,1,No action,Busy timetable,stable
2026-09-04,demo23,4,2.5,7.2,2.8,3.6,1,No action,Felt supported,stable
2026-09-05,demo23,3.1,2.9,6.7,3.4,4.1,1,No action,Quiet day,stable
2026-09-06,demo23,3,2.6,6.6,2.6,3.5,1,Gentle nudge,Steady day,watch
2026-09-07,demo23,2.9,3,6.4,3.5,3.1,1,Gentle nudge,Deadline pressure,watch
2026-09-08,demo23,2.7,2.5,6.8,2.8,3.7,1,Gentle nudge,Good peer contact,watch
2026-09-09,demo23,3.1,2.6,7.3,3.9,3.2,1,No action,Low sleep,stable
2026-09-10,demo23,3.2,2.3,7.3,3.2,2.8,1,No action,Took a short walk,watch
2026-09-11,demo23,3.1,1.8,7.9,3.6,2.6,1,No action,Busy timetable,stable
2026-09-12,demo23,4.1,2.1,8.4,4.6,3.5,1,No action,Felt supported,stable
2026-09-13,demo23,3.7,3,7.5,3.6,3.2,1,No action,Quiet day,stable
2026-09-14,demo23,2.3,3.4,6.7,4,3.6,1,No action,Steady day,elevated
2026-09-15,demo23,3.2,3.3,5.9,3.8,3.9,1,No action,Deadline pressure,watch
2026-09-16,demo23,3.9,3.5,7.2,3.8,3.2,1,No action,Good peer contact,watch
2026-09-17,demo23,3.3,2.6,6.5,3.4,3.5,1,No action,Low sleep,stable
2026-09-18,demo23,3.6,2,6.9,5,3.5,1,No action,Took a short walk,stable
2026-09-19,demo23,3.1,2.9,6.9,3,3.9,1,No action,Busy timetable,watch
2026-03-24,demo24,3.8,1.3,7.9,3.8,3.5,1,No action,Busy timetable,stable
2026-03-25,demo24,3.9,2,7.8,3.3,3.3,1,No action,Felt supported,stable
2026-03-26,demo24,3.5,1.8,7.7,3.2,4.1,1,No action,Quiet day,stable
2026-03-27,demo24,3.7,2.8,6.7,3.8,3.2,1,No action,Steady day,stable
2026-03-28,demo24,3.7,2.4,7.4,3.6,2.8,1,No action,Deadline pressure,stable
2026-03-29,demo24,3.6,1.9,6.9,3.5,3.8,1,No action,Good peer contact,stable
2026-03-30,demo24,3.6,1.8,7.7,4.2,3,1,No action,Low sleep,stable
2026-03-31,demo24,3.4,2.4,7.7,3.8,2.4,1,No action,Took a short walk,stable
2026-04-01,demo24,4.1,2.6,6.6,3.6,3.3,1,No action,Busy timetable,stable
2026-04-02,demo24,3.3,3.5,7.2,3.4,2.9,1,No action,Felt supported,elevated
2026-04-03,demo24,2,3.2,6.9,2.9,2.6,1,Gentle nudge,Quiet day,elevated
2026-04-04,demo24,2.6,2.9,7.1,3.7,2.8,1,Gentle nudge,Steady day,elevated
2026-04-05,demo24,2.9,3.3,5.5,3.8,3,1,Gentle nudge,Deadline pressure,elevated
2026-04-06,demo24,3,2.2,7.3,3.1,3.2,1,No action,Good peer contact,watch
2026-04-07,demo24,3.2,3.3,7.6,3.1,3.6,1,No action,Low sleep,watch
2026-04-08,demo24,3.3,2.9,7.3,3.6,2.8,1,No action,Took a short walk,watch
2026-04-09,demo24,2.3,1.8,6.4,3,2.8,1,No action,Busy timetable,watch
2026-04-10,demo24,2.5,3,7.1,3.1,3,1,Gentle nudge,Felt supported,elevated
2026-04-11,demo24,2.7,3,7.4,3.3,3.3,1,Gentle nudge,Quiet day,elevated
2026-04-12,demo24,3.3,2.3,5.8,4,3.6,1,No action,Steady day,stable
2026-04-13,demo24,3.7,2,7.6,3,2.6,1,No action,Deadline pressure,stable
2026-04-14,demo24,3.4,2.2,6.4,3,3.4,1,No action,Good peer contact,stable
2026-04-15,demo24,3.5,2.3,7.7,3.7,3.2,1,No action,Low sleep,stable
2026-04-16,demo24,3.9,2.2,7.5,3.6,3.8,1,No action,Took a short walk,stable
2026-04-17,demo24,3.4,2,7.3,2.6,2.9,1,Gentle nudge,Busy timetable,watch
2026-04-18,demo24,2.3,2.1,6.8,3.5,3.7,1,Gentle nudge,Felt supported,watch
2026-04-19,demo24,2.7,2.3,7.1,3.7,3.3,1,Gentle nudge,Quiet day,stable
2026-04-20,demo24,2.8,2.8,7.6,3.2,3.7,1,No action,Steady day,watch
2026-04-21,demo24,3.7,2.8,6.3,4.3,3.4,1,No action,Deadline pressure,stable
2026-04-22,demo24,3.5,2.4,6.7,3.3,3.3,1,No action,Good peer contact,stable
2026-04-23,demo24,2.3,3.7,8,3.2,3.5,1,No action,Low sleep,elevated
2026-04-24,demo24,2.3,1.9,7.4,3.4,3.7,1,No action,Took a short walk,stable
2026-04-25,demo24,3.3,3.4,6,2.7,2.9,1,No action,Busy timetable,elevated
2026-04-26,demo24,3.7,2.7,7.7,3,3.8,1,No action,Felt supported,stable
2026-04-27,demo24,3.9,1.6,8,3.7,3,1,No action,Quiet day,stable
2026-04-28,demo24,3.7,1.6,7.4,3.9,3,1,No action,Steady day,stable
2026-04-29,demo24,4,1.7,7.4,4.7,4,1,No action,Deadline pressure,stable
2026-04-30,demo24,4.9,2.1,8,4.1,3.3,1,No action,Good peer contact,stable
2026-05-01,demo24,4.8,2,7.1,4.4,3.8,1,No action,Low sleep,stable
2026-05-02,demo24,3.5,1.9,7,3.6,3.3,1,No action,Took a short walk,stable
2026-05-03,demo24,3.7,1.6,8.2,4.1,3.9,1,No action,Busy timetable,stable
2026-05-04,demo24,3.6,1.6,8.5,4.2,4.5,1,No action,Felt supported,stable
2026-05-05,demo24,3.5,1.8,7.7,4.3,3.5,1,No action,Quiet day,stable
2026-05-06,demo24,5,1.5,8,4.5,3.5,1,No action,Steady day,stable
2026-05-07,demo24,3.9,1.5,8.3,4.5,3.5,1,No action,Deadline pressure,stable
2026-05-08,demo24,4.2,1.3,7.3,4.2,3.8,1,No action,Good peer contact,stable
2026-05-09,demo24,4.2,2.4,7.7,4.2,3.9,1,No action,Low sleep,stable
2026-05-10,demo24,4,1.7,7.8,3.7,4,1,No action,Took a short walk,stable
2026-05-11,demo24,3.6,2.1,8.2,3.9,4.3,1,No action,Busy timetable,stable
2026-05-12,demo24,4.6,1.1,8,3.8,4.2,1,No action,Felt supported,stable
2026-05-13,demo24,4,1.2,8.1,3.9,4.1,1,No action,Quiet day,stable
2026-05-14,demo24,4.5,1.5,9,4.5,3.6,1,No action,Steady day,stable
2026-05-15,demo24,4.5,1.1,8.1,3.6,4.2,1,No action,Deadline pressure,stable
2026-05-16,demo24,3.9,1.7,6.6,4.3,2.9,1,No action,Good peer contact,stable
2026-05-17,demo24,3.5,2.1,7.1,3.2,4.3,1,No action,Low sleep,stable
2026-05-18,demo24,4.6,2.8,8.1,3.7,4.3,1,No action,Took a short walk,stable
2026-05-19,demo24,3.8,1.8,7.8,4.6,4.2,1,No action,Busy timetable,stable
2026-05-20,demo24,4,1.7,6.9,4,4.8,1,No action,Felt supported,stable
2026-05-21,demo24,3.8,2,7,4,3.8,1,No action,Quiet day,stable
2026-05-22,demo24,3.6,2.5,6.8,3.7,3.2,1,No action,Steady day,stable
2026-05-23,demo24,3,2.8,7.6,3,2.4,1,Gentle nudge,Deadline pressure,elevated
2026-05-24,demo24,3.7,2.7,7.2,3.1,3.4,1,No action,Good peer contact,stable
2026-05-25,demo24,4,2.4,7.8,3.9,3.4,1,No action,Low sleep,stable
2026-05-26,demo24,4,2.4,7.4,3.1,3.1,1,No action,Took a short walk,stable
2026-05-27,demo24,3.9,2.4,8.3,3.2,3.5,1,No action,Busy timetable,stable
2026-05-28,demo24,3.5,2.4,7,3.3,2.7,1,No action,Felt supported,watch
2026-05-29,demo24,3.1,2.7,7.2,3.1,3.8,1,No action,Quiet day,watch
2026-05-30,demo24,3.9,2.5,7.1,3,3.3,1,No action,Steady day,stable
2026-05-31,demo24,3.2,2.6,7.9,3.2,4.1,1,No action,Deadline pressure,stable
2026-06-01,demo24,4,1.5,7.1,3.7,3.7,1,No action,Good peer contact,stable
2026-06-02,demo24,4.2,1.2,8,3.6,4,1,No action,Low sleep,stable
2026-06-03,demo24,4.7,1.7,8.2,4.5,4.4,1,No action,Took a short walk,stable
2026-06-04,demo24,4.2,1.6,7.9,4.5,3.7,1,No action,Busy timetable,stable
2026-06-05,demo24,3.4,1.6,7.6,3.5,2.8,1,No action,Felt supported,stable
2026-06-06,demo24,3.7,1.6,8.3,4,3.2,1,No action,Quiet day,stable
2026-06-07,demo24,3.3,1.9,7.6,4.1,3.9,1,No action,Steady day,stable
2026-06-08,demo24,4.4,1.8,8.2,3.5,4,1,No action,Deadline pressure,stable
2026-06-09,demo24,3.6,2.3,6.7,3.8,4.4,1,No action,Good peer contact,stable
2026-06-10,demo24,3.7,2.4,8.2,3.9,3.6,1,No action,Low sleep,stable
2026-06-11,demo24,3.5,1.5,7.7,3.8,3.4,1,No action,Took a short walk,stable
2026-06-12,demo24,4.3,2.3,7.7,2.9,3.7,1,No action,Busy timetable,stable
2026-06-13,demo24,2.8,2.5,7.2,3.2,3.8,1,No action,Felt supported,watch
2026-06-14,demo24,3.3,2.6,7.1,4.2,3.4,1,No action,Quiet day,stable
2026-06-15,demo24,3.5,2.2,8.6,3.8,3.6,1,No action,Steady day,stable
2026-06-16,demo24,3.7,1.9,7.8,4.4,3.8,1,No action,Deadline pressure,stable
2026-06-17,demo24,4.2,2.6,6.8,3.5,2.7,1,No action,Good peer contact,stable
2026-06-18,demo24,3.7,2.4,6.8,3.4,3.2,1,No action,Low sleep,stable
2026-06-19,demo24,3.8,1.9,7,3.3,3.4,1,No action,Took a short walk,stable
2026-06-20,demo24,3.8,2,7.3,3.4,3.7,1,No action,Busy timetable,stable
2026-06-21,demo24,3.7,1.8,7.3,3.1,2.4,1,No action,Felt supported,stable
2026-06-22,demo24,4,2.1,7.3,4.3,4.3,1,No action,Quiet day,stable
2026-06-23,demo24,4.4,1.9,7.6,4,3.8,1,No action,Steady day,stable
2026-06-24,demo24,4.3,1.8,7,3.6,4.1,1,No action,Deadline pressure,stable
2026-06-25,demo24,3.2,2.3,6.8,4.4,3.5,1,No action,Good peer contact,stable
2026-06-26,demo24,3.5,1.7,7.9,4,4.6,1,No action,Low sleep,stable
2026-06-27,demo24,3.4,2.3,7.4,3.5,3.6,1,No action,Took a short walk,stable
2026-06-28,demo24,3.9,2.1,6.5,2.8,4.7,1,No action,Busy timetable,stable
2026-06-29,demo24,2.9,1.3,7.4,3.6,3.2,1,No action,Felt supported,stable
2026-06-30,demo24,3.6,1.8,8.5,3,3.6,1,No action,Quiet day,stable
2026-07-01,demo24,3.3,2.2,7.5,2.9,3.6,1,No action,Steady day,stable
2026-07-02,demo24,3.5,2,7.4,2.6,4,1,No action,Deadline pressure,stable
2026-07-03,demo24,3.6,2.6,7,3.4,3.4,1,No action,Good peer contact,stable
2026-07-04,demo24,3.5,2.5,7.3,4.3,3.1,1,No action,Low sleep,stable
2026-07-05,demo24,3.7,1.8,7.9,3,3.6,1,No action,Took a short walk,stable
2026-07-06,demo24,4.1,2.2,7.8,3.8,3.9,1,No action,Busy timetable,stable
2026-07-07,demo24,3.6,2.2,7.9,3.4,3.5,1,No action,Felt supported,stable
2026-07-08,demo24,3,1.8,6.8,4.2,3.6,1,No action,Quiet day,stable
2026-07-09,demo24,3.6,2.2,7.4,3.6,3.3,1,No action,Steady day,stable
2026-07-10,demo24,3.4,2.6,6,2.6,3.6,1,No action,Deadline pressure,watch
2026-07-11,demo24,2.8,2.9,6.4,2.9,3,1,Gentle nudge,Good peer contact,elevated
2026-07-12,demo24,2.6,3.4,7.8,3.4,3,1,No action,Low sleep,elevated
2026-07-13,demo24,4.1,1.8,7.2,3.6,4.4,1,No action,Took a short walk,stable
2026-07-14,demo24,3.7,2.6,6.7,4.2,3.4,1,No action,Busy timetable,stable
2026-07-15,demo24,3.6,2.1,7.5,3.4,3.9,1,No action,Felt supported,stable
2026-07-16,demo24,3.3,2.9,7.5,3.9,3.1,1,No action,Quiet day,stable
2026-07-17,demo24,3.8,2.4,7.7,3.7,3.5,1,No action,Steady day,stable
2026-07-18,demo24,3.2,2.1,6.7,3.5,4.4,1,No action,Deadline pressure,stable
2026-07-19,demo24,4.3,2.1,7.7,4.2,3.4,1,No action,Good peer contact,stable
2026-07-20,demo24,3.7,2.5,7.2,3.6,3.7,1,No action,Low sleep,stable
2026-07-21,demo24,4.3,2,7.8,4.3,3.6,1,No action,Took a short walk,stable
2026-07-22,demo24,3.7,1.8,7.3,3.1,4,1,No action,Busy timetable,stable
2026-07-23,demo24,3.8,2.6,7.1,2.9,3,1,No action,Felt supported,watch
2026-07-24,demo24,3.3,2.4,7,3.7,3.6,1,No action,Quiet day,stable
2026-07-25,demo24,3.3,1.9,7.8,3.7,3.3,1,No action,Steady day,stable
2026-07-26,demo24,3.7,1.5,7.8,3.8,3.9,1,No action,Deadline pressure,stable
2026-07-27,demo24,3.8,1.9,7.3,4.5,3.3,1,No action,Good peer contact,stable
2026-07-28,demo24,3,2.2,7.4,3.9,3.4,1,No action,Low sleep,stable
2026-07-29,demo24,4.3,2.2,7.4,3.7,4.3,1,No action,Took a short walk,stable
2026-07-30,demo24,3.7,2.1,7.9,3.5,3.6,1,No action,Busy timetable,stable
2026-07-31,demo24,3.2,3,7,2.8,3.6,1,No action,Felt supported,watch
2026-08-01,demo24,3.5,3.3,6.7,3.2,3.4,1,Gentle nudge,Quiet day,watch
2026-08-02,demo24,2.8,2.6,7.2,3.3,3.9,1,No action,Steady day,stable
2026-08-03,demo24,2.9,2,7,3.6,3.7,1,No action,Deadline pressure,stable
2026-08-04,demo24,3.7,2,8.5,3.8,3.1,1,No action,Good peer contact,stable
2026-08-05,demo24,3.3,2.5,7.4,3.4,3.6,1,No action,Low sleep,stable
2026-08-06,demo24,3,2.7,7,4.5,3.6,1,No action,Took a short walk,stable
2026-08-07,demo24,2.9,2.6,6.7,3.4,3.7,1,Gentle nudge,Busy timetable,watch
2026-08-08,demo24,3.4,3,6.8,2.9,2.6,1,Gentle nudge,Felt supported,elevated
2026-08-09,demo24,3.1,3.3,6.9,3.1,3.7,1,Gentle nudge,Quiet day,watch
2026-08-10,demo24,2.6,3.2,6,2.9,4.4,1,No action,Steady day,watch
2026-08-11,demo24,3.6,2.8,7.8,3.2,3,1,No action,Deadline pressure,watch
2026-08-12,demo24,3,1.9,7.3,3.1,3.1,1,No action,Good peer contact,stable
2026-08-13,demo24,2.6,2.8,6.6,4.3,2.6,1,No action,Low sleep,watch
2026-08-14,demo24,2.7,3.2,7.9,2.8,3,1,Gentle nudge,Took a short walk,elevated
2026-08-15,demo24,2.6,3.1,7,2.5,3.6,1,Gentle nudge,Busy timetable,elevated
2026-08-16,demo24,3.6,3.5,6.5,2.8,3.8,1,No action,Felt supported,watch
2026-08-17,demo24,2.4,3,7.2,3.4,3.4,1,No action,Quiet day,elevated
2026-08-18,demo24,3.2,3.3,6.5,3.2,3.6,1,No action,Steady day,watch
2026-08-19,demo24,2.8,2,8.7,3,3.1,1,No action,Deadline pressure,stable
2026-08-20,demo24,2.8,2.8,8.2,3.4,3.5,1,No action,Good peer contact,watch
2026-08-21,demo24,3.3,2.6,7.3,3.4,3.5,1,Gentle nudge,Low sleep,stable
2026-08-22,demo24,2.7,2.9,7.4,3,3.2,1,Gentle nudge,Took a short walk,elevated
2026-08-23,demo24,3.2,2.2,6.9,3.5,3,1,No action,Busy timetable,stable
2026-08-24,demo24,4.2,2.7,6.8,3.8,3.1,1,No action,Felt supported,stable
2026-08-25,demo24,3.5,2.4,7.7,3.6,4.2,1,No action,Quiet day,stable
2026-08-26,demo24,3.3,1.8,7.4,4.1,3.2,1,No action,Steady day,stable
2026-08-27,demo24,3.4,2.2,7.1,3.4,3.4,1,No action,Deadline pressure,stable
2026-08-28,demo24,2.9,2.9,7.6,3.8,2.9,1,No action,Good peer contact,watch
2026-08-29,demo24,2.7,3.2,7.1,2.6,3.5,1,Gentle nudge,Low sleep,elevated
2026-08-30,demo24,2.6,2.7,6.2,2.9,2.5,1,Gentle nudge,Took a short walk,elevated
2026-08-31,demo24,3.1,3.4,7.1,3.6,3.2,1,No action,Busy timetable,watch
2026-09-01,demo24,3.2,2.5,6.8,3.7,4,1,No action,Felt supported,stable
2026-09-02,demo24,2.8,2.5,7.4,2.5,3.5,1,No action,Quiet day,watch
2026-09-03,demo24,3.3,2.3,7.2,3.7,3.2,1,No action,Steady day,stable
2026-09-04,demo24,3.7,2.6,7.8,3.3,3.8,1,No action,Deadline pressure,stable
2026-09-05,demo24,4,2.4,6.4,3.2,3.4,1,No action,Good peer contact,stable
2026-09-06,demo24,3,2.9,7,3.6,3.7,1,Gentle nudge,Low sleep,watch
2026-09-07,demo24,3.5,2.8,7.4,2.9,2.9,1,Gentle nudge,Took a short walk,watch
2026-09-08,demo24,3.7,2.7,7.6,4,3.9,1,No action,Busy timetable,stable
2026-09-09,demo24,3.3,2,6.6,3,3.3,1,No action,Felt supported,stable
2026-09-10,demo24,2.9,2.3,6.2,3.6,2.8,1,No action,Quiet day,watch
2026-09-11,demo24,2.9,3.1,6.6,3,2.8,1,Gentle nudge,Steady day,elevated
2026-09-12,demo24,2.2,3.7,6.9,3.7,2.8,1,Gentle nudge,Deadline pressure,elevated
2026-09-13,demo24,3,3.2,8.2,4.1,2.9,1,No action,Good peer contact,watch
2026-09-14,demo24,3.3,2.2,7.6,3.8,3.7,1,No action,Low sleep,stable
2026-09-15,demo24,4.1,1.5,7.8,3.6,4.4,1,No action,Took a short walk,stable
2026-09-16,demo24,3.7,2.4,7.1,3.9,4.2,1,No action,Busy timetable,stable
2026-09-17,demo24,3.5,2.4,7.1,3.7,3.3,1,No action,Felt supported,stable
2026-09-18,demo24,4.2,2.4,7.7,3.8,3.4,1,No action,Quiet day,stable
2026-09-19,demo24,3.6,2.4,7.2,3.2,3,1,No action,Steady day,stable
2026-03-24,demo25,3.6,2.4,7,4.5,3.1,1,No action,Steady day,stable
2026-03-25,demo25,4,2.1,7.4,3.4,4,1,No action,Deadline pressure,stable
2026-03-26,demo25,4.2,1.5,7.4,3.2,3.6,1,No action,Good peer contact,stable
2026-03-27,demo25,4,2.6,7.4,4.4,3.9,1,No action,Low sleep,stable
2026-03-28,demo25,4.3,2.5,7.5,3.7,4.5,1,No action,Took a short walk,stable
2026-03-29,demo25,3.7,1.7,6.9,3.4,4.4,1,No action,Busy timetable,stable
2026-03-30,demo25,3.5,1.4,7.7,3.8,4.2,1,No action,Felt supported,stable
2026-03-31,demo25,3.3,2.2,6.8,3.6,3.7,1,No action,Quiet day,stable
2026-04-01,demo25,3.2,2.7,6.9,3.2,3.6,1,No action,Steady day,watch
2026-04-02,demo25,3.2,3.7,7.2,3.7,3.4,1,No action,Deadline pressure,watch
2026-04-03,demo25,3.8,2.6,7.1,3.6,3.4,1,No action,Good peer contact,stable
2026-04-04,demo25,2.9,3.1,7.2,3.8,3.9,1,No action,Low sleep,watch
2026-04-05,demo25,3.3,2.5,6.7,3.6,3.2,1,No action,Took a short walk,stable
2026-04-06,demo25,3.4,2.3,8.3,3.5,2.5,1,No action,Busy timetable,stable
2026-04-07,demo25,4,2.8,7.3,4.2,3.7,1,No action,Felt supported,stable
2026-04-08,demo25,3.2,2.7,6.5,3.4,3.1,1,No action,Quiet day,watch
2026-04-09,demo25,3.3,3.6,6.9,3.7,3.1,1,Gentle nudge,Steady day,elevated
2026-04-10,demo25,2.9,3.6,7.6,2.8,2.9,1,Gentle nudge,Deadline pressure,elevated
2026-04-11,demo25,3.4,2.8,7.5,2.9,3.3,1,No action,Good peer contact,watch
2026-04-12,demo25,3.5,3.2,7.8,3.5,3.9,1,No action,Low sleep,stable
2026-04-13,demo25,3.2,2.5,8,3.1,3.7,1,No action,Took a short walk,stable
2026-04-14,demo25,3.6,2.4,6.9,3.2,3.5,1,No action,Busy timetable,stable
2026-04-15,demo25,3,3.2,6.6,2.9,3.2,1,Gentle nudge,Felt supported,elevated
2026-04-16,demo25,2.5,2.8,6.2,3.7,2.9,1,Gentle nudge,Quiet day,elevated
2026-04-17,demo25,3.1,3.1,6.2,3.4,2.9,1,Gentle nudge,Steady day,elevated
2026-04-18,demo25,3.3,3.1,7.6,3.7,3.2,1,No action,Deadline pressure,watch
2026-04-19,demo25,3.6,2.6,7.3,3.6,3.4,1,No action,Good peer contact,stable
2026-04-20,demo25,3.2,2.5,7.3,3.3,3.9,1,No action,Low sleep,stable
2026-04-21,demo25,3.7,2.1,6.9,3.6,4.4,1,No action,Took a short walk,stable
2026-04-22,demo25,2.5,2.8,7.5,3.2,3.6,1,No action,Busy timetable,watch
2026-04-23,demo25,3.6,2.8,6.5,3.4,3.2,1,No action,Felt supported,watch
2026-04-24,demo25,2.8,2.6,7.2,2.9,4.1,1,No action,Quiet day,watch
2026-04-25,demo25,2.7,3.2,7,3.8,3.3,1,No action,Steady day,watch
2026-04-26,demo25,3.8,2.2,8.4,3.2,3,1,No action,Deadline pressure,stable
2026-04-27,demo25,3.5,2.1,7.4,3.7,3.4,1,No action,Good peer contact,stable
2026-04-28,demo25,3,2.3,7.8,3.6,3.4,1,No action,Low sleep,stable
2026-04-29,demo25,3.4,2.8,8.2,3.5,3.8,1,No action,Took a short walk,stable
2026-04-30,demo25,2.6,2.5,7.1,3.8,3.5,1,No action,Busy timetable,watch
2026-05-01,demo25,3.1,2.3,7.3,3.4,3,1,No action,Felt supported,watch
2026-05-02,demo25,3.2,2.7,7.3,4.1,2.8,1,No action,Quiet day,stable
2026-05-03,demo25,3.8,2.3,7.4,3.7,3.1,1,No action,Steady day,stable
2026-05-04,demo25,3.3,1.3,7.5,3.9,3.4,1,No action,Deadline pressure,stable
2026-05-05,demo25,4.3,2.5,7.1,4.3,3.3,1,No action,Good peer contact,stable
2026-05-06,demo25,3.8,2.2,8.5,3.6,3.5,1,No action,Low sleep,stable
2026-05-07,demo25,3.8,2,7.9,3.8,3.4,1,No action,Took a short walk,stable
2026-05-08,demo25,3.6,2.1,7.4,4.3,2.7,1,No action,Busy timetable,stable
2026-05-09,demo25,3.4,2.1,7.8,3.9,3,1,No action,Felt supported,stable
2026-05-10,demo25,3.9,1.8,7,4.2,2.7,1,No action,Quiet day,stable
2026-05-11,demo25,3.7,2.2,7.1,3.7,3.7,1,No action,Steady day,stable
2026-05-12,demo25,3.8,2.6,7.5,4.2,2.9,1,No action,Deadline pressure,stable
2026-05-13,demo25,4,1.6,7.2,4.5,3.6,1,No action,Good peer contact,stable
2026-05-14,demo25,3.6,2.2,7.4,3.9,3,1,No action,Low sleep,stable
2026-05-15,demo25,3.9,2.1,6.2,3.9,2.8,1,No action,Took a short walk,stable
2026-05-16,demo25,3.3,2.2,7.3,3.7,2.8,1,No action,Busy timetable,stable
2026-05-17,demo25,3.8,2.1,8.3,3.7,3.3,1,No action,Felt supported,stable
2026-05-18,demo25,4,2.2,7.6,3,4.3,1,No action,Quiet day,stable
2026-05-19,demo25,3.2,2.4,7.1,3.7,3.4,1,No action,Steady day,stable
2026-05-20,demo25,3.1,2.6,7.3,3.6,3,1,No action,Deadline pressure,watch
2026-05-21,demo25,2.5,3.2,6.5,3.5,3.4,1,No action,Good peer contact,elevated
2026-05-22,demo25,3.1,3.4,6.3,3.5,2.9,1,Gentle nudge,Low sleep,elevated
2026-05-23,demo25,3.5,2.7,7,3.7,3.8,1,No action,Took a short walk,stable
2026-05-24,demo25,4,1.9,7.2,3.7,3.2,1,No action,Busy timetable,stable
2026-05-25,demo25,3.3,2.4,7.6,4.1,3.8,1,No action,Felt supported,stable
2026-05-26,demo25,3.5,2.4,7.2,4,4.4,1,No action,Quiet day,stable
2026-05-27,demo25,3.3,1.9,7.6,4.2,3.1,1,No action,Steady day,stable
2026-05-28,demo25,3.4,2.8,7.6,3.2,3.5,1,No action,Deadline pressure,stable
2026-05-29,demo25,2.9,3.4,6.8,4,3.3,1,Gentle nudge,Good peer contact,watch
2026-05-30,demo25,3,3,7,3,3,1,Gentle nudge,Low sleep,elevated
2026-05-31,demo25,3.2,3,7,3.8,3.7,1,No action,Took a short walk,stable
2026-06-01,demo25,3.3,3.1,6.7,3.6,3.6,1,No action,Busy timetable,watch
2026-06-02,demo25,3.1,3.5,6.6,3.6,2.9,1,Gentle nudge,Felt supported,elevated
2026-06-03,demo25,3.6,2.8,7.1,2.9,2.5,1,Self-guided support,Quiet day,watch
2026-06-04,demo25,2.5,3.5,6.7,2.8,3.4,1,Gentle nudge,Steady day,elevated
2026-06-05,demo25,3.2,2.4,6.9,2.4,3.5,1,Gentle nudge,Deadline pressure,watch
2026-06-06,demo25,2.7,3.3,7.1,2.9,3.5,1,Gentle nudge,Good peer contact,elevated
2026-06-07,demo25,2.9,2.7,7.8,3.3,2.6,1,No action,Low sleep,watch
2026-06-08,demo25,3.6,1.6,7.2,3.7,3.6,1,No action,Took a short walk,stable
2026-06-09,demo25,3.9,2,7.9,4.3,3.7,1,No action,Busy timetable,stable
2026-06-10,demo25,3.1,2.1,6.9,3.6,3.3,1,No action,Felt supported,stable
2026-06-11,demo25,4,2.9,6.5,3,3.6,1,No action,Quiet day,stable
2026-06-12,demo25,2.8,2.4,6.4,2.8,3.1,1,No action,Steady day,watch
2026-06-13,demo25,3.3,1.9,7,3.9,3,1,No action,Deadline pressure,stable
2026-06-14,demo25,3.9,2.9,8,3.7,3.9,1,No action,Good peer contact,stable
2026-06-15,demo25,3.9,2.1,7.8,3.8,3.4,1,No action,Low sleep,stable
2026-06-16,demo25,3.5,2.4,7.9,4,3.5,1,No action,Took a short walk,stable
2026-06-17,demo25,3,2.4,7.8,3.1,3.3,1,No action,Busy timetable,watch
2026-06-18,demo25,3,2.8,6.3,3.2,3.6,1,No action,Felt supported,watch
2026-06-19,demo25,2.6,2.9,7.5,3.7,2.8,1,No action,Quiet day,elevated
2026-06-20,demo25,4.2,2.4,7.5,3.7,3.3,1,No action,Steady day,stable
2026-06-21,demo25,3.2,3,7.7,3.7,4.2,1,No action,Deadline pressure,stable
2026-06-22,demo25,3.9,1.8,7.4,3.4,3.6,1,No action,Good peer contact,stable
2026-06-23,demo25,3.9,2.3,8.7,3.7,3.7,1,No action,Low sleep,stable
2026-06-24,demo25,3.5,1.9,7,3.4,3.3,1,No action,Took a short walk,stable
2026-06-25,demo25,3.5,2.5,7.6,4.6,3.7,1,No action,Busy timetable,stable
2026-06-26,demo25,3.9,2.5,5.9,4.1,3.4,1,No action,Felt supported,stable
2026-06-27,demo25,3.4,1.4,7.8,2.9,4.2,1,No action,Quiet day,stable
2026-06-28,demo25,3.8,1.8,7.7,3.9,3.7,1,No action,Steady day,stable
2026-06-29,demo25,3.3,1.6,7.6,3.1,3.2,1,No action,Deadline pressure,stable
2026-06-30,demo25,2.9,2.1,7.9,3.6,3.7,1,No action,Good peer contact,stable
2026-07-01,demo25,3,2,7.8,3.7,3.6,1,No action,Low sleep,stable
2026-07-02,demo25,3.9,2.2,6.5,3.3,3.6,1,No action,Took a short walk,stable
2026-07-03,demo25,3.3,2.9,6.5,3.8,3.3,1,No action,Busy timetable,watch
2026-07-04,demo25,3.8,2,8,3.8,3.3,1,No action,Felt supported,stable
2026-07-05,demo25,3.6,1.2,8.2,3.4,2.8,1,No action,Quiet day,stable
2026-07-06,demo25,3.9,2.1,7.6,4.2,2.8,1,No action,Steady day,stable
2026-07-07,demo25,3.6,2.1,8.5,3.8,3.3,1,No action,Deadline pressure,stable
2026-07-08,demo25,4,1.8,7.6,3.3,3.7,1,No action,Good peer contact,stable
2026-07-09,demo25,3.8,2.3,7.8,3.9,3.5,1,No action,Low sleep,stable
2026-07-10,demo25,3.9,2.7,7.5,3.1,3.9,1,No action,Took a short walk,stable
2026-07-11,demo25,2.8,2,7.8,4,3.7,1,No action,Busy timetable,stable
2026-07-12,demo25,4.7,2,7.2,3.8,3.3,1,No action,Felt supported,stable
2026-07-13,demo25,4.4,1.1,7.8,4.1,3.7,1,No action,Quiet day,stable
2026-07-14,demo25,3.6,1.9,8.1,4.4,3.9,1,No action,Steady day,stable
2026-07-15,demo25,3.7,1.7,7.7,3.9,3.5,1,No action,Deadline pressure,stable
2026-07-16,demo25,3.7,2,7.4,4.3,4,1,No action,Good peer contact,stable
2026-07-17,demo25,3.2,2.4,7.5,3.7,3.9,1,No action,Low sleep,stable
2026-07-18,demo25,4.1,1.5,7.1,4.1,4.4,1,No action,Took a short walk,stable
2026-07-19,demo25,4,2.2,7.4,3.7,3.9,1,No action,Busy timetable,stable
2026-07-20,demo25,4,1.7,8,4,4,1,No action,Felt supported,stable
2026-07-21,demo25,3.8,2.5,7.3,3.6,3.7,1,No action,Quiet day,stable
2026-07-22,demo25,3.8,2.1,7.3,2.9,4.3,1,No action,Steady day,stable
2026-07-23,demo25,2.3,2.9,7.1,3.2,3.3,1,Gentle nudge,Deadline pressure,elevated
2026-07-24,demo25,3.4,3.1,6.9,3,3.3,1,Gentle nudge,Good peer contact,watch
2026-07-25,demo25,4,2.3,6.6,3.6,3.6,1,No action,Low sleep,stable
2026-07-26,demo25,3.1,1.8,7.5,3.4,3.7,1,No action,Took a short walk,stable
2026-07-27,demo25,4.9,2,6.4,3.3,3.8,1,No action,Busy timetable,stable
2026-07-28,demo25,3.9,1.8,7.9,3.9,4,1,No action,Felt supported,stable
2026-07-29,demo25,3.8,2,7.1,3.8,4.2,1,No action,Quiet day,stable
2026-07-30,demo25,4,2,6.9,3.7,3.6,1,No action,Steady day,stable
2026-07-31,demo25,3.4,2.8,6.8,3,3.6,1,No action,Deadline pressure,watch
2026-08-01,demo25,4,2.4,6.9,3.4,2.8,1,No action,Good peer contact,stable
2026-08-02,demo25,3.4,2.8,7.1,4,3.6,1,No action,Low sleep,stable
2026-08-03,demo25,3.2,2.1,7.8,3.9,4,1,No action,Took a short walk,stable
2026-08-04,demo25,4,2.4,7.4,3.7,3.3,1,No action,Busy timetable,stable
2026-08-05,demo25,3.4,2.8,6.7,3,3.9,1,No action,Felt supported,stable
2026-08-06,demo25,3.1,3.4,6,2.7,3.4,1,Gentle nudge,Quiet day,elevated
2026-08-07,demo25,2.8,3.2,6.8,3.5,3.4,1,Gentle nudge,Steady day,watch
2026-08-08,demo25,3,3.3,6.9,3,3.4,1,Gentle nudge,Deadline pressure,elevated
2026-08-09,demo25,2.4,2.6,7.5,2.6,2.4,1,Gentle nudge,Good peer contact,elevated
2026-08-10,demo25,3.8,2.6,6.3,2.9,3.2,1,No action,Low sleep,watch
2026-08-11,demo25,2.4,2.3,7.7,3.3,3.5,1,No action,Took a short walk,watch
2026-08-12,demo25,3.9,2.9,6.9,3.7,3.2,1,Gentle nudge,Busy timetable,stable
2026-08-13,demo25,2.9,3.3,7,3.1,2.3,1,Gentle nudge,Felt supported,elevated
2026-08-14,demo25,2.6,2.9,7.3,2.8,2.6,1,Gentle nudge,Quiet day,elevated
2026-08-15,demo25,3.2,2.7,6.9,3.1,3.2,1,No action,Steady day,watch
2026-08-16,demo25,2.6,2.4,7.3,3,3.9,1,No action,Deadline pressure,watch
2026-08-17,demo25,3.9,2.1,7.1,3,3.4,1,No action,Good peer contact,stable
2026-08-18,demo25,3.8,1.6,7.7,3.5,3.9,1,No action,Low sleep,stable
2026-08-19,demo25,3.3,2.2,7.8,4.1,3.8,1,No action,Took a short walk,stable
2026-08-20,demo25,3.3,1.9,8,4.7,3.4,1,No action,Busy timetable,stable
2026-08-21,demo25,3.8,2.2,7.8,3.8,3.3,1,No action,Felt supported,stable
2026-08-22,demo25,3.8,2.9,7.8,3.2,3.3,1,No action,Quiet day,stable
2026-08-23,demo25,3.7,2.1,7.9,3.5,4,1,No action,Steady day,stable
2026-08-24,demo25,3.2,1.8,7.9,4,4.3,1,No action,Deadline pressure,stable
2026-08-25,demo25,3.6,1.4,6.8,3.7,3.9,1,No action,Good peer contact,stable
2026-08-26,demo25,3.1,1.8,7.7,3.7,3.6,1,No action,Low sleep,stable
2026-08-27,demo25,3,2.2,6.9,3.1,3.8,1,No action,Took a short walk,stable
2026-08-28,demo25,2.9,2.7,6.9,4.1,3.6,1,No action,Busy timetable,stable
2026-08-29,demo25,3,2.4,6.9,3.3,3.4,1,No action,Felt supported,watch
2026-08-30,demo25,3.4,1.7,7.4,3.5,3.2,1,No action,Quiet day,stable
2026-08-31,demo25,4.4,1.1,7.6,3.4,3.9,1,No action,Steady day,stable
2026-09-01,demo25,4.1,1.5,7.1,4.5,4.5,1,No action,Deadline pressure,stable
2026-09-02,demo25,3.8,2,8,4.4,4.5,1,No action,Good peer contact,stable
2026-09-03,demo25,3.7,2.3,7.2,4,3.5,1,No action,Low sleep,stable
2026-09-04,demo25,3.7,2.4,7.5,3.6,2.9,1,No action,Took a short walk,stable
2026-09-05,demo25,3.6,1.9,7.6,4.1,4,1,No action,Busy timetable,stable
2026-09-06,demo25,3.9,2.2,8,3.3,3,1,No action,Felt supported,stable
2026-09-07,demo25,4,2.3,7.9,4.7,4.1,1,No action,Quiet day,stable
2026-09-08,demo25,3.8,1.9,7.2,4,3.7,1,No action,Steady day,stable
2026-09-09,demo25,3.2,2.1,7.6,3,3.2,1,No action,Deadline pressure,stable
2026-09-10,demo25,3.1,2.4,8.1,3.9,4.4,1,No action,Good peer contact,stable
2026-09-11,demo25,4,1.6,7.7,3.7,4.2,1,No action,Low sleep,stable
2026-09-12,demo25,3.7,1.5,7.5,4.4,3.7,1,No action,Took a short walk,stable
2026-09-13,demo25,4.3,2,8.1,4.2,4.4,1,No action,Busy timetable,stable
2026-09-14,demo25,4.2,1.9,7.2,3.3,3.8,1,No action,Felt supported,stable
2026-09-15,demo25,4.2,1.3,8.1,3.8,3.7,1,No action,Quiet day,stable
2026-09-16,demo25,3.8,1.4,7.7,3.8,3.6,1,No action,Steady day,stable
2026-09-17,demo25,3.4,1.2,6.9,3.2,4.3,1,No action,Deadline pressure,stable
2026-09-18,demo25,4,1.5,7.7,4.4,4,1,No action,Good peer contact,stable
2026-09-19,demo25,4,2.1,7.4,4.4,3.4,1,No action,Low sleep,stable
2026-03-24,demo26,3.1,1,7.7,3.9,3.2,1,No action,Low sleep,stable
2026-03-25,demo26,4.5,2.1,8.4,4,3.4,1,No action,Took a short walk,stable
2026-03-26,demo26,4.1,1.4,8.1,4.2,3.2,1,No action,Busy timetable,stable
2026-03-27,demo26,4.1,1.3,8.3,3.7,4,1,No action,Felt supported,stable
2026-03-28,demo26,4.8,2,7.2,4.2,4,1,No action,Quiet day,stable
2026-03-29,demo26,4.3,1.1,7.7,3.6,3.6,1,No action,Steady day,stable
2026-03-30,demo26,4.5,1.7,7.3,4.5,3.8,1,No action,Deadline pressure,stable
2026-03-31,demo26,3.7,1.3,7.7,4.5,3.6,1,No action,Good peer contact,stable
2026-04-01,demo26,4.7,1.7,7.7,5,3.7,1,No action,Low sleep,stable
2026-04-02,demo26,4.2,1.7,8.6,3.2,4.1,1,No action,Took a short walk,stable
2026-04-03,demo26,4.2,1.6,7.7,3.9,3.8,1,No action,Busy timetable,stable
2026-04-04,demo26,4.1,1.4,7.3,3.7,4,1,No action,Felt supported,stable
2026-04-05,demo26,4,2.3,7.3,3.7,3.8,1,No action,Quiet day,stable
2026-04-06,demo26,3.4,2.3,6.4,3.6,3.8,1,No action,Steady day,stable
2026-04-07,demo26,2.9,3.1,6.9,3.6,3.3,1,No action,Deadline pressure,watch
2026-04-08,demo26,3.2,2.6,7.5,3.6,3.3,1,No action,Good peer contact,stable
2026-04-09,demo26,3.4,2.3,7.4,3.1,3.9,1,No action,Low sleep,stable
2026-04-10,demo26,3.3,2.3,7.9,3,3.2,1,No action,Took a short walk,stable
2026-04-11,demo26,3.8,2.4,7.7,2.8,3.5,1,No action,Busy timetable,stable
2026-04-12,demo26,2.6,2.8,6.7,2.5,3,1,No action,Felt supported,elevated
2026-04-13,demo26,3.1,2.4,7.2,3.2,4.1,1,No action,Quiet day,stable
2026-04-14,demo26,4,1.8,7.2,4.4,3.4,1,No action,Steady day,stable
2026-04-15,demo26,3.3,1.8,7,4,3.5,1,No action,Deadline pressure,stable
2026-04-16,demo26,3.8,2.1,7.9,3.6,3.3,1,No action,Good peer contact,stable
2026-04-17,demo26,4.1,2.3,7,3.9,3.3,1,No action,Low sleep,stable
2026-04-18,demo26,4.5,2.2,8.4,4.2,3.6,1,No action,Took a short walk,stable
2026-04-19,demo26,3.4,2.4,7.3,4.4,2.8,1,No action,Busy timetable,stable
2026-04-20,demo26,3,2.2,8,3.6,3.8,1,No action,Felt supported,stable
2026-04-21,demo26,4,2.2,7.7,3.5,4.5,1,No action,Quiet day,stable
2026-04-22,demo26,3,1.3,7.7,4.4,3.5,1,No action,Steady day,stable
2026-04-23,demo26,3.3,1.3,7.9,4,3.4,1,No action,Deadline pressure,stable
2026-04-24,demo26,3.2,2.1,7.1,3.3,4.1,1,No action,Good peer contact,stable
2026-04-25,demo26,3.4,2.2,7.1,3.3,3.4,1,No action,Low sleep,stable
2026-04-26,demo26,3.6,2.4,6.3,3.7,3.7,1,No action,Took a short walk,stable
2026-04-27,demo26,3,2.6,6.6,3.6,3.4,1,No action,Busy timetable,watch
2026-04-28,demo26,3.6,1.7,6.9,3.5,4.1,1,No action,Felt supported,stable
2026-04-29,demo26,4.1,2.3,7.2,4.1,3,1,No action,Quiet day,stable
2026-04-30,demo26,4,2.2,7.5,3.8,4.1,1,No action,Steady day,stable
2026-05-01,demo26,4,1.1,7.5,3.5,3.6,1,No action,Deadline pressure,stable
2026-05-02,demo26,3.3,2.4,7.9,3,3.1,1,No action,Good peer contact,watch
2026-05-03,demo26,3.1,2.4,7.2,2.6,4,1,No action,Low sleep,stable
2026-05-04,demo26,3.5,3.1,7.1,3.1,3.1,1,No action,Took a short walk,watch
2026-05-05,demo26,3.5,2.8,7.4,3.4,3.4,1,No action,Busy timetable,stable
2026-05-06,demo26,2.7,2.8,6.8,3.1,3.1,1,No action,Felt supported,elevated
2026-05-07,demo26,3.4,2.2,7,2.9,3.9,1,No action,Quiet day,stable
2026-05-08,demo26,3.3,2.3,7.5,3.2,3.6,1,No action,Steady day,stable
2026-05-09,demo26,2.8,2.6,6.8,3.3,3.5,1,No action,Deadline pressure,watch
2026-05-10,demo26,2.8,2.7,7.5,2.9,3,1,Gentle nudge,Good peer contact,elevated
2026-05-11,demo26,3,2.6,7,2.6,2.7,1,Gentle nudge,Low sleep,elevated
2026-05-12,demo26,3,3.2,6.6,3.9,3.4,1,No action,Took a short walk,watch
2026-05-13,demo26,3.4,3.3,7.1,3.4,3.2,1,No action,Busy timetable,watch
2026-05-14,demo26,2.9,2.4,7,3.6,3.6,1,No action,Felt supported,stable
2026-05-15,demo26,3.3,2.5,5.5,3.2,3,1,No action,Quiet day,watch
2026-05-16,demo26,3.4,2.9,7.1,3.9,3.3,1,No action,Steady day,stable
2026-05-17,demo26,3.5,2,7.5,3.4,3.4,1,No action,Deadline pressure,stable
2026-05-18,demo26,3.3,2.2,7.3,3.3,3.4,1,No action,Good peer contact,stable
2026-05-19,demo26,3.7,2.7,8.2,3.4,3.3,1,No action,Low sleep,stable
2026-05-20,demo26,3.7,1.7,7.2,2.7,3.6,1,No action,Took a short walk,stable
2026-05-21,demo26,4.8,1.9,7.2,3.9,4.4,1,No action,Busy timetable,stable
2026-05-22,demo26,4,2.4,6.7,3.9,3.5,1,No action,Felt supported,stable
2026-05-23,demo26,2.3,2.9,7.2,3.4,3.6,1,No action,Quiet day,elevated
2026-05-24,demo26,2.9,3.1,8.1,3.4,3.5,1,No action,Steady day,watch
2026-05-25,demo26,3,2.8,7.1,3.6,3.8,1,No action,Deadline pressure,stable
2026-05-26,demo26,3.6,2.3,7.2,3.6,3,1,No action,Good peer contact,stable
2026-05-27,demo26,3.6,2.3,7,4,3.5,1,No action,Low sleep,stable
2026-05-28,demo26,3.7,2.3,8,3.5,3.8,1,No action,Took a short walk,stable
2026-05-29,demo26,3.7,1.6,6.4,4.2,3.8,1,No action,Busy timetable,stable
2026-05-30,demo26,2.8,2.8,7.9,3.8,2.4,1,No action,Felt supported,watch
2026-05-31,demo26,3.1,2.3,6.3,3.5,3.7,1,No action,Quiet day,stable
2026-06-01,demo26,3.2,2.6,7.6,4.1,2.6,1,No action,Steady day,stable
2026-06-02,demo26,3.5,2.9,7.5,3.6,2.9,1,No action,Deadline pressure,watch
2026-06-03,demo26,3.3,2.3,7.2,3.9,3.1,1,No action,Good peer contact,stable
2026-06-04,demo26,3.7,2.1,7.5,4,4.1,1,No action,Low sleep,stable
2026-06-05,demo26,4.1,3.1,7.3,2.3,3.2,1,No action,Took a short walk,watch
2026-06-06,demo26,3.4,2.8,7.9,3.5,3.9,1,No action,Busy timetable,stable
2026-06-07,demo26,3.6,2.8,7.1,3.4,3.1,1,Gentle nudge,Felt supported,watch
2026-06-08,demo26,3.4,2.7,7.6,3.2,3.2,1,No action,Quiet day,watch
2026-06-09,demo26,3.4,1.9,7.2,3.1,3.8,1,No action,Steady day,stable
2026-06-10,demo26,3.1,3.2,7,4.2,4.3,1,No action,Deadline pressure,stable
2026-06-11,demo26,3.5,2.1,7,4.4,3.6,1,No action,Good peer contact,stable
2026-06-12,demo26,3.4,1.7,7.8,3.4,3.7,1,No action,Low sleep,stable
2026-06-13,demo26,3.6,2.5,7.3,3.5,3.9,1,No action,Took a short walk,stable
2026-06-14,demo26,3.3,3.2,7.4,2.6,2.7,1,No action,Busy timetable,elevated
2026-06-15,demo26,2.7,2.5,6.9,3.8,2.3,1,No action,Felt supported,watch
2026-06-16,demo26,3.2,1.8,7.9,3.5,2.4,1,No action,Quiet day,stable
2026-06-17,demo26,3.2,2.7,7.1,3.6,3.5,1,No action,Steady day,stable
2026-06-18,demo26,3.3,2.6,7.9,4.5,4.1,1,No action,Deadline pressure,stable
2026-06-19,demo26,3.5,2.3,7.3,3.7,3.4,1,No action,Good peer contact,stable
2026-06-20,demo26,4,2.7,7.1,4,3.6,1,No action,Low sleep,stable
2026-06-21,demo26,3.1,3.2,7,3.9,3.3,1,No action,Took a short walk,watch
2026-06-22,demo26,3.4,2.7,7.1,3.7,2.8,1,No action,Busy timetable,watch
2026-06-23,demo26,3.4,2.4,7.7,3.8,3.5,1,No action,Felt supported,stable
2026-06-24,demo26,3.1,1.2,7.6,3.7,4.3,1,No action,Quiet day,stable
2026-06-25,demo26,4.3,2.1,8,3.9,2.6,1,No action,Steady day,stable
2026-06-26,demo26,3.5,2.3,6.3,3.2,2.4,1,No action,Deadline pressure,watch
2026-06-27,demo26,3.3,2.8,6.5,3.3,3.5,1,No action,Good peer contact,watch
2026-06-28,demo26,3,2.8,6.9,3,3.6,1,No action,Low sleep,watch
2026-06-29,demo26,2.9,3.5,6.4,2.2,3.1,1,Gentle nudge,Took a short walk,elevated
2026-06-30,demo26,2.9,3.4,6.2,3.4,2.9,1,Gentle nudge,Busy timetable,elevated
2026-07-01,demo26,3.5,2.7,7.1,3.6,3.2,1,No action,Felt supported,stable
2026-07-02,demo26,3.5,2.8,7.9,3.8,3.6,1,No action,Quiet day,stable
2026-07-03,demo26,3.3,2.3,6.9,3.8,3.2,1,No action,Steady day,stable
2026-07-04,demo26,3,2,6.3,3.7,3.1,1,No action,Deadline pressure,stable
2026-07-05,demo26,3,2.6,6.7,2.7,2.8,1,No action,Good peer contact,elevated
2026-07-06,demo26,3.5,3.1,7.1,3.1,2.9,1,No action,Low sleep,watch
2026-07-07,demo26,3.4,1.8,7.3,3.4,3.3,1,No action,Took a short walk,stable
2026-07-08,demo26,3.9,2.2,7.1,3.4,2.6,1,No action,Busy timetable,stable
2026-07-09,demo26,2.9,1.9,7.7,4.1,4.5,1,No action,Felt supported,stable
2026-07-10,demo26,3,2,7.2,4.5,4.3,1,No action,Quiet day,stable
2026-07-11,demo26,4.1,1.8,7.4,3.8,3.9,1,No action,Steady day,stable
2026-07-12,demo26,2.7,2.5,7.3,4,3.9,1,No action,Deadline pressure,stable
2026-07-13,demo26,3.1,3.1,7.9,3.2,3,1,No action,Good peer contact,watch
2026-07-14,demo26,3.5,2.1,7.5,3.6,3.5,1,No action,Low sleep,stable
2026-07-15,demo26,3.9,2.7,7.5,3.3,3.8,1,No action,Took a short walk,stable
2026-07-16,demo26,3.6,2.3,7.2,3.2,3.6,1,No action,Busy timetable,stable
2026-07-17,demo26,3.9,2.9,7.7,4.1,3.3,1,No action,Felt supported,stable
2026-07-18,demo26,3.9,1.8,6.9,3.4,3.2,1,No action,Quiet day,stable
2026-07-19,demo26,3,2.5,6.5,3.5,3.6,1,No action,Steady day,stable
2026-07-20,demo26,2.4,2.8,7.4,3,2.7,1,Gentle nudge,Deadline pressure,elevated
2026-07-21,demo26,3,3,6.5,3.3,3.4,1,No action,Good peer contact,watch
2026-07-22,demo26,4.8,1.8,8.1,4.6,3.5,1,No action,Low sleep,stable
2026-07-23,demo26,4.6,1.9,7.5,3.8,3.3,1,No action,Took a short walk,stable
2026-07-24,demo26,3.6,1.5,6.8,3.7,3.2,1,No action,Busy timetable,stable
2026-07-25,demo26,3.4,2.1,7.8,4.5,3.7,1,No action,Felt supported,stable
2026-07-26,demo26,4,2.5,6.6,3.5,3.3,1,No action,Quiet day,stable
2026-07-27,demo26,3.6,3,7.5,3.9,3.1,1,No action,Steady day,stable
2026-07-28,demo26,3.7,2.5,6.4,3.4,3,1,No action,Deadline pressure,stable
2026-07-29,demo26,4,2.1,7,3,3.3,1,No action,Good peer contact,stable
2026-07-30,demo26,3.9,2.1,7.6,4.4,4.5,1,No action,Low sleep,stable
2026-07-31,demo26,3.7,2.3,6.8,3.6,3.2,1,No action,Took a short walk,stable
2026-08-01,demo26,2.7,2.6,7.3,3,2.5,1,No action,Busy timetable,elevated
2026-08-02,demo26,2.7,4.2,7.5,2.7,2.6,1,Gentle nudge,Felt supported,elevated
2026-08-03,demo26,1.9,2.9,7.2,3.1,3.1,1,Self-guided support,Quiet day,elevated
2026-08-04,demo26,3.1,3,6.3,3.5,4,1,Gentle nudge,Steady day,watch
2026-08-05,demo26,3.2,2.5,7,3.7,3.3,1,No action,Deadline pressure,stable
2026-08-06,demo26,3.4,2.8,7.3,3.2,3.3,1,No action,Good peer contact,watch
2026-08-07,demo26,2.9,2.4,7.5,3.4,2.9,1,No action,Low sleep,watch
2026-08-08,demo26,3.1,3.9,6.4,3.4,3,1,Self-guided support,Took a short walk,elevated
2026-08-09,demo26,2.7,3.6,5.8,2,2.9,1,Self-guided support,Busy timetable,elevated
2026-08-10,demo26,2.3,3.8,6.3,3.5,2.8,1,Self-guided support,Felt supported,elevated
2026-08-11,demo26,3.4,3.3,6.8,3.7,3.2,1,Gentle nudge,Quiet day,watch
2026-08-12,demo26,3.4,2.9,7.6,2.9,2.9,1,No action,Steady day,watch
2026-08-13,demo26,3,2.2,7.6,3.3,3.1,1,No action,Deadline pressure,stable
2026-08-14,demo26,3,2.3,6.9,3,3,1,No action,Good peer contact,watch
2026-08-15,demo26,2.5,3,7.8,3.9,3.3,1,No action,Low sleep,watch
2026-08-16,demo26,3.1,3,6.8,3.7,3.5,1,Gentle nudge,Took a short walk,watch
2026-08-17,demo26,3.3,3.2,6.3,2.1,3.2,1,Gentle nudge,Busy timetable,elevated
2026-08-18,demo26,3.5,3,6.8,3,3.7,1,No action,Felt supported,watch
2026-08-19,demo26,3.5,2.9,8.5,3.7,3.1,1,No action,Quiet day,stable
2026-08-20,demo26,3.2,2.5,7,3.5,2.2,1,No action,Steady day,watch
2026-08-21,demo26,3,2.5,6.9,2.4,4.1,1,No action,Deadline pressure,watch
2026-08-22,demo26,2.6,2.6,6.7,3.1,3.7,1,No action,Good peer contact,watch
2026-08-23,demo26,3.5,2.6,7,2.8,3,1,Gentle nudge,Low sleep,watch
2026-08-24,demo26,2.4,3.1,5.9,3.1,3.3,1,Gentle nudge,Took a short walk,elevated
2026-08-25,demo26,2.6,2.1,7.4,4,3,1,No action,Busy timetable,stable
2026-08-26,demo26,3.3,2.4,6.4,3.1,3.6,1,No action,Felt supported,stable
2026-08-27,demo26,3.4,2.4,7.3,3.6,4.1,1,No action,Quiet day,stable
2026-08-28,demo26,3.2,2.3,7.4,3.5,4,1,No action,Steady day,stable
2026-08-29,demo26,3,2.7,6.2,2.9,3.6,1,No action,Deadline pressure,watch
2026-08-30,demo26,3.9,2.4,7.5,3.3,3.5,1,No action,Good peer contact,stable
2026-08-31,demo26,3.7,1.7,7.8,2.9,3.2,1,No action,Low sleep,stable
2026-09-01,demo26,4.2,2.5,6.7,3.3,3.7,1,No action,Took a short walk,stable
2026-09-02,demo26,3.6,2.5,7.1,4.1,3.8,1,No action,Busy timetable,stable
2026-09-03,demo26,3.9,2.2,7.4,3.5,4.4,1,No action,Felt supported,stable
2026-09-04,demo26,3.6,2.1,7.4,4,2.8,1,No action,Quiet day,stable
2026-09-05,demo26,3.8,2.9,7.3,4,4.1,1,No action,Steady day,stable
2026-09-06,demo26,3.3,2.3,6.7,4.3,3.4,1,No action,Deadline pressure,stable
2026-09-07,demo26,3.2,2.6,7.3,3.1,3.5,1,No action,Good peer contact,watch
2026-09-08,demo26,3.2,2.6,6.8,3.4,2.6,1,No action,Low sleep,watch
2026-09-09,demo26,3.2,1.6,7,3.8,3.5,1,No action,Took a short walk,stable
2026-09-10,demo26,4.1,1.7,6.7,3.6,3.9,1,No action,Busy timetable,stable
2026-09-11,demo26,3.2,2.3,7.6,3.9,3.3,1,No action,Felt supported,stable
2026-09-12,demo26,3.3,2.1,8.5,3.3,4.6,1,No action,Quiet day,stable
2026-09-13,demo26,4.2,2.6,7.7,4,3.3,1,No action,Steady day,stable
2026-09-14,demo26,3.8,2.6,7.2,4.9,3.6,1,No action,Deadline pressure,stable
2026-09-15,demo26,3.5,1.7,7,4.1,3.9,1,No action,Good peer contact,stable
2026-09-16,demo26,3.3,1.7,7.9,3.6,3.3,1,No action,Low sleep,stable
2026-09-17,demo26,3.7,1.8,7.7,3.3,3.6,1,No action,Took a short walk,stable
2026-09-18,demo26,4.1,2.4,7.4,4.1,3.6,1,No action,Busy timetable,stable
2026-09-19,demo26,4,2.6,7.1,3.3,3.8,1,No action,Felt supported,stable
2026-03-24,demo27,3.8,2.4,7.6,3.5,3,1,No action,Felt supported,stable
2026-03-25,demo27,3.4,1.9,7.4,3.6,3.8,1,No action,Quiet day,stable
2026-03-26,demo27,3.8,2,8,3.8,3.7,1,No action,Steady day,stable
2026-03-27,demo27,3.9,1.8,7.5,3.8,3.4,1,No action,Deadline pressure,stable
2026-03-28,demo27,3.7,2.5,8,3.5,3.1,1,No action,Good peer contact,stable
2026-03-29,demo27,3.3,2.3,7.4,3.6,3.8,1,No action,Low sleep,stable
2026-03-30,demo27,3.3,3.2,6.7,3.4,3.6,1,No action,Took a short walk,watch
2026-03-31,demo27,3.6,2.2,7.7,3.3,3.9,1,No action,Busy timetable,stable
2026-04-01,demo27,4.1,1.5,9,3.8,4.6,1,No action,Felt supported,stable
2026-04-02,demo27,3.9,2,7.8,4.4,3.8,1,No action,Quiet day,stable
2026-04-03,demo27,3.7,1.8,6.2,4.1,3.7,1,No action,Steady day,stable
2026-04-04,demo27,3.9,2.3,8.2,3.5,4.1,1,No action,Deadline pressure,stable
2026-04-05,demo27,3.8,2.4,6.9,3.4,3.9,1,No action,Good peer contact,stable
2026-04-06,demo27,3.9,2.3,7.3,4,3,1,No action,Low sleep,stable
2026-04-07,demo27,4.2,2.3,7.1,4.4,3.6,1,No action,Took a short walk,stable
2026-04-08,demo27,3.2,2.1,8.3,4.5,2.8,1,No action,Busy timetable,stable
2026-04-09,demo27,3.6,2,7.4,3.7,4.2,1,No action,Felt supported,stable
2026-04-10,demo27,2.9,2.7,6.9,3.6,2.6,1,No action,Quiet day,watch
2026-04-11,demo27,3.6,3.1,7.5,3.2,2.8,1,No action,Steady day,watch
2026-04-12,demo27,3.2,2.9,6.9,3.5,4.1,1,No action,Deadline pressure,stable
2026-04-13,demo27,3.1,2.6,7.1,2.7,3.2,1,No action,Good peer contact,watch
2026-04-14,demo27,3.5,2.5,6.8,3.5,4.7,1,No action,Low sleep,stable
2026-04-15,demo27,4.5,1.6,6.9,3.5,3.7,1,No action,Took a short walk,stable
2026-04-16,demo27,3.7,2.2,8.5,3.2,3.2,1,No action,Busy timetable,stable
2026-04-17,demo27,4,2.2,7.1,3.4,3.4,1,No action,Felt supported,stable
2026-04-18,demo27,3.9,2.4,7.4,3.7,3.8,1,No action,Quiet day,stable
2026-04-19,demo27,3.9,1.9,7.9,3.3,3.7,1,No action,Steady day,stable
2026-04-20,demo27,3.4,2.3,7.3,3.7,4.1,1,No action,Deadline pressure,stable
2026-04-21,demo27,3.8,2,7.3,3.6,3.6,1,No action,Good peer contact,stable
2026-04-22,demo27,3.3,1.4,7.2,4.3,3.6,1,No action,Low sleep,stable
2026-04-23,demo27,3.4,1.6,8.6,4.6,4.5,1,No action,Took a short walk,stable
2026-04-24,demo27,3.8,2.8,6.3,3.4,2.7,1,No action,Busy timetable,watch
2026-04-25,demo27,3.4,2.5,6.5,3.1,2.7,1,No action,Felt supported,watch
2026-04-26,demo27,3.3,2.8,6.8,3.4,3,1,No action,Quiet day,watch
2026-04-27,demo27,3.5,2.9,7.8,3.5,3.2,1,No action,Steady day,stable
2026-04-28,demo27,2.9,2,7.5,3.6,3,1,No action,Deadline pressure,stable
2026-04-29,demo27,4.1,2.4,7.3,4.1,4.3,1,No action,Good peer contact,stable
2026-04-30,demo27,3.9,2.5,7.4,4.3,3.3,1,No action,Low sleep,stable
2026-05-01,demo27,3.5,2.7,7.1,3.6,4.5,1,No action,Took a short walk,stable
2026-05-02,demo27,3.9,2.5,7.5,4.1,3.7,1,No action,Busy timetable,stable
2026-05-03,demo27,3.6,2.2,7.2,3.9,3.7,1,No action,Felt supported,stable
2026-05-04,demo27,3.5,2.4,8.4,3.9,4.1,1,No action,Quiet day,stable
2026-05-05,demo27,4.3,1.6,8.2,3.5,4.6,1,No action,Steady day,stable
2026-05-06,demo27,3.6,1.6,7.6,3.8,4.5,1,No action,Deadline pressure,stable
2026-05-07,demo27,3.7,1.6,8,5,3.9,1,No action,Good peer contact,stable
2026-05-08,demo27,4.3,2.2,8.3,3.2,3.6,1,No action,Low sleep,stable
2026-05-09,demo27,3.8,2.4,8.3,4,4.5,1,No action,Took a short walk,stable
2026-05-10,demo27,3.2,2.2,7.1,3.4,3.5,1,No action,Busy timetable,stable
2026-05-11,demo27,3.6,2.3,7.6,3.6,2.8,1,No action,Felt supported,stable
2026-05-12,demo27,3.7,2.6,7,3.5,4.2,1,No action,Quiet day,stable
2026-05-13,demo27,3.5,2.5,8.1,2.9,3.8,1,No action,Steady day,stable
2026-05-14,demo27,4.2,2.6,7.6,3.1,3.3,1,No action,Deadline pressure,stable
2026-05-15,demo27,3.4,2.2,7.3,3.5,3.3,1,No action,Good peer contact,stable
2026-05-16,demo27,3.2,3.3,6.6,3.4,3.1,1,No action,Low sleep,elevated
2026-05-17,demo27,2.4,2.6,6.9,3.1,3.6,1,No action,Took a short walk,watch
2026-05-18,demo27,3.1,2.4,7.2,2.6,3.9,1,No action,Busy timetable,watch
2026-05-19,demo27,2.9,2.4,6.6,4,2.8,1,No action,Felt supported,watch
2026-05-20,demo27,3.1,3,7.4,2.9,3.4,1,No action,Quiet day,watch
2026-05-21,demo27,2.7,2.9,6.7,3.5,3.7,1,No action,Steady day,watch
2026-05-22,demo27,3,2.9,7.1,2.4,3.8,1,No action,Deadline pressure,watch
2026-05-23,demo27,3.2,3,6.8,3.1,2.7,1,Gentle nudge,Good peer contact,elevated
2026-05-24,demo27,2.7,3.5,6.7,3.4,3.1,1,Gentle nudge,Low sleep,elevated
2026-05-25,demo27,2.7,3.3,6.1,3.7,3.9,1,Gentle nudge,Took a short walk,watch
2026-05-26,demo27,2.8,1.8,6.6,3.1,3.9,1,No action,Busy timetable,stable
2026-05-27,demo27,3.2,2.6,7.1,3.3,3.5,1,No action,Felt supported,stable
2026-05-28,demo27,3.2,2.8,7.4,4.2,2.9,1,No action,Quiet day,stable
2026-05-29,demo27,2.8,2.8,5.9,3.8,3.7,1,Gentle nudge,Steady day,watch
2026-05-30,demo27,2.7,3.1,7.1,2.9,3.8,1,Gentle nudge,Deadline pressure,elevated
2026-05-31,demo27,2.7,2.6,6.8,3.5,4.1,1,Gentle nudge,Good peer contact,stable
2026-06-01,demo27,3.2,3.5,6.6,3.5,3.4,1,No action,Low sleep,watch
2026-06-02,demo27,2.9,2.4,6.3,2.9,3.7,1,No action,Took a short walk,watch
2026-06-03,demo27,3.3,2.6,7.1,3.9,3.2,1,No action,Busy timetable,stable
2026-06-04,demo27,3.5,2.4,6.8,3.9,3.8,1,No action,Felt supported,stable
2026-06-05,demo27,3.3,2.6,8,4.1,3.2,1,No action,Quiet day,stable
2026-06-06,demo27,3.6,2.2,6.8,3.7,3.9,1,No action,Steady day,stable
2026-06-07,demo27,3.3,2.6,6.9,3.4,3.6,1,No action,Deadline pressure,stable
2026-06-08,demo27,3.2,1.9,7.6,3.8,4.2,1,No action,Good peer contact,stable
2026-06-09,demo27,4.4,3.2,6.4,4.5,3.2,1,No action,Low sleep,stable
2026-06-10,demo27,3.3,2.6,8.3,4.2,4.1,1,No action,Took a short walk,stable
2026-06-11,demo27,3.4,1.8,7.9,4.3,3.5,1,No action,Busy timetable,stable
2026-06-12,demo27,2.9,2.8,6.5,3.9,4.1,1,No action,Felt supported,stable
2026-06-13,demo27,3,2,6.5,3.1,3.5,1,No action,Quiet day,stable
2026-06-14,demo27,3.8,3.6,7.3,2.8,3.6,1,No action,Steady day,watch
2026-06-15,demo27,3.7,2.9,6.8,3.2,3,1,No action,Deadline pressure,watch
2026-06-16,demo27,2.7,2.5,7.3,3,2.6,1,No action,Good peer contact,elevated
2026-06-17,demo27,2.1,3.2,6.9,3.7,3.6,1,Gentle nudge,Low sleep,elevated
2026-06-18,demo27,3.5,3.1,7.8,2.6,3.2,1,No action,Took a short walk,watch
2026-06-19,demo27,2.4,3,6.8,2.7,2.6,1,Gentle nudge,Busy timetable,elevated
2026-06-20,demo27,2.7,3,6.4,2.9,2.8,1,Self-guided support,Felt supported,elevated
2026-06-21,demo27,3.4,3.1,6.6,3.2,2.8,1,Gentle nudge,Quiet day,elevated
2026-06-22,demo27,4,2.7,6.7,3.2,3.3,1,No action,Steady day,stable
2026-06-23,demo27,3.2,2.9,6.7,3.7,2.6,1,No action,Deadline pressure,watch
2026-06-24,demo27,3.2,2.3,6.9,4,3.5,1,No action,Good peer contact,stable
2026-06-25,demo27,3.1,3.1,8.3,3.4,3,1,No action,Low sleep,watch
2026-06-26,demo27,3.6,2.9,7,4.7,3.3,1,No action,Took a short walk,stable
2026-06-27,demo27,2.7,2.1,6.5,2.9,2.2,1,No action,Busy timetable,elevated
2026-06-28,demo27,3.5,3,7,3,3.3,1,No action,Felt supported,watch
2026-06-29,demo27,3.9,2.9,6.2,3.2,3.2,1,No action,Quiet day,watch
2026-06-30,demo27,3.7,2.2,7,3.8,3.3,1,No action,Steady day,stable
2026-07-01,demo27,3.3,2.4,7.7,4.5,3.5,1,No action,Deadline pressure,stable
2026-07-02,demo27,3.6,2.3,6.9,4.2,2.8,1,No action,Good peer contact,stable
2026-07-03,demo27,2.9,2.7,6.9,2.5,3.9,1,No action,Low sleep,watch
2026-07-04,demo27,3.6,3.2,7.5,3.5,3.9,1,Gentle nudge,Took a short walk,stable
2026-07-05,demo27,3,3.4,6.8,3,3.4,1,Gentle nudge,Busy timetable,elevated
2026-07-06,demo27,3.1,2.6,7.9,3.7,3.8,1,No action,Felt supported,stable
2026-07-07,demo27,3.7,2.4,8.3,4.1,2.7,1,No action,Quiet day,stable
2026-07-08,demo27,3.3,2.1,7.4,3.7,3.2,1,No action,Steady day,stable
2026-07-09,demo27,4,1.1,7.3,3.9,4.4,1,No action,Deadline pressure,stable
2026-07-10,demo27,3.8,2.2,7.9,3.5,3.3,1,No action,Good peer contact,stable
2026-07-11,demo27,4.2,2.3,7.4,3.9,3.7,1,No action,Low sleep,stable
2026-07-12,demo27,2.7,2.5,6.7,2.4,3,1,No action,Took a short walk,elevated
2026-07-13,demo27,3.7,3.3,7.9,3.5,3.3,1,No action,Busy timetable,watch
2026-07-14,demo27,3.3,2.1,6.6,3.2,3.4,1,No action,Felt supported,stable
2026-07-15,demo27,3.5,2.1,6.4,3.8,4.3,1,No action,Quiet day,stable
2026-07-16,demo27,3.8,1,7.5,4.1,3.3,1,No action,Steady day,stable
2026-07-17,demo27,3.9,1.9,6.9,3.5,3.7,1,No action,Deadline pressure,stable
2026-07-18,demo27,3.1,2.8,6.6,3.3,3.3,1,No action,Good peer contact,watch
2026-07-19,demo27,3.2,3.4,7,2.5,2.2,1,Gentle nudge,Low sleep,elevated
2026-07-20,demo27,2.5,2.8,7.3,3.1,3.1,1,Gentle nudge,Took a short walk,elevated
2026-07-21,demo27,3.5,2.1,7,3.2,3.7,1,No action,Busy timetable,stable
2026-07-22,demo27,3.4,1,6.6,4,3.4,1,No action,Felt supported,stable
2026-07-23,demo27,3.1,2.7,7.9,3.7,3.9,1,No action,Quiet day,stable
2026-07-24,demo27,3.2,2.9,7.4,4.7,4.1,1,No action,Steady day,stable
2026-07-25,demo27,3.5,1.9,6.6,3.3,3.4,1,No action,Deadline pressure,stable
2026-07-26,demo27,3.7,2,7,3.8,3.9,1,No action,Good peer contact,stable
2026-07-27,demo27,3,2.6,7.2,3,4,1,No action,Low sleep,stable
2026-07-28,demo27,3.7,2.3,7,3.4,3.7,1,No action,Took a short walk,stable
2026-07-29,demo27,3.6,1.2,7.4,3.5,3.2,1,No action,Busy timetable,stable
2026-07-30,demo27,3.3,2,7.4,4.1,3.2,1,No action,Felt supported,stable
2026-07-31,demo27,3.2,3.2,7.1,3.1,3.3,1,No action,Quiet day,watch
2026-08-01,demo27,3.3,3,6.1,3,3.6,1,Gentle nudge,Steady day,watch
2026-08-02,demo27,1.5,2.8,6.8,2.3,2.8,1,Self-guided support,Deadline pressure,elevated
2026-08-03,demo27,2.6,2.8,6.1,2.9,3.3,1,Gentle nudge,Good peer contact,elevated
2026-08-04,demo27,2.3,2.7,6.4,2.8,3.3,1,Gentle nudge,Low sleep,elevated
2026-08-05,demo27,3.1,3.6,6.3,3.1,3.1,1,Self-guided support,Took a short walk,elevated
2026-08-06,demo27,3.6,3.8,7.2,2.8,3.1,1,Self-guided support,Busy timetable,elevated
2026-08-07,demo27,3.2,2.5,6.5,2.6,2.8,1,Self-guided support,Felt supported,elevated
2026-08-08,demo27,2,4,6.2,2.6,3.1,1,Self-guided support,Quiet day,elevated
2026-08-09,demo27,3.1,3.1,6.7,2.6,3,1,Self-guided support,Steady day,elevated
2026-08-10,demo27,3.2,3.1,6.7,3.3,2.9,1,Gentle nudge,Deadline pressure,elevated
2026-08-11,demo27,2.5,3,7.6,3.7,3.8,1,Gentle nudge,Good peer contact,watch
2026-08-12,demo27,3.2,2.9,7.2,3.1,3.8,1,Gentle nudge,Low sleep,watch
2026-08-13,demo27,3.3,3,7.8,2.8,3.7,1,Gentle nudge,Took a short walk,watch
2026-08-14,demo27,2.5,3.9,6.9,2.5,3.2,1,Gentle nudge,Busy timetable,elevated
2026-08-15,demo27,2.9,2.7,6.3,2.6,2.6,1,Gentle nudge,Felt supported,elevated
2026-08-16,demo27,2.5,2.7,6.5,2.8,3.7,1,Gentle nudge,Quiet day,elevated
2026-08-17,demo27,2.5,3.5,6.1,3.4,2.6,1,Self-guided support,Steady day,elevated
2026-08-18,demo27,3,2.8,7.3,2.8,2.9,1,Gentle nudge,Deadline pressure,elevated
2026-08-19,demo27,2.8,3,7.8,2.6,3.2,1,Gentle nudge,Good peer contact,elevated
2026-08-20,demo27,2.7,3.2,7.3,3.5,3.3,1,Self-guided support,Low sleep,elevated
2026-08-21,demo27,2.6,3.6,7,3.2,3.1,1,Self-guided support,Took a short walk,elevated
2026-08-22,demo27,2.7,3.9,7.7,2.7,2.7,1,Self-guided support,Busy timetable,elevated
2026-08-23,demo27,2.7,4.2,6.7,3.1,2.3,1,Self-guided support,Felt supported,elevated
2026-08-24,demo27,2.3,2.9,6.7,2.8,3,1,Self-guided support,Quiet day,elevated
2026-08-25,demo27,2.8,3.3,6.1,3,2.7,1,Gentle nudge,Steady day,elevated
2026-08-26,demo27,3.1,3.1,7.2,2.9,2.5,1,Gentle nudge,Deadline pressure,elevated
2026-08-27,demo27,3.1,2.8,6.4,3.9,3,1,Gentle nudge,Good peer contact,watch
2026-08-28,demo27,2.4,2.8,7,3.3,2.2,1,Gentle nudge,Low sleep,elevated
2026-08-29,demo27,2.6,3,6.9,3.4,2.4,1,Gentle nudge,Took a short walk,elevated
2026-08-30,demo27,2.5,3.3,6.7,2.4,2.7,1,Self-guided support,Busy timetable,elevated
2026-08-31,demo27,2.2,4.1,6.2,3.1,3.3,1,Self-guided support,Felt supported,elevated
2026-09-01,demo27,2.9,3,6.9,3,2.6,1,Gentle nudge,Quiet day,elevated
2026-09-02,demo27,2.9,3,7.4,3.9,3.3,1,No action,Steady day,watch
2026-09-03,demo27,3.3,3,7.9,4,4.2,1,No action,Deadline pressure,stable
2026-09-04,demo27,3.2,2.7,7.4,3.3,3.7,1,No action,Good peer contact,stable
2026-09-05,demo27,4.1,2.1,7.2,3.4,3.2,1,No action,Low sleep,stable
2026-09-06,demo27,3.5,2.5,7.7,3.4,3.6,1,No action,Took a short walk,stable
2026-09-07,demo27,2.8,3,6.4,2.9,3.6,1,No action,Busy timetable,elevated
2026-09-08,demo27,3.9,2.5,7.3,3.1,4.2,1,No action,Felt supported,stable
2026-09-09,demo27,3.6,2.5,6.9,4.4,3.2,1,No action,Quiet day,stable
2026-09-10,demo27,3.3,2.5,8.6,3.9,3.4,1,No action,Steady day,stable
2026-09-11,demo27,3.2,2.2,7.1,3.9,3.7,1,No action,Deadline pressure,stable
2026-09-12,demo27,3.8,2,7.8,3.2,3.9,1,No action,Good peer contact,stable
2026-09-13,demo27,3.6,2.6,6.7,3.2,3.5,1,No action,Low sleep,stable
2026-09-14,demo27,3.4,3.7,7,3,3.1,1,No action,Took a short walk,elevated
2026-09-15,demo27,3.8,2.2,7.7,4.4,4.7,1,No action,Busy timetable,stable
2026-09-16,demo27,3.5,1.7,7.9,3.7,3.3,1,No action,Felt supported,stable
2026-09-17,demo27,3.7,1.9,7.3,3.4,3.3,1,No action,Quiet day,stable
2026-09-18,demo27,3.3,2.5,7.1,3.5,3.4,1,No action,Steady day,stable
2026-09-19,demo27,3.5,2.9,7.7,3.2,3.9,1,No action,Deadline pressure,stable
2026-03-24,demo28,3.9,1.6,7.6,3.7,3.5,1,No action,Deadline pressure,stable
2026-03-25,demo28,4.1,2,7.1,3.6,3.5,1,No action,Good peer contact,stable
2026-03-26,demo28,4,2,7.4,4.1,3.2,1,No action,Low sleep,stable
2026-03-27,demo28,2.9,1.9,8.2,4.1,4.2,1,No action,Took a short walk,stable
2026-03-28,demo28,3.5,1.3,7.5,3.9,4.4,1,No action,Busy timetable,stable
2026-03-29,demo28,4,1.5,8,3.9,4,1,No action,Felt supported,stable
2026-03-30,demo28,3.8,1.9,7.5,3.5,3.7,1,No action,Quiet day,stable
2026-03-31,demo28,3.9,2.5,8.1,3.2,3.6,1,No action,Steady day,stable
2026-04-01,demo28,3,2.9,6.6,3.9,3.7,1,No action,Deadline pressure,stable
2026-04-02,demo28,3,2.6,7.4,3.4,3.3,1,No action,Good peer contact,watch
2026-04-03,demo28,3.6,3,7.2,3.7,4.1,1,No action,Low sleep,stable
2026-04-04,demo28,4.2,1,7,3.6,3.3,1,No action,Took a short walk,stable
2026-04-05,demo28,3.6,2.2,7.4,3,4,1,No action,Busy timetable,stable
2026-04-06,demo28,4.2,2.9,6.8,4.2,4,1,No action,Felt supported,stable
2026-04-07,demo28,2.7,2.3,7.4,3.4,2.8,1,No action,Quiet day,watch
2026-04-08,demo28,3.4,3.2,6.9,3.7,3.2,1,No action,Steady day,watch
2026-04-09,demo28,3.1,2.7,7,3.7,3.2,1,No action,Deadline pressure,watch
2026-04-10,demo28,3.9,1.1,6.3,4.2,3.6,1,No action,Good peer contact,stable
2026-04-11,demo28,4.5,1.2,8.2,3.4,3.9,1,No action,Low sleep,stable
2026-04-12,demo28,3.7,1.7,7.7,3.7,4.2,1,No action,Took a short walk,stable
2026-04-13,demo28,3.1,1.5,7.6,4.5,4.2,1,No action,Busy timetable,stable
2026-04-14,demo28,3.6,3,7.1,4,3.4,1,No action,Felt supported,stable
2026-04-15,demo28,3.7,1.7,7.1,4,3,1,No action,Quiet day,stable
2026-04-16,demo28,3.1,2.2,8.5,3.8,3.7,1,No action,Steady day,stable
2026-04-17,demo28,3.9,2.3,6.5,4.2,4.1,1,No action,Deadline pressure,stable
2026-04-18,demo28,3.4,2.7,7.8,4.1,3.5,1,No action,Good peer contact,stable
2026-04-19,demo28,3.4,1.5,8,3.6,4.1,1,No action,Low sleep,stable
2026-04-20,demo28,3.5,2.7,6.7,3,3.5,1,No action,Took a short walk,watch
2026-04-21,demo28,3.1,3.6,7,3.1,2.4,1,Gentle nudge,Busy timetable,elevated
2026-04-22,demo28,3.1,3,7.3,2.4,3.1,1,Gentle nudge,Felt supported,elevated
2026-04-23,demo28,3.1,2.5,6.7,3.3,3.3,1,Gentle nudge,Quiet day,watch
2026-04-24,demo28,3.3,2.8,7.5,3.7,3.4,1,No action,Steady day,stable
2026-04-25,demo28,3.9,1.7,7.4,4.4,3.7,1,No action,Deadline pressure,stable
2026-04-26,demo28,3.4,2.6,7.3,3.4,3.6,1,No action,Good peer contact,stable
2026-04-27,demo28,2.4,2.5,6.9,2.9,3.1,1,No action,Low sleep,elevated
2026-04-28,demo28,4.1,3,6.5,3.6,3.3,1,No action,Took a short walk,stable
2026-04-29,demo28,2.8,2.2,6.9,2.7,3.5,1,No action,Busy timetable,watch
2026-04-30,demo28,3.1,2.4,6.8,3.4,4.2,1,No action,Felt supported,stable
2026-05-01,demo28,3.8,2,7.6,4.1,3.7,1,No action,Quiet day,stable
2026-05-02,demo28,3.5,1,7.7,3.7,3.6,1,No action,Steady day,stable
2026-05-03,demo28,3.9,1.3,7.9,3.9,3.6,1,No action,Deadline pressure,stable
2026-05-04,demo28,4.2,1.5,8.1,3.6,3.6,1,No action,Good peer contact,stable
2026-05-05,demo28,4.5,1.7,6.8,3.3,4.2,1,No action,Low sleep,stable
2026-05-06,demo28,3.6,2.3,6.6,3.5,3.5,1,No action,Took a short walk,stable
2026-05-07,demo28,4,2.1,8.4,3.8,3.4,1,No action,Busy timetable,stable
2026-05-08,demo28,3.8,1.9,8,4.2,3.8,1,No action,Felt supported,stable
2026-05-09,demo28,4.3,1.6,7,3.7,3.1,1,No action,Quiet day,stable
2026-05-10,demo28,3.2,2.6,7.1,3.4,3.3,1,No action,Steady day,watch
2026-05-11,demo28,2.8,2.7,6.2,3.2,3.2,1,No action,Deadline pressure,watch
2026-05-12,demo28,3.1,3.1,7,3.1,4,1,No action,Good peer contact,watch
2026-05-13,demo28,3.1,2.1,7.1,3.5,2.9,1,No action,Low sleep,stable
2026-05-14,demo28,3.1,1.8,7.1,3.4,4.2,1,No action,Took a short walk,stable
2026-05-15,demo28,3.5,1.9,7.8,4.1,4.3,1,No action,Busy timetable,stable
2026-05-16,demo28,4,1.8,7.5,3.6,3.6,1,No action,Felt supported,stable
2026-05-17,demo28,3.9,2,8.3,4.4,3,1,No action,Quiet day,stable
2026-05-18,demo28,3.6,2.4,7.3,3.8,3.7,1,No action,Steady day,stable
2026-05-19,demo28,2.9,2.6,8.1,3.6,3.6,1,No action,Deadline pressure,stable
2026-05-20,demo28,4.1,2.2,7.3,3.8,4,1,No action,Good peer contact,stable
2026-05-21,demo28,3.3,1.9,7.3,4,3.8,1,No action,Low sleep,stable
2026-05-22,demo28,4.2,1.6,8.4,4.2,3.9,1,No action,Took a short walk,stable
2026-05-23,demo28,3.8,2.4,7.5,3.4,4.5,1,No action,Busy timetable,stable
2026-05-24,demo28,4.4,2.4,7.4,3.6,3.4,1,No action,Felt supported,stable
2026-05-25,demo28,4.1,2.1,7.4,3.4,3.2,1,No action,Quiet day,stable
2026-05-26,demo28,3.5,2.4,6.4,4.4,3.4,1,No action,Steady day,stable
2026-05-27,demo28,3.4,2.6,7.8,4.3,3.4,1,No action,Deadline pressure,stable
2026-05-28,demo28,3.7,1.6,7.3,4.8,4,1,No action,Good peer contact,stable
2026-05-29,demo28,4.6,1.5,7.6,4.2,3.4,1,No action,Low sleep,stable
2026-05-30,demo28,4.6,2.2,7.3,4.3,3.5,1,No action,Took a short walk,stable
2026-05-31,demo28,4.2,1.3,8.5,4.2,4,1,No action,Busy timetable,stable
2026-06-01,demo28,4.3,2.3,7.7,3.7,4.4,1,No action,Felt supported,stable
2026-06-02,demo28,3.4,2.8,7.1,3.9,3.6,1,No action,Quiet day,stable
2026-06-03,demo28,3.1,2.2,7.9,3.9,3.6,1,No action,Steady day,stable
2026-06-04,demo28,3.6,2.2,7.3,3.7,3.1,1,No action,Deadline pressure,stable
2026-06-05,demo28,3.9,2.5,7.4,4.3,4.3,1,No action,Good peer contact,stable
2026-06-06,demo28,4.3,1.3,7.8,3.9,4.1,1,No action,Low sleep,stable
2026-06-07,demo28,4.3,1.7,8.1,4.3,3.7,1,No action,Took a short walk,stable
2026-06-08,demo28,4.2,1.5,8.2,4,4.4,1,No action,Busy timetable,stable
2026-06-09,demo28,4.6,2.2,7.2,3.8,3.3,1,No action,Felt supported,stable
2026-06-10,demo28,3.9,1.5,7.6,4.1,3.3,1,No action,Quiet day,stable
2026-06-11,demo28,3.5,1.2,7.9,4.3,4,1,No action,Steady day,stable
2026-06-12,demo28,4.1,1.1,8.2,3.8,4.6,1,No action,Deadline pressure,stable
2026-06-13,demo28,3.9,1.6,7.4,4.1,4.3,1,No action,Good peer contact,stable
2026-06-14,demo28,3.7,2,7.9,4.5,3.9,1,No action,Low sleep,stable
2026-06-15,demo28,4.1,2.6,7.5,3.6,4.1,1,No action,Took a short walk,stable
2026-06-16,demo28,3.9,2.6,7.4,3.6,3.4,1,No action,Busy timetable,stable
2026-06-17,demo28,3.8,2,7.4,3.4,4.1,1,No action,Felt supported,stable
2026-06-18,demo28,3.1,2.9,7.5,3.7,4.5,1,No action,Quiet day,stable
2026-06-19,demo28,4.4,1.5,8.7,3.7,4.8,1,No action,Steady day,stable
2026-06-20,demo28,3.7,1.8,8.1,4.2,3.8,1,No action,Deadline pressure,stable
2026-06-21,demo28,3.2,2,7.6,4.4,4.1,1,No action,Good peer contact,stable
2026-06-22,demo28,3.4,2.8,7.8,3.3,3.5,1,No action,Low sleep,stable
2026-06-23,demo28,3.5,2,6.6,3.7,3.4,1,No action,Took a short walk,stable
2026-06-24,demo28,3.6,2.7,7.3,2.5,3.3,1,No action,Busy timetable,watch
2026-06-25,demo28,3.6,2.4,8.1,4.1,3.4,1,No action,Felt supported,stable
2026-06-26,demo28,4.9,1,7.4,4.5,3.4,1,No action,Quiet day,stable
2026-06-27,demo28,3.9,1.6,7.6,4.1,3.3,1,No action,Steady day,stable
2026-06-28,demo28,4.3,1.3,8.2,3.9,3.2,1,No action,Deadline pressure,stable
2026-06-29,demo28,4.2,1.1,7.3,5,3.6,1,No action,Good peer contact,stable
2026-06-30,demo28,3.2,3.1,7.9,3.8,4.3,1,No action,Low sleep,stable
2026-07-01,demo28,3.4,3,7.2,4,3.4,1,No action,Took a short walk,stable
2026-07-02,demo28,3.9,2.8,7.6,3.7,3.5,1,No action,Busy timetable,stable
2026-07-03,demo28,4.8,1.6,7,3.2,4.3,1,No action,Felt supported,stable
2026-07-04,demo28,4,1.9,8,3.6,3.9,1,No action,Quiet day,stable
2026-07-05,demo28,3.4,2.1,7.9,3.6,3.1,1,No action,Steady day,stable
2026-07-06,demo28,4,2.6,7.1,4.1,3.1,1,No action,Deadline pressure,stable
2026-07-07,demo28,3.4,2.6,7.2,3.7,3.7,1,No action,Good peer contact,stable
2026-07-08,demo28,4,2.2,7.3,3.7,3.2,1,No action,Low sleep,stable
2026-07-09,demo28,4.5,1.7,7,4,3,1,No action,Took a short walk,stable
2026-07-10,demo28,4,1.1,7.8,3.8,4.2,1,No action,Busy timetable,stable
2026-07-11,demo28,4.2,2.5,8,4,4,1,No action,Felt supported,stable
2026-07-12,demo28,3.6,1.7,7.5,3.8,3.8,1,No action,Quiet day,stable
2026-07-13,demo28,2.8,1.5,7.1,3,3,1,No action,Steady day,stable
2026-07-14,demo28,3.7,2.1,7.5,3.9,3.2,1,No action,Deadline pressure,stable
2026-07-15,demo28,3.3,2.3,6.9,3.1,3.6,1,No action,Good peer contact,stable
2026-07-16,demo28,3.7,1.8,7,3.3,3.4,1,No action,Low sleep,stable
2026-07-17,demo28,3.5,1.8,7.5,4.3,3.3,1,No action,Took a short walk,stable
2026-07-18,demo28,4,1.6,7.4,3.5,3.6,1,No action,Busy timetable,stable
2026-07-19,demo28,4.3,2.2,7.5,3.8,3.7,1,No action,Felt supported,stable
2026-07-20,demo28,3.4,1.3,7,4,3.1,1,No action,Quiet day,stable
2026-07-21,demo28,4,1.9,7.9,3.4,3.7,1,No action,Steady day,stable
2026-07-22,demo28,3.8,2.1,6.9,4.5,4.1,1,No action,Deadline pressure,stable
2026-07-23,demo28,4.8,2.7,7.5,3.5,3.9,1,No action,Good peer contact,stable
2026-07-24,demo28,3.5,2.4,6.5,4.4,3.4,1,No action,Low sleep,stable
2026-07-25,demo28,3.1,2.4,7.3,3.2,3.1,1,No action,Took a short walk,watch
2026-07-26,demo28,3.3,1.9,7.3,3.6,3.2,1,No action,Busy timetable,stable
2026-07-27,demo28,2.9,2,7.4,4,4.2,1,No action,Felt supported,stable
2026-07-28,demo28,3.6,2.6,7.8,3.5,3.7,1,No action,Quiet day,stable
2026-07-29,demo28,2.2,2.5,7,3.2,3.4,1,Gentle nudge,Steady day,elevated
2026-07-30,demo28,2.8,2.7,7,3.4,3.6,1,No action,Deadline pressure,watch
2026-07-31,demo28,2.9,3,5.8,2.9,3.2,1,No action,Good peer contact,elevated
2026-08-01,demo28,3,2.1,7.7,3.5,3,1,No action,Low sleep,stable
2026-08-02,demo28,3.4,2.6,6.3,4.1,3.2,1,No action,Took a short walk,stable
2026-08-03,demo28,3,2.9,5.9,3,3.6,1,Gentle nudge,Busy timetable,watch
2026-08-04,demo28,3,2.8,7.1,2.5,2.8,1,Self-guided support,Felt supported,elevated
2026-08-05,demo28,2.2,3.5,6,3.5,3,1,Self-guided support,Quiet day,elevated
2026-08-06,demo28,3,3.9,6.2,2.8,2.9,1,Self-guided support,Steady day,elevated
2026-08-07,demo28,2.8,2.7,6.7,3.6,4.1,1,Gentle nudge,Deadline pressure,stable
2026-08-08,demo28,3.1,3.2,6.7,3.3,3.9,1,No action,Good peer contact,watch
2026-08-09,demo28,3.1,2.8,6.7,3.3,3.1,1,No action,Low sleep,watch
2026-08-10,demo28,3,3.2,6.8,3.2,2.8,1,Gentle nudge,Took a short walk,elevated
2026-08-11,demo28,2.5,2.4,7,2.8,3.6,1,Gentle nudge,Busy timetable,watch
2026-08-12,demo28,3.7,2.3,7.4,3.1,3.1,1,Gentle nudge,Felt supported,stable
2026-08-13,demo28,3.3,3.1,7.1,3.3,3,1,Gentle nudge,Quiet day,watch
2026-08-14,demo28,3.3,2.8,6.5,3.1,3.8,1,No action,Steady day,watch
2026-08-15,demo28,3.4,2.2,7.4,3.2,2.4,1,No action,Deadline pressure,watch
2026-08-16,demo28,3.3,3.1,7.4,3.8,3.3,1,Gentle nudge,Good peer contact,watch
2026-08-17,demo28,2.8,2.9,6.9,4,3,1,Gentle nudge,Low sleep,watch
2026-08-18,demo28,2.6,2.7,7.2,2.8,2.6,1,Gentle nudge,Took a short walk,elevated
2026-08-19,demo28,2.7,3.4,6.1,2.8,4,1,Gentle nudge,Busy timetable,elevated
2026-08-20,demo28,3.3,3.7,7,3.4,3.2,1,No action,Felt supported,elevated
2026-08-21,demo28,2.9,2.2,6.6,3.3,3,1,No action,Quiet day,watch
2026-08-22,demo28,3.3,3.4,8,2.9,3.2,1,No action,Steady day,elevated
2026-08-23,demo28,3.2,2.3,6.6,4.2,4.1,1,No action,Deadline pressure,stable
2026-08-24,demo28,4.1,1.9,6.8,3.3,4.2,1,No action,Good peer contact,stable
2026-08-25,demo28,3.7,2.5,7.3,3.4,3.2,1,No action,Low sleep,stable
2026-08-26,demo28,3.6,1.9,6.7,3.4,2.8,1,No action,Took a short walk,stable
2026-08-27,demo28,3.5,2.4,7,3.7,3.2,1,No action,Busy timetable,stable
2026-08-28,demo28,4.3,1.4,8,4.7,3.7,1,No action,Felt supported,stable
2026-08-29,demo28,3.9,1.4,7.5,3.7,4,1,No action,Quiet day,stable
2026-08-30,demo28,4,1,7.7,4.2,3.7,1,No action,Steady day,stable
2026-08-31,demo28,3.5,2.6,8,4.3,4,1,No action,Deadline pressure,stable
2026-09-01,demo28,3.9,1.3,7.9,3.4,3.7,1,No action,Good peer contact,stable
2026-09-02,demo28,3.5,2,7.3,3.9,3.5,1,No action,Low sleep,stable
2026-09-03,demo28,4.1,1.7,8.1,3.6,3.5,1,No action,Took a short walk,stable
2026-09-04,demo28,3.8,2.7,7.9,4.8,3.1,1,No action,Busy timetable,stable
2026-09-05,demo28,3.6,2.1,6.8,3.3,3.3,1,No action,Felt supported,stable
2026-09-06,demo28,4.4,2.2,7.9,3.9,3.9,1,No action,Quiet day,stable
2026-09-07,demo28,3.5,2.1,7,2.7,3.2,1,No action,Steady day,stable
2026-09-08,demo28,3.8,2.3,8.5,3,3.8,1,No action,Deadline pressure,stable
2026-09-09,demo28,2.9,2.8,7.5,3.4,3.8,1,No action,Good peer contact,watch
2026-09-10,demo28,3.8,2.9,7.1,3.6,3.4,1,No action,Low sleep,stable
2026-09-11,demo28,4.2,2.1,7.3,4.2,3.5,1,No action,Took a short walk,stable
2026-09-12,demo28,3.4,1.6,7.1,3.6,4.5,1,No action,Busy timetable,stable
2026-09-13,demo28,3.9,2.7,7.5,3.8,3.7,1,No action,Felt supported,stable
2026-09-14,demo28,4.1,2.1,7.3,3.7,3.4,1,No action,Quiet day,stable
2026-09-15,demo28,3.4,2.4,6.8,4,4,1,No action,Steady day,stable
2026-09-16,demo28,4.1,2,7.4,3.7,2.9,1,No action,Deadline pressure,stable
2026-09-17,demo28,3.2,1.1,7.3,4.2,4.2,1,No action,Good peer contact,stable
2026-09-18,demo28,3.9,2.6,7.2,3.2,3.6,1,No action,Low sleep,stable
2026-09-19,demo28,4.4,1.5,6.9,3.5,3.6,1,No action,Took a short walk,stable
2026-03-24,demo29,4.5,1.9,7.4,3.8,4.1,1,No action,Took a short walk,stable
2026-03-25,demo29,3.4,2.4,7.5,4,4.2,1,No action,Busy timetable,stable
2026-03-26,demo29,2.9,2.1,6.5,3.5,3.3,1,No action,Felt supported,stable
2026-03-27,demo29,3.5,2.1,7,2.9,3.3,1,No action,Quiet day,stable
2026-03-28,demo29,4.1,2.4,7.3,3.4,3.8,1,No action,Steady day,stable
2026-03-29,demo29,3.6,1.6,8,3.8,3.7,1,No action,Deadline pressure,stable
2026-03-30,demo29,4.9,1.3,8.1,4.1,4.8,1,No action,Good peer contact,stable
2026-03-31,demo29,4.8,1.3,8,4.4,4,1,No action,Low sleep,stable
2026-04-01,demo29,4,1.6,8,3.9,3.2,1,No action,Took a short walk,stable
2026-04-02,demo29,4.2,1.7,8.1,4,3.4,1,No action,Busy timetable,stable
2026-04-03,demo29,4.5,1.9,7,4.6,4,1,No action,Felt supported,stable
2026-04-04,demo29,2.9,2.7,7.7,3.1,4.4,1,No action,Quiet day,stable
2026-04-05,demo29,4.1,1.7,7,3.3,3.7,1,No action,Steady day,stable
2026-04-06,demo29,4,2.4,7.1,3.5,3.1,1,No action,Deadline pressure,stable
2026-04-07,demo29,3.6,1.8,7.1,3.4,3.7,1,No action,Good peer contact,stable
2026-04-08,demo29,3.9,2.4,8,4.8,4.3,1,No action,Low sleep,stable
2026-04-09,demo29,3.9,1.6,7.3,3.8,2.7,1,No action,Took a short walk,stable
2026-04-10,demo29,3.6,1.4,8.7,3.7,3.7,1,No action,Busy timetable,stable
2026-04-11,demo29,3.7,2,7.1,4,3.6,1,No action,Felt supported,stable
2026-04-12,demo29,4,2,6.9,3.7,3.8,1,No action,Quiet day,stable
2026-04-13,demo29,4,1.6,7.4,3.4,3.7,1,No action,Steady day,stable
2026-04-14,demo29,3.7,2.4,7.1,4,4.1,1,No action,Deadline pressure,stable
2026-04-15,demo29,4.2,1.6,7,4.4,4,1,No action,Good peer contact,stable
2026-04-16,demo29,3.5,2.6,7.9,4,4.1,1,No action,Low sleep,stable
2026-04-17,demo29,3.5,1.5,8,4,3.4,1,No action,Took a short walk,stable
2026-04-18,demo29,3.7,1.5,7.9,4,3.4,1,No action,Busy timetable,stable
2026-04-19,demo29,4.1,1.5,7.6,3.7,3.9,1,No action,Felt supported,stable
2026-04-20,demo29,3.4,2.6,7.9,3,2.9,1,No action,Quiet day,watch
2026-04-21,demo29,3.3,2.3,7.4,4,4.3,1,No action,Steady day,stable
2026-04-22,demo29,3.6,1.9,7.3,3.7,3.4,1,No action,Deadline pressure,stable
2026-04-23,demo29,3.3,3.1,7.1,3.2,3.7,1,No action,Good peer contact,watch
2026-04-24,demo29,3.2,3,6.2,3.4,3.3,1,No action,Low sleep,watch
2026-04-25,demo29,3.5,3.5,7.6,3.9,3.8,1,Gentle nudge,Took a short walk,stable
2026-04-26,demo29,2.6,3.4,7,2.9,2.8,1,Gentle nudge,Busy timetable,elevated
2026-04-27,demo29,3.4,3.8,6.8,3.1,3.8,1,Gentle nudge,Felt supported,elevated
2026-04-28,demo29,3.7,2.5,7.1,3.7,3.7,1,No action,Quiet day,stable
2026-04-29,demo29,3,3,6.7,3.5,3.8,1,No action,Steady day,watch
2026-04-30,demo29,3,2.9,8.3,3.6,2.7,1,No action,Deadline pressure,watch
2026-05-01,demo29,3.1,3.5,6.9,3.2,3.2,1,Gentle nudge,Good peer contact,elevated
2026-05-02,demo29,3.2,3.6,7.3,3.8,3.5,1,No action,Low sleep,watch
2026-05-03,demo29,2.8,2.8,7.3,4,3.6,1,No action,Took a short walk,stable
2026-05-04,demo29,4.3,2.6,7.5,4.9,3.6,1,No action,Busy timetable,stable
2026-05-05,demo29,4.2,1.6,7.9,4.3,4.1,1,No action,Felt supported,stable
2026-05-06,demo29,4.2,1.1,8.6,3.6,4.2,1,No action,Quiet day,stable
2026-05-07,demo29,3.8,1.7,7.8,3.6,4.1,1,No action,Steady day,stable
2026-05-08,demo29,4.5,1.9,7.5,3.4,2.8,1,No action,Deadline pressure,stable
2026-05-09,demo29,3.2,2.1,7.3,3.7,2.6,1,No action,Good peer contact,stable
2026-05-10,demo29,3.5,1.6,7.1,3.2,3.9,1,No action,Low sleep,stable
2026-05-11,demo29,3.4,2.3,7.4,4.3,3.1,1,No action,Took a short walk,stable
2026-05-12,demo29,3.6,1.8,7.7,3.8,3.3,1,No action,Busy timetable,stable
2026-05-13,demo29,3.7,2.2,6.6,3.8,3.8,1,No action,Felt supported,stable
2026-05-14,demo29,2.7,2.4,6.4,3.9,3.3,1,No action,Quiet day,watch
2026-05-15,demo29,3.6,2.4,7.1,3.2,4.2,1,No action,Steady day,stable
2026-05-16,demo29,3.4,2.2,7.7,4,3.7,1,No action,Deadline pressure,stable
2026-05-17,demo29,3.6,2.5,7.6,3.8,3.7,1,No action,Good peer contact,stable
2026-05-18,demo29,2.9,1.4,7.5,4,2.8,1,No action,Low sleep,stable
2026-05-19,demo29,4.2,2.4,7.5,3.2,4,1,No action,Took a short walk,stable
2026-05-20,demo29,3.4,1.8,8,4,4.7,1,No action,Busy timetable,stable
2026-05-21,demo29,3.2,2.5,7.8,3.1,3.4,1,No action,Felt supported,stable
2026-05-22,demo29,3.3,1.9,7.4,4.2,3.8,1,No action,Quiet day,stable
2026-05-23,demo29,3.7,2.7,7.4,4.1,4.2,1,No action,Steady day,stable
2026-05-24,demo29,4,2.8,8.6,4.1,4.1,1,No action,Deadline pressure,stable
2026-05-25,demo29,3.9,1.6,8.3,3.7,4.1,1,No action,Good peer contact,stable
2026-05-26,demo29,3.8,2.7,8,3.3,3.8,1,No action,Low sleep,stable
2026-05-27,demo29,3.8,1.6,7.1,3.8,3.2,1,No action,Took a short walk,stable
2026-05-28,demo29,4.1,1.7,7.2,3.9,3.4,1,No action,Busy timetable,stable
2026-05-29,demo29,3.2,2,7.3,4,3.3,1,No action,Felt supported,stable
2026-05-30,demo29,2.6,3.5,7.7,3.4,4,1,No action,Quiet day,watch
2026-05-31,demo29,2.5,2.7,6.7,3,3.9,1,No action,Steady day,watch
2026-06-01,demo29,3,2.4,7.9,3.3,2.3,1,No action,Deadline pressure,watch
2026-06-02,demo29,3.4,3.3,7,2.9,3.1,1,No action,Good peer contact,elevated
2026-06-03,demo29,3.1,2.2,7.1,3.7,3.3,1,No action,Low sleep,stable
2026-06-04,demo29,3.6,1.2,8,3.7,3.8,1,No action,Took a short walk,stable
2026-06-05,demo29,3.5,1.9,7.1,3.4,3.5,1,No action,Busy timetable,stable
2026-06-06,demo29,3.6,2,7.6,4.4,3.3,1,No action,Felt supported,stable
2026-06-07,demo29,3.4,2.5,8,3.2,3.7,1,No action,Quiet day,stable
2026-06-08,demo29,3.6,2.2,7.4,3.8,3.1,1,No action,Steady day,stable
2026-06-09,demo29,3.7,1.7,6.8,4.1,3.3,1,No action,Deadline pressure,stable
2026-06-10,demo29,4.2,1.9,8,3.7,4,1,No action,Good peer contact,stable
2026-06-11,demo29,3.9,2.7,7.1,3.3,3.6,1,No action,Low sleep,stable
2026-06-12,demo29,3.2,2.5,7.8,4.1,4.1,1,No action,Took a short walk,stable
2026-06-13,demo29,3.3,2.2,6.9,3.8,4.1,1,No action,Busy timetable,stable
2026-06-14,demo29,3.8,2.3,7,3.6,4.2,1,No action,Felt supported,stable
2026-06-15,demo29,4.3,1,7.2,4.4,3.5,1,No action,Quiet day,stable
2026-06-16,demo29,3.9,1.4,8.1,4.2,4.6,1,No action,Steady day,stable
2026-06-17,demo29,3.6,1.7,7.3,3.3,4.5,1,No action,Deadline pressure,stable
2026-06-18,demo29,3.6,2.3,7.8,4.1,3.2,1,No action,Good peer contact,stable
2026-06-19,demo29,3.5,2.3,7.1,4,4,1,No action,Low sleep,stable
2026-06-20,demo29,3.9,2.5,8.1,2.9,2.8,1,No action,Took a short walk,stable
2026-06-21,demo29,3.2,2.2,7.9,4.1,3.7,1,No action,Busy timetable,stable
2026-06-22,demo29,3.9,2.1,7.5,3.6,3.5,1,No action,Felt supported,stable
2026-06-23,demo29,4,1.9,7.8,3.5,4.1,1,No action,Quiet day,stable
2026-06-24,demo29,3.7,1.9,7.2,3.1,3.3,1,No action,Steady day,stable
2026-06-25,demo29,3.3,2.5,6.4,4.1,4,1,No action,Deadline pressure,stable
2026-06-26,demo29,3.5,2.4,7.3,4,4.5,1,No action,Good peer contact,stable
2026-06-27,demo29,3.7,2.1,7.1,3.6,4.1,1,No action,Low sleep,stable
2026-06-28,demo29,3.8,2.4,7.9,3.6,4.2,1,No action,Took a short walk,stable
2026-06-29,demo29,4,1.8,8.2,4.2,3.4,1,No action,Busy timetable,stable
2026-06-30,demo29,3.9,1.7,8.3,3.8,3.6,1,No action,Felt supported,stable
2026-07-01,demo29,3.5,2,8.1,4,3.6,1,No action,Quiet day,stable
2026-07-02,demo29,3.8,2.4,8.3,3.1,3.9,1,No action,Steady day,stable
2026-07-03,demo29,2.9,2.8,6.7,3.6,3.1,1,No action,Deadline pressure,watch
2026-07-04,demo29,2.8,2.9,6.7,3.9,3.9,1,No action,Good peer contact,stable
2026-07-05,demo29,3.5,2,8.7,3.3,3.1,1,No action,Low sleep,stable
2026-07-06,demo29,3.7,2.3,7.4,4.1,4.3,1,No action,Took a short walk,stable
2026-07-07,demo29,3.5,2.7,8.2,3.7,3,1,No action,Busy timetable,stable
2026-07-08,demo29,3.3,1.2,7.1,4.2,3.5,1,No action,Felt supported,stable
2026-07-09,demo29,3.1,2.4,7.8,2.9,3.7,1,No action,Quiet day,stable
2026-07-10,demo29,2.6,2.4,7.1,3.1,4.4,1,No action,Steady day,stable
2026-07-11,demo29,2.3,3.4,7.4,3.1,3.4,1,No action,Deadline pressure,elevated
2026-07-12,demo29,3.8,2.9,8.3,4,3.3,1,No action,Good peer contact,stable
2026-07-13,demo29,3.6,2.2,6.8,4,3.3,1,No action,Low sleep,stable
2026-07-14,demo29,3.6,2.3,7,4,3.6,1,No action,Took a short walk,stable
2026-07-15,demo29,3.8,1.7,8.4,4.2,4.1,1,No action,Busy timetable,stable
2026-07-16,demo29,3.9,2,7.2,4.4,4.3,1,No action,Felt supported,stable
2026-07-17,demo29,4,1.8,7.5,3.5,3.2,1,No action,Quiet day,stable
2026-07-18,demo29,3.8,2.3,7.3,3.5,3.2,1,No action,Steady day,stable
2026-07-19,demo29,4.1,2,8.3,3.8,3.5,1,No action,Deadline pressure,stable
2026-07-20,demo29,3.8,2.9,7.2,3.6,2.9,1,No action,Good peer contact,stable
2026-07-21,demo29,3,2.2,6.7,4.2,3.7,1,No action,Low sleep,stable
2026-07-22,demo29,4.3,2.3,8.3,3.8,3.3,1,No action,Took a short walk,stable
2026-07-23,demo29,3.1,2.8,6.4,3.2,3.3,1,No action,Busy timetable,watch
2026-07-24,demo29,3.5,3,7.8,3.4,3.8,1,No action,Felt supported,stable
2026-07-25,demo29,3.3,3.4,6.8,3.3,3.5,1,No action,Quiet day,watch
2026-07-26,demo29,3.2,3.2,6.8,3.5,4.1,1,No action,Steady day,watch
2026-07-27,demo29,3.6,2.2,7.1,3.1,3,1,No action,Deadline pressure,stable
2026-07-28,demo29,3.6,2.1,6.4,3.5,3.3,1,No action,Good peer contact,stable
2026-07-29,demo29,3.9,1.7,7.7,3.7,3.7,1,No action,Low sleep,stable
2026-07-30,demo29,2.8,2.7,7,3.1,3.5,1,No action,Took a short walk,watch
2026-07-31,demo29,3.8,2.2,7.8,3.4,3.5,1,No action,Busy timetable,stable
2026-08-01,demo29,3.4,2.4,7.8,3.3,3.9,1,No action,Felt supported,stable
2026-08-02,demo29,3.7,2.7,7.5,3.5,3.4,1,No action,Quiet day,stable
2026-08-03,demo29,3.8,2.1,7.4,3.4,4.5,1,No action,Steady day,stable
2026-08-04,demo29,3.9,1.5,7.1,3.6,3.6,1,No action,Deadline pressure,stable
2026-08-05,demo29,3.5,2.3,7.3,3.7,4.4,1,No action,Good peer contact,stable
2026-08-06,demo29,3.3,2.9,6.7,3.6,3.5,1,No action,Low sleep,watch
2026-08-07,demo29,3.9,3,7.6,3.4,3.5,1,No action,Took a short walk,stable
2026-08-08,demo29,3.2,2.8,7.6,3.2,3.1,1,No action,Busy timetable,watch
2026-08-09,demo29,2.9,3,6.5,2.8,2.7,1,No action,Felt supported,elevated
2026-08-10,demo29,3.3,3.5,6.4,3,2.5,1,No action,Quiet day,elevated
2026-08-11,demo29,4.1,2.5,6.8,4.2,4.3,1,No action,Steady day,stable
2026-08-12,demo29,4.1,2,7.7,4.5,3.3,1,No action,Deadline pressure,stable
2026-08-13,demo29,3.1,2.8,6.3,2.8,3.3,1,Gentle nudge,Good peer contact,watch
2026-08-14,demo29,2.1,3,6.3,2.7,3,1,Self-guided support,Low sleep,elevated
2026-08-15,demo29,2.2,2.9,6.5,2.8,2.4,1,Self-guided support,Took a short walk,elevated
2026-08-16,demo29,3,2.6,6.7,2.8,2.3,1,Gentle nudge,Busy timetable,elevated
2026-08-17,demo29,3.6,2.5,6.8,3.6,3.3,1,No action,Felt supported,stable
2026-08-18,demo29,3.7,2.5,6.6,4,3.4,1,No action,Quiet day,stable
2026-08-19,demo29,3,2.4,7.3,4,4.1,1,No action,Steady day,stable
2026-08-20,demo29,3.1,2.7,8.2,3,3.4,1,No action,Deadline pressure,watch
2026-08-21,demo29,2.5,2.9,7.3,3.3,4.3,1,Gentle nudge,Good peer contact,watch
2026-08-22,demo29,3.1,3.4,6.3,2.7,2.6,1,Gentle nudge,Low sleep,elevated
2026-08-23,demo29,3.2,3,7.2,3.3,4,1,Gentle nudge,Took a short walk,stable
2026-08-24,demo29,3.4,2.6,6.7,3.7,2.9,1,No action,Busy timetable,stable
2026-08-25,demo29,3.6,2.2,7,3.7,3.8,1,No action,Felt supported,stable
2026-08-26,demo29,3.3,2.2,7.5,3.1,2.7,1,No action,Quiet day,watch
2026-08-27,demo29,2.4,2.9,7.6,3.7,3.7,1,No action,Steady day,watch
2026-08-28,demo29,2.7,2.6,7.3,3.4,3.2,1,No action,Deadline pressure,watch
2026-08-29,demo29,3.6,3.2,6.2,3,3.3,1,No action,Good peer contact,watch
2026-08-30,demo29,3.8,2.3,7.1,4.1,3.3,1,No action,Low sleep,stable
2026-08-31,demo29,3.7,1.4,7.3,4.3,4.6,1,No action,Took a short walk,stable
2026-09-01,demo29,3.6,2.2,8.1,4.1,4.2,1,No action,Busy timetable,stable
2026-09-02,demo29,4.3,2.4,7,3.7,3.8,1,No action,Felt supported,stable
2026-09-03,demo29,3.3,2.2,7.8,3.9,4,1,No action,Quiet day,stable
2026-09-04,demo29,3.5,1.8,7.6,4.2,3.4,1,No action,Steady day,stable
2026-09-05,demo29,3.2,2.1,8,4,4.2,1,No action,Deadline pressure,stable
2026-09-06,demo29,4.4,2.8,7.6,4.5,3.8,1,No action,Good peer contact,stable
2026-09-07,demo29,4.6,2.1,7.9,4.5,3.7,1,No action,Low sleep,stable
2026-09-08,demo29,4.5,1.4,7.7,3.4,3.7,1,No action,Took a short walk,stable
2026-09-09,demo29,3.5,1.5,8.2,3.7,3.8,1,No action,Busy timetable,stable
2026-09-10,demo29,3.8,1.7,7.2,3.3,3.7,1,No action,Felt supported,stable
2026-09-11,demo29,3,2.2,7.6,4.6,4.1,1,No action,Quiet day,stable
2026-09-12,demo29,3,2,7.3,3.9,3.9,1,No action,Steady day,stable
2026-09-13,demo29,2.7,3,8.1,3.7,3.5,1,No action,Deadline pressure,watch
2026-09-14,demo29,3.6,1.8,7.8,3.8,3,1,No action,Good peer contact,stable
2026-09-15,demo29,3.7,2.1,6.9,3.6,4.5,1,No action,Low sleep,stable
2026-09-16,demo29,3.9,1.5,7.8,4,3.6,1,No action,Took a short walk,stable
2026-09-17,demo29,2.6,2.1,6.8,3.5,3.9,1,No action,Busy timetable,stable
2026-09-18,demo29,3.2,3.1,7.5,2.4,4.4,1,No action,Felt supported,watch
2026-09-19,demo29,3,3.1,7.4,3.7,3.3,1,Gentle nudge,Quiet day,watch
2026-03-24,demo30,3.7,2,6.8,3.3,3.9,1,No action,Quiet day,stable
2026-03-25,demo30,3,2.4,7.1,3,3.4,1,No action,Steady day,watch
2026-03-26,demo30,3.6,2.5,8.1,3.5,4.2,1,No action,Deadline pressure,stable
2026-03-27,demo30,3.4,1,7.5,3.5,4,1,No action,Good peer contact,stable
2026-03-28,demo30,3.7,1.9,7.5,3.9,4.4,1,No action,Low sleep,stable
2026-03-29,demo30,4.1,1.7,7.3,3.6,3.5,1,No action,Took a short walk,stable
2026-03-30,demo30,3.8,2,6.6,3.4,3,1,No action,Busy timetable,stable
2026-03-31,demo30,2.5,2.7,7.1,3.8,3.8,1,No action,Felt supported,watch
2026-04-01,demo30,3.3,3,6.8,4.2,3.6,1,No action,Quiet day,stable
2026-04-02,demo30,3.6,1.7,7.1,4.5,3.7,1,No action,Steady day,stable
2026-04-03,demo30,3.8,1.9,7.7,4.1,3.8,1,No action,Deadline pressure,stable
2026-04-04,demo30,3.7,2.3,8.2,4,3.7,1,No action,Good peer contact,stable
2026-04-05,demo30,3.5,1.6,7.6,3.8,3.9,1,No action,Low sleep,stable
2026-04-06,demo30,3.9,2.4,7.7,4.3,3.3,1,No action,Took a short walk,stable
2026-04-07,demo30,3.7,2.1,7.6,3.1,4.1,1,No action,Busy timetable,stable
2026-04-08,demo30,3.9,2.8,7.5,3,4,1,No action,Felt supported,stable
2026-04-09,demo30,3.7,2.2,8.1,4.2,3.3,1,No action,Quiet day,stable
2026-04-10,demo30,4.1,2.4,7.5,4,3.9,1,No action,Steady day,stable
2026-04-11,demo30,3.3,2.1,7.5,4,3.5,1,No action,Deadline pressure,stable
2026-04-12,demo30,4.8,1.9,7.1,3,3.8,1,No action,Good peer contact,stable
2026-04-13,demo30,4,2.4,8,4.2,3.8,1,No action,Low sleep,stable
2026-04-14,demo30,4.3,2.7,8.4,4.9,3.7,1,No action,Took a short walk,stable
2026-04-15,demo30,3.7,2.6,7.5,3.9,3.9,1,No action,Busy timetable,stable
2026-04-16,demo30,3.9,2.1,7,3.4,3.6,1,No action,Felt supported,stable
2026-04-17,demo30,3.5,2,8,4.5,3.3,1,No action,Quiet day,stable
2026-04-18,demo30,4.3,2.3,7.8,4.4,3.2,1,No action,Steady day,stable
2026-04-19,demo30,4,1.6,7.6,3.5,3.6,1,No action,Deadline pressure,stable
2026-04-20,demo30,4.1,1.7,6.9,3.4,3.8,1,No action,Good peer contact,stable
2026-04-21,demo30,3.9,1.8,8,3.8,3.9,1,No action,Low sleep,stable
2026-04-22,demo30,3.5,2.8,7.8,3.5,4,1,No action,Took a short walk,stable
2026-04-23,demo30,3.2,2.5,7,3.2,4.5,1,No action,Busy timetable,stable
2026-04-24,demo30,3.4,2.3,7,3.1,3.2,1,No action,Felt supported,stable
2026-04-25,demo30,2.8,2.5,6.9,3.3,3.5,1,No action,Quiet day,watch
2026-04-26,demo30,3.3,1.3,7.7,3.9,3.4,1,No action,Steady day,stable
2026-04-27,demo30,3.7,2.3,8.2,3.5,3.3,1,No action,Deadline pressure,stable
2026-04-28,demo30,3.1,3.3,6.9,3.8,3,1,No action,Good peer contact,watch
2026-04-29,demo30,2.9,2.7,6.9,3.4,4.5,1,No action,Low sleep,stable
2026-04-30,demo30,3.4,2,7.7,2.9,2.5,1,No action,Took a short walk,watch
2026-05-01,demo30,3.2,2.1,7.9,4.2,3.1,1,No action,Busy timetable,stable
2026-05-02,demo30,3.4,2,8,4.5,3.4,1,No action,Felt supported,stable
2026-05-03,demo30,4.4,2.1,8,3.9,3.7,1,No action,Quiet day,stable
2026-05-04,demo30,4.1,2.2,7.6,4,4.1,1,No action,Steady day,stable
2026-05-05,demo30,3.8,1.6,8.1,3.5,3.8,1,No action,Deadline pressure,stable
2026-05-06,demo30,3.8,2.4,7.1,4.9,4,1,No action,Good peer contact,stable
2026-05-07,demo30,3.5,2.3,7.3,3.5,3.3,1,No action,Low sleep,stable
2026-05-08,demo30,4.3,2.3,7.3,3.8,4.4,1,No action,Took a short walk,stable
2026-05-09,demo30,4.5,1,7.3,4,4.1,1,No action,Busy timetable,stable
2026-05-10,demo30,4.3,1,7.9,3.9,3.9,1,No action,Felt supported,stable
2026-05-11,demo30,4.2,1.6,8.9,4.8,4.2,1,No action,Quiet day,stable
2026-05-12,demo30,3.5,1.3,8.4,3.2,3.7,1,No action,Steady day,stable
2026-05-13,demo30,4,2.1,7.4,3.8,3.1,1,No action,Deadline pressure,stable
2026-05-14,demo30,3.9,1.8,7.3,4.1,4.1,1,No action,Good peer contact,stable
2026-05-15,demo30,4.8,1.4,7.9,4.4,4,1,No action,Low sleep,stable
2026-05-16,demo30,4.8,1.3,7.7,3.5,4.1,1,No action,Took a short walk,stable
2026-05-17,demo30,3.5,2.4,7.5,4.3,4.3,1,No action,Busy timetable,stable
2026-05-18,demo30,3.2,2,7,3.9,3.2,1,No action,Felt supported,stable
2026-05-19,demo30,3.5,3.2,7.7,3.4,3.4,1,No action,Quiet day,watch
2026-05-20,demo30,3.1,2.8,7.5,3.6,4.7,1,No action,Steady day,stable
2026-05-21,demo30,4,1.7,7.5,4,3.7,1,No action,Deadline pressure,stable
2026-05-22,demo30,4.4,2.1,7,3.9,3.9,1,No action,Good peer contact,stable
2026-05-23,demo30,3.1,2.3,7.8,3.3,4.2,1,No action,Low sleep,stable
2026-05-24,demo30,4.4,2.6,8,4.1,3,1,No action,Took a short walk,stable
2026-05-25,demo30,3.2,2.9,7.5,4.1,3.6,1,No action,Busy timetable,stable
2026-05-26,demo30,4.5,2.3,7.2,3.6,2.6,1,No action,Felt supported,stable
2026-05-27,demo30,3.5,2.4,6.9,3.6,3.4,1,No action,Quiet day,stable
2026-05-28,demo30,4.4,2.7,7.5,2.9,3.1,1,No action,Steady day,stable
2026-05-29,demo30,3.6,2.5,7.3,3.9,3.8,1,No action,Deadline pressure,stable
2026-05-30,demo30,3.8,1.6,7.7,3.2,3.1,1,No action,Good peer contact,stable
2026-05-31,demo30,4.2,1.2,7.1,4.2,4.4,1,No action,Low sleep,stable
2026-06-01,demo30,4,2.3,8,4,4,1,No action,Took a short walk,stable
2026-06-02,demo30,3.9,2.1,7,4.5,2.9,1,No action,Busy timetable,stable
2026-06-03,demo30,3.8,2.5,6.9,3.9,3.9,1,No action,Felt supported,stable
2026-06-04,demo30,4.1,2.4,7.5,4,4,1,No action,Quiet day,stable
2026-06-05,demo30,3.9,2.2,6.9,4.1,3.6,1,No action,Steady day,stable
2026-06-06,demo30,4.5,2.3,7,4,3.8,1,No action,Deadline pressure,stable
2026-06-07,demo30,3.2,1.5,7.8,3.5,4,1,No action,Good peer contact,stable
2026-06-08,demo30,4,1.9,7,3.5,4.2,1,No action,Low sleep,stable
2026-06-09,demo30,3.8,2.6,7.3,3.1,3.5,1,No action,Took a short walk,stable
2026-06-10,demo30,3.5,2.7,7.7,3.7,3,1,No action,Busy timetable,stable
2026-06-11,demo30,3.2,2.6,7.3,2.6,2.8,1,No action,Felt supported,elevated
2026-06-12,demo30,3.6,1.9,6.1,3.9,3.2,1,No action,Quiet day,stable
2026-06-13,demo30,3.4,2.5,7.9,3,3.4,1,No action,Steady day,stable
2026-06-14,demo30,3,2.5,7.2,2.9,3.3,1,No action,Deadline pressure,watch
2026-06-15,demo30,3.1,2.1,7.2,3.6,3.2,1,No action,Good peer contact,stable
2026-06-16,demo30,2.9,2.8,7.3,3.2,2.8,1,No action,Low sleep,elevated
2026-06-17,demo30,3.9,2.4,7,4,3.2,1,No action,Took a short walk,stable
2026-06-18,demo30,3.5,2.3,7,3.7,4.1,1,No action,Busy timetable,stable
2026-06-19,demo30,3.5,2.8,7.9,4,4.2,1,No action,Felt supported,stable
2026-06-20,demo30,4,2,8.1,3.6,3.9,1,No action,Quiet day,stable
2026-06-21,demo30,4.4,1.1,7.7,4.3,3.7,1,No action,Steady day,stable
2026-06-22,demo30,4.2,2.3,7.1,3.8,3.4,1,No action,Deadline pressure,stable
2026-06-23,demo30,3.9,2.2,7.5,3.8,2.5,1,No action,Good peer contact,stable
2026-06-24,demo30,3.9,2.6,8.1,4.4,3.9,1,No action,Low sleep,stable
2026-06-25,demo30,3.7,2.9,7.3,4.2,3.1,1,No action,Took a short walk,stable
2026-06-26,demo30,3.7,1,7.3,3.9,4.3,1,No action,Busy timetable,stable
2026-06-27,demo30,4.3,2.2,7.6,3.7,3.7,1,No action,Felt supported,stable
2026-06-28,demo30,4.4,2.4,8.8,3.3,3.5,1,No action,Quiet day,stable
2026-06-29,demo30,4,1.3,7.8,3.8,3.8,1,No action,Steady day,stable
2026-06-30,demo30,4,1.9,8.6,4.1,4,1,No action,Deadline pressure,stable
2026-07-01,demo30,4.4,1.4,7.8,4,4.1,1,No action,Good peer contact,stable
2026-07-02,demo30,4.5,1.5,7,3.6,3.4,1,No action,Low sleep,stable
2026-07-03,demo30,4.4,1.5,6.9,4.4,4,1,No action,Took a short walk,stable
2026-07-04,demo30,3.5,1.7,7.1,3.9,3.5,1,No action,Busy timetable,stable
2026-07-05,demo30,4.6,1.2,7.2,3.7,4,1,No action,Felt supported,stable
2026-07-06,demo30,3.6,2.2,7.9,4.1,4.3,1,No action,Quiet day,stable
2026-07-07,demo30,4,1.7,6.5,3.9,4.8,1,No action,Steady day,stable
2026-07-08,demo30,3.5,2.4,7.4,3.5,3.2,1,No action,Deadline pressure,stable
2026-07-09,demo30,4.4,2.2,7,4.3,3.1,1,No action,Good peer contact,stable
2026-07-10,demo30,4.1,1.7,8.2,3.9,4.5,1,No action,Low sleep,stable
2026-07-11,demo30,4.4,1,7.3,3.9,4,1,No action,Took a short walk,stable
2026-07-12,demo30,3.8,1.2,7.8,4,3.4,1,No action,Busy timetable,stable
2026-07-13,demo30,4.5,1.6,7.4,3.8,3.5,1,No action,Felt supported,stable
2026-07-14,demo30,3.6,1.4,7.6,4.3,4.3,1,No action,Quiet day,stable
2026-07-15,demo30,3.4,2.1,7.1,3.9,3.8,1,No action,Steady day,stable
2026-07-16,demo30,3.4,1.9,8,4.6,3.8,1,No action,Deadline pressure,stable
2026-07-17,demo30,4,1.3,8.3,4,4,1,No action,Good peer contact,stable
2026-07-18,demo30,4.2,1.4,8.1,4.8,3.6,1,No action,Low sleep,stable
2026-07-19,demo30,4.8,1.4,8.2,4.2,4.6,1,No action,Took a short walk,stable
2026-07-20,demo30,4,1.7,7.7,3.7,4.5,1,No action,Busy timetable,stable
2026-07-21,demo30,3.9,2.4,7,3.3,3.9,1,No action,Felt supported,stable
2026-07-22,demo30,3.9,3.1,6.8,3.4,3.9,1,No action,Quiet day,stable
2026-07-23,demo30,3.7,1.8,7.7,3.8,4,1,No action,Steady day,stable
2026-07-24,demo30,3.8,2.1,8.2,4.2,4,1,No action,Deadline pressure,stable
2026-07-25,demo30,4,2.3,7.9,3.7,3.3,1,No action,Good peer contact,stable
2026-07-26,demo30,4.8,1.1,8.1,4.3,3.2,1,No action,Low sleep,stable
2026-07-27,demo30,3.3,3,7.6,3.3,4.1,1,No action,Took a short walk,stable
2026-07-28,demo30,3.5,1,7,4.2,4.1,1,No action,Busy timetable,stable
2026-07-29,demo30,3.4,2.6,6.9,3.4,2.5,1,No action,Felt supported,watch
2026-07-30,demo30,3.6,2.1,6.8,3.4,4.4,1,No action,Quiet day,stable
2026-07-31,demo30,3.8,1.8,8.2,4.3,3.2,1,No action,Steady day,stable
2026-08-01,demo30,3.8,1.6,7,4.1,3.5,1,No action,Deadline pressure,stable
2026-08-02,demo30,3.9,2.2,7.9,4,4.1,1,No action,Good peer contact,stable
2026-08-03,demo30,3.9,2.2,8.6,3.2,3.4,1,No action,Low sleep,stable
2026-08-04,demo30,3.6,2.5,7.7,4.3,4.7,1,No action,Took a short walk,stable
2026-08-05,demo30,3.7,2,7.7,3.9,4.4,1,No action,Busy timetable,stable
2026-08-06,demo30,3.7,1.6,7.3,4.1,4.2,1,No action,Felt supported,stable
2026-08-07,demo30,3.3,2.7,8.1,3.9,3.7,1,No action,Quiet day,stable
2026-08-08,demo30,3.9,1.6,8,3.6,4.1,1,No action,Steady day,stable
2026-08-09,demo30,3.3,2.1,8.2,3.1,4.3,1,No action,Deadline pressure,stable
2026-08-10,demo30,2.9,2.9,6.7,3.4,3.6,1,No action,Good peer contact,watch
2026-08-11,demo30,2.7,3,7.1,4,3.3,1,Gentle nudge,Low sleep,watch
2026-08-12,demo30,3.2,3.2,7.1,3.1,2.6,1,Gentle nudge,Took a short walk,elevated
2026-08-13,demo30,2.4,2.7,6.6,3.5,3.1,1,Gentle nudge,Busy timetable,elevated
2026-08-14,demo30,3.1,3.2,7.2,3.2,3.6,1,Gentle nudge,Felt supported,watch
2026-08-15,demo30,3.1,3.2,7.9,2.9,2.9,1,No action,Quiet day,elevated
2026-08-16,demo30,3.8,3.1,6.8,3.4,3.3,1,No action,Steady day,watch
2026-08-17,demo30,2.8,3,6.4,2.6,3.7,1,Gentle nudge,Deadline pressure,elevated
2026-08-18,demo30,2.7,2.7,7.5,3.5,3.5,1,No action,Good peer contact,watch
2026-08-19,demo30,3.2,2.5,7.1,3.6,3.6,1,Gentle nudge,Low sleep,stable
2026-08-20,demo30,3.4,2.2,7,3.6,3.9,1,No action,Took a short walk,stable
2026-08-21,demo30,4.2,2.8,7.7,3.6,2.8,1,No action,Busy timetable,stable
2026-08-22,demo30,3.1,2.6,8.4,4,4.7,1,No action,Felt supported,stable
2026-08-23,demo30,3,2.3,7.2,3.7,3.4,1,No action,Quiet day,stable
2026-08-24,demo30,2.6,2.3,6.3,3.4,3.1,1,No action,Steady day,watch
2026-08-25,demo30,2.7,2.2,7.4,3.5,3.4,1,No action,Deadline pressure,stable
2026-08-26,demo30,3.2,2.8,6.1,2.9,4.1,1,No action,Good peer contact,watch
2026-08-27,demo30,3.7,2.1,7.8,4.2,3.2,1,No action,Low sleep,stable
2026-08-28,demo30,3.3,1.3,7.2,3.8,3.9,1,No action,Took a short walk,stable
2026-08-29,demo30,3.4,2.9,7.7,3.9,3.6,1,No action,Busy timetable,stable
2026-08-30,demo30,2.6,2.4,6.9,4,3.1,1,No action,Felt supported,watch
2026-08-31,demo30,3.9,2.5,7,4,3.2,1,No action,Quiet day,stable
2026-09-01,demo30,3.6,2.7,7,3.1,3.5,1,No action,Steady day,stable
2026-09-02,demo30,3,2.8,6.1,4,2.8,1,No action,Deadline pressure,watch
2026-09-03,demo30,3.2,2.8,7.6,3,3,1,No action,Good peer contact,watch
2026-09-04,demo30,3.3,1.7,8.8,3.3,3.6,1,No action,Low sleep,stable
2026-09-05,demo30,3.5,2.2,7.8,3.8,3.1,1,No action,Took a short walk,stable
2026-09-06,demo30,4.1,1.7,8,4,3.8,1,No action,Busy timetable,stable
2026-09-07,demo30,3.5,2,7.5,3,3,1,No action,Felt supported,stable
2026-09-08,demo30,2.8,3.1,6.6,4.1,3.2,1,No action,Quiet day,watch
2026-09-09,demo30,3.3,2.7,6.9,3.5,3.1,1,No action,Steady day,watch
2026-09-10,demo30,3.6,2.2,7.3,3.4,4,1,No action,Deadline pressure,stable
2026-09-11,demo30,3.8,2.3,6.9,3.7,3.6,1,No action,Good peer contact,stable
2026-09-12,demo30,3.9,1.9,7.3,3.1,3.3,1,No action,Low sleep,stable
2026-09-13,demo30,4.6,2.3,7.7,3.6,3,1,No action,Took a short walk,stable
2026-09-14,demo30,3.4,2.2,7.4,2.9,3.8,1,No action,Busy timetable,stable
2026-09-15,demo30,3.1,1.5,7.8,3.5,4.1,1,No action,Felt supported,stable
2026-09-16,demo30,3.1,2.1,7.4,2.9,4,1,No action,Quiet day,stable
2026-09-17,demo30,3.7,2.8,6.8,3.4,3.4,1,No action,Steady day,stable
2026-09-18,demo30,3.6,3.1,7.1,4,3.4,1,No action,Deadline pressure,stable
2026-09-19,demo30,4.2,2.1,7.4,3.2,3.6,1,No action,Good peer contact,stable
2026-03-24,demo31,3.5,2.6,7,3.8,3.4,1,No action,Good peer contact,stable
2026-03-25,demo31,3.6,2,6.9,3.8,4.7,1,No action,Low sleep,stable
2026-03-26,demo31,3,1.7,7.2,3.5,3.4,1,No action,Took a short walk,stable
2026-03-27,demo31,3.5,3.1,6.9,3.3,3.4,1,No action,Busy timetable,watch
2026-03-28,demo31,3.3,2,7.4,3.5,3.4,1,No action,Felt supported,stable
2026-03-29,demo31,2.9,1.2,7.7,3.7,3.9,1,No action,Quiet day,stable
2026-03-30,demo31,4.4,1.8,7.5,4.2,3.1,1,No action,Steady day,stable
2026-03-31,demo31,3.2,1,7.7,4.7,3.7,1,No action,Deadline pressure,stable
2026-04-01,demo31,3.7,2.2,7.5,3.9,3.7,1,No action,Good peer contact,stable
2026-04-02,demo31,4.3,1.8,7.9,4.2,2.3,1,No action,Low sleep,stable
2026-04-03,demo31,3.9,1.9,8.4,4.5,3.1,1,No action,Took a short walk,stable
2026-04-04,demo31,4.1,2.1,6.3,3.8,4.3,1,No action,Busy timetable,stable
2026-04-05,demo31,3.7,1.6,7.5,3.1,3.5,1,No action,Felt supported,stable
2026-04-06,demo31,4,1.9,7.9,4.3,3,1,No action,Quiet day,stable
2026-04-07,demo31,4.3,1.1,8.1,3.9,3.4,1,No action,Steady day,stable
2026-04-08,demo31,4.3,2.7,7.5,3.4,3.8,1,No action,Deadline pressure,stable
2026-04-09,demo31,2.7,2.2,7,3.6,4.3,1,No action,Good peer contact,stable
2026-04-10,demo31,3.8,2.7,8.2,3.1,3.5,1,No action,Low sleep,stable
2026-04-11,demo31,3.1,2.5,7.5,3.4,3.1,1,No action,Took a short walk,watch
2026-04-12,demo31,3.7,2.1,7.7,4.1,2.7,1,No action,Busy timetable,stable
2026-04-13,demo31,3.9,2.9,7.1,3.2,2.8,1,No action,Felt supported,watch
2026-04-14,demo31,3.5,1.3,7,3.5,3.8,1,No action,Quiet day,stable
2026-04-15,demo31,3.8,2.1,7.1,3.9,4.3,1,No action,Steady day,stable
2026-04-16,demo31,3.8,1.8,7.1,3.6,3.3,1,No action,Deadline pressure,stable
2026-04-17,demo31,3.9,1.7,7,3.2,2.9,1,No action,Good peer contact,stable
2026-04-18,demo31,3.6,3,7.1,3.6,3.6,1,No action,Low sleep,stable
2026-04-19,demo31,3.4,2,7.3,3.6,3.8,1,No action,Took a short walk,stable
2026-04-20,demo31,2.9,2.2,7.2,3.6,3.3,1,No action,Busy timetable,stable
2026-04-21,demo31,4,2,7,4.3,3.9,1,No action,Felt supported,stable
2026-04-22,demo31,3.1,2.6,6.9,3.5,3.9,1,No action,Quiet day,stable
2026-04-23,demo31,2.5,2.8,6.7,2.4,2.9,1,Gentle nudge,Steady day,elevated
2026-04-24,demo31,3.1,2.5,7.1,3.8,3.1,1,No action,Deadline pressure,stable
2026-04-25,demo31,2.8,2,6.8,3,3.1,1,No action,Good peer contact,watch
2026-04-26,demo31,3.6,1.7,6.8,3.5,3.2,1,No action,Low sleep,stable
2026-04-27,demo31,4.5,1.9,5.9,3.7,3.3,1,No action,Took a short walk,stable
2026-04-28,demo31,3.9,2,6.9,3.9,3.8,1,No action,Busy timetable,stable
2026-04-29,demo31,3.4,1.6,7.1,3.6,3.1,1,No action,Felt supported,stable
2026-04-30,demo31,3.2,2.3,7.2,3.1,3.5,1,No action,Quiet day,stable
2026-05-01,demo31,3.5,2.2,7.7,3.2,3.3,1,No action,Steady day,stable
2026-05-02,demo31,3.1,2,7.3,3.4,3.3,1,No action,Deadline pressure,stable
2026-05-03,demo31,3.7,1.4,7.5,3.5,4.3,1,No action,Good peer contact,stable
2026-05-04,demo31,3.8,1.6,8.2,3.5,3.9,1,No action,Low sleep,stable
2026-05-05,demo31,4.3,2.1,7.7,4.1,3.8,1,No action,Took a short walk,stable
2026-05-06,demo31,3.9,2.2,7.9,4.2,3.6,1,No action,Busy timetable,stable
2026-05-07,demo31,3.7,2.1,7.5,4.3,4.1,1,No action,Felt supported,stable
2026-05-08,demo31,3.4,2.7,7.1,4.3,3.8,1,No action,Quiet day,stable
2026-05-09,demo31,4.1,2.6,8.2,4,3.5,1,No action,Steady day,stable
2026-05-10,demo31,4.3,1.8,8.1,3.9,4.2,1,No action,Deadline pressure,stable
2026-05-11,demo31,4.4,1.8,7.3,3.6,4,1,No action,Good peer contact,stable
2026-05-12,demo31,3.9,1.2,8.5,4,3.6,1,No action,Low sleep,stable
2026-05-13,demo31,3.7,1.9,7,4.5,3.5,1,No action,Took a short walk,stable
2026-05-14,demo31,3.9,2.2,6.9,3.4,3.5,1,No action,Busy timetable,stable
2026-05-15,demo31,3.7,2.2,7.3,3.7,4.4,1,No action,Felt supported,stable
2026-05-16,demo31,4.2,1.6,7.8,4.1,4.5,1,No action,Quiet day,stable
2026-05-17,demo31,4,1.7,8,4.3,4,1,No action,Steady day,stable
2026-05-18,demo31,4.3,1,8.2,5,3.6,1,No action,Deadline pressure,stable
2026-05-19,demo31,4.4,1.3,7.8,4.3,3.7,1,No action,Good peer contact,stable
2026-05-20,demo31,4.4,2.2,8.1,4.6,4.3,1,No action,Low sleep,stable
2026-05-21,demo31,4.5,1.7,8.2,4,4.3,1,No action,Took a short walk,stable
2026-05-22,demo31,3.4,2.2,7.9,3.7,3.2,1,No action,Busy timetable,stable
2026-05-23,demo31,4.3,1.4,7.2,4.6,3.5,1,No action,Felt supported,stable
2026-05-24,demo31,4.1,1,7.7,4.2,4.5,1,No action,Quiet day,stable
2026-05-25,demo31,4.3,2,8.5,4.1,3.7,1,No action,Steady day,stable
2026-05-26,demo31,3.8,1.6,7.8,4.1,3.6,1,No action,Deadline pressure,stable
2026-05-27,demo31,3.4,2.4,8,3.9,3.4,1,No action,Good peer contact,stable
2026-05-28,demo31,4.2,1.4,7.3,3.3,3.5,1,No action,Low sleep,stable
2026-05-29,demo31,4,2.4,7.1,3.3,3.4,1,No action,Took a short walk,stable
2026-05-30,demo31,3.9,2.7,7.2,3,3.4,1,No action,Busy timetable,stable
2026-05-31,demo31,4,1.7,7.8,3.8,3.9,1,No action,Felt supported,stable
2026-06-01,demo31,4.1,2.1,6.8,4.4,3.4,1,No action,Quiet day,stable
2026-06-02,demo31,3.6,2.2,8,3.3,4.2,1,No action,Steady day,stable
2026-06-03,demo31,3.3,2,8.1,3.5,3.3,1,No action,Deadline pressure,stable
2026-06-04,demo31,3.8,2.2,7.2,3.1,2.7,1,No action,Good peer contact,stable
2026-06-05,demo31,3.7,2.6,7.5,3.4,4,1,No action,Low sleep,stable
2026-06-06,demo31,4,2,7.6,3.2,2.9,1,No action,Took a short walk,stable
2026-06-07,demo31,4.1,1.3,7.2,3.4,4,1,No action,Busy timetable,stable
2026-06-08,demo31,4.6,1.9,7.6,3.7,4.7,1,No action,Felt supported,stable
2026-06-09,demo31,3.7,1.3,8,4.1,3.8,1,No action,Quiet day,stable
2026-06-10,demo31,4,2.2,6.3,4.2,4.3,1,No action,Steady day,stable
2026-06-11,demo31,3.6,2.5,7,3.9,3.6,1,No action,Deadline pressure,stable
2026-06-12,demo31,3,3,6.6,3.5,2.8,1,No action,Good peer contact,elevated
2026-06-13,demo31,3.1,2.9,7.4,4.5,3,1,No action,Low sleep,stable
2026-06-14,demo31,3.4,2.4,7.6,2.8,3.9,1,No action,Took a short walk,stable
2026-06-15,demo31,4,2.1,7,3.4,3.1,1,No action,Busy timetable,stable
2026-06-16,demo31,4.5,2.4,7.5,3.9,3.7,1,No action,Felt supported,stable
2026-06-17,demo31,3.3,2.8,6.3,3.4,3.2,1,No action,Quiet day,watch
2026-06-18,demo31,3,2.5,6.9,2.7,3.3,1,No action,Steady day,watch
2026-06-19,demo31,2.9,2.8,7.8,2.8,2.9,1,No action,Deadline pressure,elevated
2026-06-20,demo31,3.2,3.2,7.7,4.3,3.4,1,No action,Good peer contact,stable
2026-06-21,demo31,3.5,1.8,7.1,3.2,2.8,1,No action,Low sleep,stable
2026-06-22,demo31,3.8,2,7.8,3.8,3.6,1,No action,Took a short walk,stable
2026-06-23,demo31,3.7,1.3,7.5,3.5,2.9,1,No action,Busy timetable,stable
2026-06-24,demo31,4.1,2.6,7.1,3.3,3.1,1,No action,Felt supported,stable
2026-06-25,demo31,3.4,2.8,6.3,3.2,2.8,1,No action,Quiet day,watch
2026-06-26,demo31,3.2,2.6,7.2,4.7,2,1,No action,Steady day,watch
2026-06-27,demo31,3.9,2.1,7.1,3.5,3.9,1,No action,Deadline pressure,stable
2026-06-28,demo31,2.5,2.6,6.9,3.3,3.5,1,No action,Good peer contact,watch
2026-06-29,demo31,3.8,1.5,7.7,4.2,3.8,1,No action,Low sleep,stable
2026-06-30,demo31,3.8,2.1,7.5,3.8,4,1,No action,Took a short walk,stable
2026-07-01,demo31,3.5,1.8,7.5,3.9,4.3,1,No action,Busy timetable,stable
2026-07-02,demo31,3.8,2.6,7.4,3.5,3.6,1,No action,Felt supported,stable
2026-07-03,demo31,3.3,2.9,6.9,3.2,2.6,1,No action,Quiet day,elevated
2026-07-04,demo31,2.5,2.9,7.6,3,3.1,1,No action,Steady day,elevated
2026-07-05,demo31,3,2.1,7.1,4.2,2.8,1,No action,Deadline pressure,stable
2026-07-06,demo31,3.5,2.6,7.4,3.2,4,1,No action,Good peer contact,stable
2026-07-07,demo31,3.4,2.8,6.7,4.4,2.9,1,No action,Low sleep,stable
2026-07-08,demo31,3.3,2.4,7.3,3.3,3.5,1,No action,Took a short walk,stable
2026-07-09,demo31,3.8,2.3,7.6,3,3.1,1,No action,Busy timetable,stable
2026-07-10,demo31,3.2,2.3,7.2,3.9,4.2,1,No action,Felt supported,stable
2026-07-11,demo31,3.4,2.3,6.9,3.8,3.3,1,No action,Quiet day,stable
2026-07-12,demo31,2.9,2.5,8.1,3.5,3.7,1,No action,Steady day,stable
2026-07-13,demo31,3.8,1.8,7.2,3.2,2.9,1,No action,Deadline pressure,stable
2026-07-14,demo31,3,2.6,7.4,4.3,4.1,1,No action,Good peer contact,stable
2026-07-15,demo31,3.6,1.7,6.6,3.7,4.1,1,No action,Low sleep,stable
2026-07-16,demo31,2.6,2,7.5,3.2,3.6,1,No action,Took a short walk,stable
2026-07-17,demo31,3.3,2.2,7.5,3.9,3.8,1,No action,Busy timetable,stable
2026-07-18,demo31,3,2.1,7.6,3.5,3.3,1,No action,Felt supported,stable
2026-07-19,demo31,3.8,2.3,8.1,3.6,3,1,No action,Quiet day,stable
2026-07-20,demo31,3.8,1.3,6.5,3.4,3.7,1,No action,Steady day,stable
2026-07-21,demo31,3.7,1.6,7.9,3.8,3.5,1,No action,Deadline pressure,stable
2026-07-22,demo31,3.9,1.8,6.7,3.9,3.9,1,No action,Good peer contact,stable
2026-07-23,demo31,3.3,2.7,7.2,3.9,3.6,1,No action,Low sleep,stable
2026-07-24,demo31,3,2.8,7.2,3.9,3,1,No action,Took a short walk,watch
2026-07-25,demo31,3.1,2.9,6.7,3.3,3.2,1,No action,Busy timetable,watch
2026-07-26,demo31,3.2,2.4,8.1,3.1,3.4,1,No action,Felt supported,stable
2026-07-27,demo31,3.8,2.9,6.8,3.2,3.8,1,No action,Quiet day,stable
2026-07-28,demo31,2.7,2.4,6.2,3.1,4.6,1,Gentle nudge,Steady day,stable
2026-07-29,demo31,3.1,3.3,6.6,3.4,3.7,1,Gentle nudge,Deadline pressure,watch
2026-07-30,demo31,3.1,2.6,6.4,3.2,3,1,Gentle nudge,Good peer contact,watch
2026-07-31,demo31,2.1,3.2,7,2.6,3.1,1,Self-guided support,Low sleep,elevated
2026-08-01,demo31,2.7,3.2,6.7,3.3,2.7,1,Gentle nudge,Took a short walk,elevated
2026-08-02,demo31,2.9,3.1,6.9,3.2,3.2,1,Gentle nudge,Busy timetable,elevated
2026-08-03,demo31,3.2,3.1,7.5,2.8,3.2,1,No action,Felt supported,elevated
2026-08-04,demo31,2.7,2.9,7.1,2.8,3.8,1,Gentle nudge,Quiet day,watch
2026-08-05,demo31,2.7,2.6,6.6,2.4,3.3,1,Gentle nudge,Steady day,elevated
2026-08-06,demo31,3.3,3.1,6.2,2.9,3.5,1,Gentle nudge,Deadline pressure,watch
2026-08-07,demo31,2.4,3.5,6.7,3.4,3.3,1,Self-guided support,Good peer contact,elevated
2026-08-08,demo31,2.8,2.2,6.5,3.1,2.9,1,Gentle nudge,Low sleep,watch
2026-08-09,demo31,3,3.1,6.8,3.2,3.4,1,Gentle nudge,Took a short walk,watch
2026-08-10,demo31,2.9,2.7,6,2.8,3.8,1,No action,Busy timetable,watch
2026-08-11,demo31,2.3,3.2,7,3,2.9,1,Gentle nudge,Felt supported,elevated
2026-08-12,demo31,3.3,2.6,5.7,2.9,3.1,1,Gentle nudge,Quiet day,watch
2026-08-13,demo31,2.8,2.6,6.9,2.5,3.3,1,Gentle nudge,Steady day,elevated
2026-08-14,demo31,2.5,3.1,6.7,2.4,2.7,1,Self-guided support,Deadline pressure,elevated
2026-08-15,demo31,2.6,2.8,7.5,3.1,2.4,1,Self-guided support,Good peer contact,elevated
2026-08-16,demo31,3,3.4,6.8,3.7,2.5,1,Self-guided support,Low sleep,elevated
2026-08-17,demo31,3.4,3.3,6.3,2.6,2.3,1,Gentle nudge,Took a short walk,elevated
2026-08-18,demo31,3.3,3.5,6.6,3.4,3.3,1,Gentle nudge,Busy timetable,elevated
2026-08-19,demo31,3.2,2.8,6.7,3.2,3.1,1,No action,Felt supported,watch
2026-08-20,demo31,2.6,3.8,6.2,2.8,2.4,1,Gentle nudge,Quiet day,elevated
2026-08-21,demo31,3,3.5,6.5,2.7,2.5,1,Self-guided support,Steady day,elevated
2026-08-22,demo31,2.7,3.4,6.6,2.4,3.3,1,Gentle nudge,Deadline pressure,elevated
2026-08-23,demo31,3.9,3.3,7.4,3.3,3.1,1,No action,Good peer contact,watch
2026-08-24,demo31,3.6,2.9,7.6,2.9,3.5,1,No action,Low sleep,watch
2026-08-25,demo31,2.5,3.1,8,3,4.3,1,Gentle nudge,Took a short walk,watch
2026-08-26,demo31,3,2.9,6.8,3,2.1,1,Gentle nudge,Busy timetable,elevated
2026-08-27,demo31,2.7,2.9,6.7,3.1,3,1,Self-guided support,Felt supported,elevated
2026-08-28,demo31,1.4,3.9,6.5,3,3.7,1,Self-guided support,Quiet day,elevated
2026-08-29,demo31,2.2,4.2,6.7,2.8,3.8,1,Gentle nudge,Steady day,elevated
2026-08-30,demo31,3.5,2.4,6.8,3.7,3.4,1,No action,Deadline pressure,stable
2026-08-31,demo31,2.9,3,6.9,3.8,2.8,1,No action,Good peer contact,watch
2026-09-01,demo31,3.1,2.8,6.8,3.2,3.9,1,No action,Low sleep,watch
2026-09-02,demo31,2.7,2.6,7.7,3.6,3.7,1,No action,Took a short walk,stable
2026-09-03,demo31,3.5,2.8,6.9,3.3,3.4,1,No action,Busy timetable,stable
2026-09-04,demo31,2.9,2.4,7.3,2.8,3.4,1,No action,Felt supported,watch
2026-09-05,demo31,3.7,2.9,7.4,3.7,3.5,1,No action,Quiet day,stable
2026-09-06,demo31,3.2,1.2,6.6,3.6,3.2,1,No action,Steady day,stable
2026-09-07,demo31,4,1.6,8.1,3.6,3.3,1,No action,Deadline pressure,stable
2026-09-08,demo31,3,2,7,4,3.8,1,No action,Good peer contact,stable
2026-09-09,demo31,3.6,2.4,6.9,3.9,4.1,1,No action,Low sleep,stable
2026-09-10,demo31,3.3,2.6,6.7,2.6,3.3,1,No action,Took a short walk,watch
2026-09-11,demo31,3,3.6,6.8,3.4,3.2,1,No action,Busy timetable,elevated
2026-09-12,demo31,3.3,1.9,7.8,4.5,3.1,1,No action,Felt supported,stable
2026-09-13,demo31,3.6,2.8,6.5,3.3,3.7,1,No action,Quiet day,stable
2026-09-14,demo31,3.4,2.4,7.8,3.7,4,1,No action,Steady day,stable
2026-09-15,demo31,3.9,1.8,8.6,3.3,3.3,1,No action,Deadline pressure,stable
2026-09-16,demo31,4.1,2.3,7.6,4.6,3.8,1,No action,Good peer contact,stable
2026-09-17,demo31,3.9,2.1,8.5,3.8,4,1,No action,Low sleep,stable
2026-09-18,demo31,3.9,1.7,7.3,3.6,2.7,1,No action,Took a short walk,stable
2026-09-19,demo31,3.6,2.4,8,3.5,3.7,1,No action,Busy timetable,stable
2026-03-24,demo32,3.5,1.5,7.4,4,3.9,1,No action,Busy timetable,stable
2026-03-25,demo32,4.7,1.1,7.9,3.8,3.1,1,No action,Felt supported,stable
2026-03-26,demo32,4.6,1.7,7.3,3.8,3.6,1,No action,Quiet day,stable
2026-03-27,demo32,3.4,1.4,7.9,4.2,3.8,1,No action,Steady day,stable
2026-03-28,demo32,3.5,1.5,7.8,3.8,4.4,1,No action,Deadline pressure,stable
2026-03-29,demo32,3,2.3,6.3,3.6,3.6,1,No action,Good peer contact,stable
2026-03-30,demo32,3.2,3.1,6.8,4.1,3,1,No action,Low sleep,watch
2026-03-31,demo32,3.2,2.6,7.6,3.7,3.7,1,No action,Took a short walk,stable
2026-04-01,demo32,4,2.2,8,3.6,4.2,1,No action,Busy timetable,stable
2026-04-02,demo32,3.9,1.9,6.5,3.6,3.8,1,No action,Felt supported,stable
2026-04-03,demo32,3.8,1.4,7.4,4.2,3.8,1,No action,Quiet day,stable
2026-04-04,demo32,2.6,2.7,7.8,4,3.6,1,No action,Steady day,stable
2026-04-05,demo32,3.9,2.8,8,3,3.5,1,No action,Deadline pressure,stable
2026-04-06,demo32,3.4,2.4,7,4.2,4.2,1,No action,Good peer contact,stable
2026-04-07,demo32,3.8,2.1,6.8,3.7,3.3,1,No action,Low sleep,stable
2026-04-08,demo32,3.5,2,7.8,3.9,4,1,No action,Took a short walk,stable
2026-04-09,demo32,4,2.8,7.3,3.7,4.5,1,No action,Busy timetable,stable
2026-04-10,demo32,3.5,2.7,6.8,4.5,3.5,1,No action,Felt supported,stable
2026-04-11,demo32,3.1,2.2,6.8,3.3,3.5,1,No action,Quiet day,stable
2026-04-12,demo32,3.1,2.7,8.4,4,3.7,1,No action,Steady day,stable
2026-04-13,demo32,3.4,2.9,7.7,3.9,3.2,1,No action,Deadline pressure,stable
2026-04-14,demo32,3.4,2.4,7.9,3.4,4,1,No action,Good peer contact,stable
2026-04-15,demo32,3.8,1.3,7.6,4.2,4.9,1,No action,Low sleep,stable
2026-04-16,demo32,3.4,1.7,7.9,4.4,4.2,1,No action,Took a short walk,stable
2026-04-17,demo32,3.6,1.6,8.2,4.7,4.1,1,No action,Busy timetable,stable
2026-04-18,demo32,4.5,2.1,7.3,3.8,3,1,No action,Felt supported,stable
2026-04-19,demo32,3.6,2.1,7.4,3.5,3.5,1,No action,Quiet day,stable
2026-04-20,demo32,3.2,2.7,7,3.3,3,1,No action,Steady day,watch
2026-04-21,demo32,3.8,1.9,8,3.9,3.6,1,No action,Deadline pressure,stable
2026-04-22,demo32,4.1,1.5,7.7,3.7,2.5,1,No action,Good peer contact,stable
2026-04-23,demo32,3.7,1.3,7.2,4.1,3.7,1,No action,Low sleep,stable
2026-04-24,demo32,3.9,2,7.7,3.8,3.3,1,No action,Took a short walk,stable
2026-04-25,demo32,3.2,2.6,7.5,4,2.9,1,No action,Busy timetable,stable
2026-04-26,demo32,3.1,2.9,6.8,3.5,3.8,1,No action,Felt supported,watch
2026-04-27,demo32,3.4,2.1,7.7,3.6,4.1,1,No action,Quiet day,stable
2026-04-28,demo32,3.6,2.4,7.1,4.4,3.8,1,No action,Steady day,stable
2026-04-29,demo32,4.5,2.1,7.5,3.7,3.7,1,No action,Deadline pressure,stable
2026-04-30,demo32,3.6,2.2,7.7,4,3.2,1,No action,Good peer contact,stable
2026-05-01,demo32,4.5,2.3,7.4,4.1,3.3,1,No action,Low sleep,stable
2026-05-02,demo32,3.2,1.8,7.2,4,3.6,1,No action,Took a short walk,stable
2026-05-03,demo32,3.6,2.3,7.9,3.5,2.5,1,No action,Busy timetable,stable
2026-05-04,demo32,3.5,1.8,7.9,3.6,2.9,1,No action,Felt supported,stable
2026-05-05,demo32,3,1.9,7.9,3.7,3.2,1,No action,Quiet day,stable
2026-05-06,demo32,3.8,2.3,7,4.3,3,1,No action,Steady day,stable
2026-05-07,demo32,3.4,2.4,8.3,4.3,3.4,1,No action,Deadline pressure,stable
2026-05-08,demo32,3.1,2.6,7.4,3.7,3.9,1,No action,Good peer contact,stable
2026-05-09,demo32,3.6,2.3,8.1,3.4,3.1,1,No action,Low sleep,stable
2026-05-10,demo32,3.5,1.9,7.1,3.8,2.8,1,No action,Took a short walk,stable
2026-05-11,demo32,3.3,1.5,7.5,4,3.9,1,No action,Busy timetable,stable
2026-05-12,demo32,3.8,1.6,7.2,4.2,3.6,1,No action,Felt supported,stable
2026-05-13,demo32,4.5,2.3,7.6,4.1,3.2,1,No action,Quiet day,stable
2026-05-14,demo32,3.2,2.4,6.6,4.3,3.1,1,No action,Steady day,stable
2026-05-15,demo32,3.7,2.6,7.3,3.4,3.8,1,No action,Deadline pressure,stable
2026-05-16,demo32,4,2.4,6.9,2.9,2.9,1,No action,Good peer contact,stable
2026-05-17,demo32,3.4,1.8,7,3.5,3.4,1,No action,Low sleep,stable
2026-05-18,demo32,3.8,2.4,8.5,4.4,3.6,1,No action,Took a short walk,stable
2026-05-19,demo32,2.7,2.2,7.5,4,3.9,1,No action,Busy timetable,stable
2026-05-20,demo32,3.8,1.6,7.3,3.4,3.9,1,No action,Felt supported,stable
2026-05-21,demo32,4.1,1,7.8,3.9,3.9,1,No action,Quiet day,stable
2026-05-22,demo32,4.5,1.8,6.8,4,3.7,1,No action,Steady day,stable
2026-05-23,demo32,2.7,2.6,6.7,2.7,3,1,No action,Deadline pressure,elevated
2026-05-24,demo32,2.9,2.3,6.4,3.7,3.5,1,No action,Good peer contact,stable
2026-05-25,demo32,3.4,1.9,6.5,3.2,3.3,1,No action,Low sleep,stable
2026-05-26,demo32,3.2,2.6,7,2.9,3.7,1,No action,Took a short walk,watch
2026-05-27,demo32,3.8,2.6,8,3.5,2.7,1,No action,Busy timetable,stable
2026-05-28,demo32,3.6,2.1,7.4,3.6,4,1,No action,Felt supported,stable
2026-05-29,demo32,4,2,7.6,4,3.3,1,No action,Quiet day,stable
2026-05-30,demo32,3,2.4,7.4,3.1,4.3,1,No action,Steady day,stable
2026-05-31,demo32,3.2,2.5,6.8,2.7,3.3,1,No action,Deadline pressure,watch
2026-06-01,demo32,2.8,1.9,6.9,4.2,3.6,1,No action,Good peer contact,stable
2026-06-02,demo32,3.7,2.3,7.8,3.2,3.9,1,No action,Low sleep,stable
2026-06-03,demo32,4.2,1.3,8.1,3.3,3.8,1,No action,Took a short walk,stable
2026-06-04,demo32,4.4,1.8,7.8,4.5,3.7,1,No action,Busy timetable,stable
2026-06-05,demo32,4.2,2.4,7,2.9,4,1,No action,Felt supported,stable
2026-06-06,demo32,3.6,2.7,7.3,3.4,3.2,1,No action,Quiet day,stable
2026-06-07,demo32,2.8,3.1,6.8,3.6,4,1,No action,Steady day,watch
2026-06-08,demo32,2.9,2.7,7.5,3.3,3.7,1,No action,Deadline pressure,watch
2026-06-09,demo32,3.6,2.1,7.1,3.8,4.4,1,No action,Good peer contact,stable
2026-06-10,demo32,3.7,2.4,8,3.5,3.9,1,No action,Low sleep,stable
2026-06-11,demo32,4.6,2.3,8.2,4.1,3.7,1,No action,Took a short walk,stable
2026-06-12,demo32,3.8,2.5,6.9,3.6,4,1,No action,Busy timetable,stable
2026-06-13,demo32,3.4,2.3,7,4.3,3.6,1,No action,Felt supported,stable
2026-06-14,demo32,3.2,2.8,6.7,3.7,3.6,1,No action,Quiet day,stable
2026-06-15,demo32,3,2.7,8.1,3.1,3.1,1,No action,Steady day,watch
2026-06-16,demo32,3.6,1.4,7.6,3.9,4.3,1,No action,Deadline pressure,stable
2026-06-17,demo32,4.3,1.3,8.4,4,4.3,1,No action,Good peer contact,stable
2026-06-18,demo32,4.5,1.8,7,4.6,3.8,1,No action,Low sleep,stable
2026-06-19,demo32,3.7,2.2,8,4.2,3.4,1,No action,Took a short walk,stable
2026-06-20,demo32,3.2,2.1,7.3,4.5,4.1,1,No action,Busy timetable,stable
2026-06-21,demo32,4.6,1.6,7.7,4.4,3.9,1,No action,Felt supported,stable
2026-06-22,demo32,4,2,7.7,4,3.2,1,No action,Quiet day,stable
2026-06-23,demo32,4.3,2.2,7.4,3.9,3.4,1,No action,Steady day,stable
2026-06-24,demo32,4.5,1.4,7.4,3.8,4.2,1,No action,Deadline pressure,stable
2026-06-25,demo32,4.3,1.9,8.4,4.7,4.5,1,No action,Good peer contact,stable
2026-06-26,demo32,3.8,1.2,7.8,4.3,4.2,1,No action,Low sleep,stable
2026-06-27,demo32,3.3,2.4,7,3.9,4,1,No action,Took a short walk,stable
2026-06-28,demo32,3.8,1.6,7.9,4,3.4,1,No action,Busy timetable,stable
2026-06-29,demo32,3.6,1.6,8.3,4.1,3.3,1,No action,Felt supported,stable
2026-06-30,demo32,3.9,2.2,7.7,3.2,2.9,1,No action,Quiet day,stable
2026-07-01,demo32,4,2,7.9,3.6,3.9,1,No action,Steady day,stable
2026-07-02,demo32,3.8,1.3,8.4,3.5,4.2,1,No action,Deadline pressure,stable
2026-07-03,demo32,4.6,1.9,7.6,3.6,3.6,1,No action,Good peer contact,stable
2026-07-04,demo32,3.5,2.2,7.8,3.9,4.4,1,No action,Low sleep,stable
2026-07-05,demo32,3.5,1.9,6.8,3.4,4.2,1,No action,Took a short walk,stable
2026-07-06,demo32,3.6,1.7,7.3,3.7,3.1,1,No action,Busy timetable,stable
2026-07-07,demo32,3.6,2.2,7.3,3.7,3.6,1,No action,Felt supported,stable
2026-07-08,demo32,4.2,1.9,6.9,4.1,4.4,1,No action,Quiet day,stable
2026-07-09,demo32,4.1,1.8,8.1,3.8,3.5,1,No action,Steady day,stable
2026-07-10,demo32,4.5,2.3,6.4,4.8,3.9,1,No action,Deadline pressure,stable
2026-07-11,demo32,3.6,2.3,7.5,3.7,4.2,1,No action,Good peer contact,stable
2026-07-12,demo32,3.1,2.1,6.3,2.7,3.4,1,No action,Low sleep,watch
2026-07-13,demo32,3.1,3,8,3.4,3.1,1,No action,Took a short walk,watch
2026-07-14,demo32,4.1,2.2,7.4,3.8,3.2,1,No action,Busy timetable,stable
2026-07-15,demo32,3.7,1.2,8.1,4.1,4.1,1,No action,Felt supported,stable
2026-07-16,demo32,3.7,1.5,7.5,3.8,4.1,1,No action,Quiet day,stable
2026-07-17,demo32,4.3,1.7,8.1,3.7,3.9,1,No action,Steady day,stable
2026-07-18,demo32,3.6,1.6,7.3,2.6,3,1,No action,Deadline pressure,stable
2026-07-19,demo32,3.1,2.1,7.3,3.9,3.4,1,No action,Good peer contact,stable
2026-07-20,demo32,4,1.7,7.9,3.8,4.4,1,No action,Low sleep,stable
2026-07-21,demo32,4.3,1.1,7.1,3.8,3.1,1,No action,Took a short walk,stable
2026-07-22,demo32,4.6,1.2,7.5,3.9,4.3,1,No action,Busy timetable,stable
2026-07-23,demo32,4.6,1.8,7.5,4.1,3.5,1,No action,Felt supported,stable
2026-07-24,demo32,4.2,1.4,7.4,2.9,3.4,1,No action,Quiet day,stable
2026-07-25,demo32,3.5,2.8,7.4,3.9,3.1,1,No action,Steady day,stable
2026-07-26,demo32,3.5,2.4,7.4,3.8,4.4,1,No action,Deadline pressure,stable
2026-07-27,demo32,3.3,2.2,7.1,3.8,2.7,1,No action,Good peer contact,stable
2026-07-28,demo32,3.1,2.4,6.9,3.1,3.2,1,No action,Low sleep,watch
2026-07-29,demo32,3.2,2.4,7.9,3.1,3.1,1,No action,Took a short walk,watch
2026-07-30,demo32,4,3.2,6.9,3.5,4.4,1,No action,Busy timetable,stable
2026-07-31,demo32,3.3,2.5,6.6,2.7,3.7,1,No action,Felt supported,watch
2026-08-01,demo32,3.1,2,6.7,3.5,4.1,1,No action,Quiet day,stable
2026-08-02,demo32,3.7,2.9,6.7,2.6,3.1,1,No action,Steady day,watch
2026-08-03,demo32,3.1,2.5,6.7,3.2,4.1,1,No action,Deadline pressure,stable
2026-08-04,demo32,3.3,2.5,7.2,2.5,3.8,1,No action,Good peer contact,watch
2026-08-05,demo32,3.6,3.1,7.3,3.9,3.2,1,No action,Low sleep,stable
2026-08-06,demo32,3.2,3.6,7.2,3.3,3.7,1,No action,Took a short walk,watch
2026-08-07,demo32,3.4,2.1,7.5,3.6,4,1,No action,Busy timetable,stable
2026-08-08,demo32,2.9,3,7.5,3.3,2.5,1,Gentle nudge,Felt supported,elevated
2026-08-09,demo32,2.5,3.1,7.2,2.5,3.3,1,Gentle nudge,Quiet day,elevated
2026-08-10,demo32,3.2,3.9,6.6,2.5,3,1,Gentle nudge,Steady day,elevated
2026-08-11,demo32,2.9,2.5,7,3.2,2.5,1,Gentle nudge,Deadline pressure,elevated
2026-08-12,demo32,3.1,3,6.9,3.4,3.3,1,No action,Good peer contact,watch
2026-08-13,demo32,3.8,2.4,7.3,3.3,2.7,1,No action,Low sleep,stable
2026-08-14,demo32,3.1,2.2,6.9,4,3.2,1,No action,Took a short walk,stable
2026-08-15,demo32,4.1,2.4,7,3.4,2.9,1,No action,Busy timetable,stable
2026-08-16,demo32,3,2.2,6.8,3.4,2.4,1,No action,Felt supported,watch
2026-08-17,demo32,2.5,1.8,6.6,3.8,3.7,1,No action,Quiet day,stable
2026-08-18,demo32,3.4,3,7.2,3.6,4.3,1,No action,Steady day,stable
2026-08-19,demo32,3.7,1.7,7.8,3.6,2.8,1,No action,Deadline pressure,stable
2026-08-20,demo32,3.7,2.4,7.3,3,3.7,1,No action,Good peer contact,stable
2026-08-21,demo32,3,2.5,8.1,4.1,2.8,1,No action,Low sleep,stable
2026-08-22,demo32,3.7,1.9,7,4.2,3.4,1,No action,Took a short walk,stable
2026-08-23,demo32,3.8,2.7,6.8,3.4,3,1,No action,Busy timetable,stable
2026-08-24,demo32,3.7,2.2,6.9,4.4,3.7,1,No action,Felt supported,stable
2026-08-25,demo32,3.1,2.1,7.6,3.5,4.1,1,No action,Quiet day,stable
2026-08-26,demo32,3.4,2.3,7.5,3.9,4.3,1,No action,Steady day,stable
2026-08-27,demo32,3.6,2.3,7.5,3,4.4,1,No action,Deadline pressure,stable
2026-08-28,demo32,3.6,2,8,3.9,2.7,1,No action,Good peer contact,stable
2026-08-29,demo32,3.9,2,7.2,4,3.4,1,No action,Low sleep,stable
2026-08-30,demo32,3.6,2.2,7.2,3.7,3.4,1,No action,Took a short walk,stable
2026-08-31,demo32,3.6,3.6,6.7,3.6,3.9,1,No action,Busy timetable,watch
2026-09-01,demo32,2.9,1.7,7.7,3.9,3.8,1,No action,Felt supported,stable
2026-09-02,demo32,3.6,2.4,7.9,4.1,3.6,1,No action,Quiet day,stable
2026-09-03,demo32,4.3,2,8.2,4.5,3.6,1,No action,Steady day,stable
2026-09-04,demo32,4.1,2.2,8.1,3.9,3.6,1,No action,Deadline pressure,stable
2026-09-05,demo32,3.8,2,7.7,3.7,3.6,1,No action,Good peer contact,stable
2026-09-06,demo32,4.5,2.4,7.2,2.6,3.1,1,No action,Low sleep,stable
2026-09-07,demo32,3.2,2.6,6.9,3.3,3.2,1,No action,Took a short walk,watch
2026-09-08,demo32,3.1,2.6,8,3.5,3.5,1,No action,Busy timetable,stable
2026-09-09,demo32,4.2,2.2,6.9,3.4,3.2,1,No action,Felt supported,stable
2026-09-10,demo32,4.2,1.9,6.8,4.3,4.2,1,No action,Quiet day,stable
2026-09-11,demo32,3.3,2.2,7.5,3.5,3.9,1,No action,Steady day,stable
2026-09-12,demo32,3.5,2.3,7.6,3.8,3.4,1,No action,Deadline pressure,stable
2026-09-13,demo32,2.8,2.6,7.1,3.3,3.8,1,No action,Good peer contact,watch
2026-09-14,demo32,3.5,2.1,7.6,3.6,4,1,No action,Low sleep,stable
2026-09-15,demo32,4,1.8,7.3,3.3,3.9,1,No action,Took a short walk,stable
2026-09-16,demo32,4.2,1.3,7.4,4.2,3.9,1,No action,Busy timetable,stable
2026-09-17,demo32,3,2,8.2,3.6,3.6,1,No action,Felt supported,stable
2026-09-18,demo32,3.7,1.9,7.1,3.8,3.8,1,No action,Quiet day,stable
2026-09-19,demo32,3.7,2,7.2,4.3,3.3,1,No action,Steady day,stable
2026-03-24,demo33,3.1,2.8,7.8,3.7,3,1,No action,Steady day,watch
2026-03-25,demo33,3.3,1.8,7.4,3.6,3.1,1,No action,Deadline pressure,stable
2026-03-26,demo33,4.2,2.2,7.6,3.7,3.6,1,No action,Good peer contact,stable
2026-03-27,demo33,3.6,3.1,6.6,3.3,3.3,1,No action,Low sleep,watch
2026-03-28,demo33,3.6,3.1,7.3,3.4,3.1,1,No action,Took a short walk,watch
2026-03-29,demo33,2.8,2.4,6,3.7,2.9,1,No action,Busy timetable,watch
2026-03-30,demo33,3,2.2,7.3,3,3.7,1,No action,Felt supported,stable
2026-03-31,demo33,3.5,2.7,7.6,3.9,3.6,1,No action,Quiet day,stable
2026-04-01,demo33,3.8,2.7,7.7,3,3.8,1,No action,Steady day,stable
2026-04-02,demo33,3.1,2.9,7.3,3.5,2.8,1,No action,Deadline pressure,watch
2026-04-03,demo33,2.8,2.6,7,3.1,4.3,1,No action,Good peer contact,stable
2026-04-04,demo33,4,3.2,7,4.1,3.5,1,No action,Low sleep,stable
2026-04-05,demo33,3.6,2.1,7.1,3.4,3.2,1,No action,Took a short walk,stable
2026-04-06,demo33,3.6,2.4,7.2,4,3,1,No action,Busy timetable,stable
2026-04-07,demo33,4.3,2.2,6.8,3.8,4.2,1,No action,Felt supported,stable
2026-04-08,demo33,3.2,1.7,7.1,3.4,3.8,1,No action,Quiet day,stable
2026-04-09,demo33,3.3,1.8,7.6,3.9,3.1,1,No action,Steady day,stable
2026-04-10,demo33,3.7,1.9,7.1,3.9,3.6,1,No action,Deadline pressure,stable
2026-04-11,demo33,3.7,1.9,7.3,3.2,3.6,1,No action,Good peer contact,stable
2026-04-12,demo33,4.5,2.2,7.2,4.3,3.3,1,No action,Low sleep,stable
2026-04-13,demo33,3.3,2,7.7,3.5,2.8,1,No action,Took a short walk,stable
2026-04-14,demo33,4.8,1.3,6.9,4.3,4,1,No action,Busy timetable,stable
2026-04-15,demo33,3.2,1.5,8,4.5,4.4,1,No action,Felt supported,stable
2026-04-16,demo33,3,2,7.5,4.4,3.2,1,No action,Quiet day,stable
2026-04-17,demo33,3.6,1.8,7.7,3.6,3.4,1,No action,Steady day,stable
2026-04-18,demo33,3.7,2.7,6.5,3.9,4,1,No action,Deadline pressure,stable
2026-04-19,demo33,3.3,2.6,6.5,3.2,3.1,1,No action,Good peer contact,watch
2026-04-20,demo33,3.2,1.6,7,3.5,3.6,1,No action,Low sleep,stable
2026-04-21,demo33,3.6,2.2,7,3.9,3.3,1,No action,Took a short walk,stable
2026-04-22,demo33,3,1.9,7.1,4.2,4,1,No action,Busy timetable,stable
2026-04-23,demo33,3.7,2.5,6.8,3.6,3.6,1,No action,Felt supported,stable
2026-04-24,demo33,2.9,2.5,7.1,3.3,3.7,1,No action,Quiet day,stable
2026-04-25,demo33,3.6,2.9,6.5,2.9,4,1,No action,Steady day,stable
2026-04-26,demo33,3.5,3,6.7,2.9,3.6,1,No action,Deadline pressure,watch
2026-04-27,demo33,3.4,2.8,6.9,3.2,3.5,1,No action,Good peer contact,watch
2026-04-28,demo33,3.5,1.8,8.5,3.9,2.8,1,No action,Low sleep,stable
2026-04-29,demo33,3.5,2.7,8,3.7,3.5,1,No action,Took a short walk,stable
2026-04-30,demo33,3.4,1.9,7.6,3.5,3.3,1,No action,Busy timetable,stable
2026-05-01,demo33,3,2.8,6.6,3.4,2.8,1,No action,Felt supported,watch
2026-05-02,demo33,3.2,3.1,6.4,3.4,2.4,1,No action,Quiet day,elevated
2026-05-03,demo33,2.8,3.1,7,3.5,2.8,1,No action,Steady day,elevated
2026-05-04,demo33,3.6,2.3,7.1,3.9,3.8,1,No action,Deadline pressure,stable
2026-05-05,demo33,3.7,2,6.9,3.4,3.5,1,No action,Good peer contact,stable
2026-05-06,demo33,3.1,2.1,6.6,3.3,3.7,1,No action,Low sleep,stable
2026-05-07,demo33,3.2,2.7,7.4,4.3,3.6,1,No action,Took a short walk,stable
2026-05-08,demo33,2.6,3.1,7.2,3.5,3.6,1,No action,Busy timetable,watch
2026-05-09,demo33,2.9,2.7,6.5,3.1,2.6,1,Gentle nudge,Felt supported,elevated
2026-05-10,demo33,3.6,3,6.2,3.2,3,1,Gentle nudge,Quiet day,watch
2026-05-11,demo33,2.8,2.9,6.7,3.5,3.1,1,No action,Steady day,watch
2026-05-12,demo33,3.8,2.3,7.7,3.6,2.8,1,No action,Deadline pressure,stable
2026-05-13,demo33,4,2.2,7.5,3.5,3.3,1,No action,Good peer contact,stable
2026-05-14,demo33,3,2.4,7.1,3.3,3.3,1,No action,Low sleep,watch
2026-05-15,demo33,2.4,3,7.5,3.5,4.1,1,Gentle nudge,Took a short walk,watch
2026-05-16,demo33,2.8,2.6,6.4,3.5,3,1,Gentle nudge,Busy timetable,watch
2026-05-17,demo33,2.6,2.1,6.8,2.7,3.8,1,No action,Felt supported,watch
2026-05-18,demo33,2.9,2.7,7.3,3.7,4.1,1,No action,Quiet day,stable
2026-05-19,demo33,4.1,3,7.4,3.8,3.1,1,No action,Steady day,stable
2026-05-20,demo33,4,2.6,6.9,3.8,3.1,1,No action,Deadline pressure,stable
2026-05-21,demo33,3.3,2.5,6.7,3.6,4.1,1,No action,Good peer contact,stable
2026-05-22,demo33,3.5,3.1,7.6,3.4,3.2,1,No action,Low sleep,watch
2026-05-23,demo33,3.5,2.8,7.4,3,3.4,1,No action,Took a short walk,watch
2026-05-24,demo33,3,2.6,6.7,3.4,2.9,1,Gentle nudge,Busy timetable,watch
2026-05-25,demo33,3,2.7,6.8,3.3,3.9,1,No action,Felt supported,stable
2026-05-26,demo33,3.8,2.3,7.5,4.2,3.7,1,No action,Quiet day,stable
2026-05-27,demo33,4.4,2.3,8.1,3.8,3.8,1,No action,Steady day,stable
2026-05-28,demo33,4.8,2,7.1,4.1,3.9,1,No action,Deadline pressure,stable
2026-05-29,demo33,3.6,1.1,8.1,3.1,3.7,1,No action,Good peer contact,stable
2026-05-30,demo33,3.7,1.6,7.2,4.2,3.9,1,No action,Low sleep,stable
2026-05-31,demo33,3.8,1.6,7.2,3.8,3.3,1,No action,Took a short walk,stable
2026-06-01,demo33,3.5,2.8,7.2,4.5,2.9,1,No action,Busy timetable,stable
2026-06-02,demo33,4.3,1.7,8,4.9,2.8,1,No action,Felt supported,stable
2026-06-03,demo33,3.2,2.1,7.1,3.9,3.8,1,No action,Quiet day,stable
2026-06-04,demo33,3.8,1.7,8,3.8,3.5,1,No action,Steady day,stable
2026-06-05,demo33,3.6,2.7,7.9,3.6,3.4,1,No action,Deadline pressure,stable
2026-06-06,demo33,3.3,1.9,7.4,3,2.5,1,No action,Good peer contact,watch
2026-06-07,demo33,4.3,2.1,7,3.7,3.7,1,No action,Low sleep,stable
2026-06-08,demo33,3.4,1.9,6.6,4.1,2.5,1,No action,Took a short walk,stable
2026-06-09,demo33,3.1,1.8,7.9,4,3.3,1,No action,Busy timetable,stable
2026-06-10,demo33,4.2,1.9,7.2,4.2,3.9,1,No action,Felt supported,stable
2026-06-11,demo33,4.7,2.9,7.6,4.3,5,1,No action,Quiet day,stable
2026-06-12,demo33,3.4,2,6.6,3,3.8,1,No action,Steady day,stable
2026-06-13,demo33,3.5,2.9,7.4,3.8,3.5,1,No action,Deadline pressure,stable
2026-06-14,demo33,3.7,2,7,3.8,3.1,1,No action,Good peer contact,stable
2026-06-15,demo33,3.4,2.9,7.1,4,3.4,1,No action,Low sleep,stable
2026-06-16,demo33,3.9,2.5,7.3,4.1,3.9,1,No action,Took a short walk,stable
2026-06-17,demo33,4.1,2,8.3,3.9,4.3,1,No action,Busy timetable,stable
2026-06-18,demo33,2.7,2.4,7.3,4.4,3.7,1,No action,Felt supported,stable
2026-06-19,demo33,3.9,1.5,7.8,3.4,3.8,1,No action,Quiet day,stable
2026-06-20,demo33,3.9,2,6.6,4.6,3.4,1,No action,Steady day,stable
2026-06-21,demo33,3.5,2.3,7.5,4.3,3.4,1,No action,Deadline pressure,stable
2026-06-22,demo33,4.1,1.3,7.4,3.1,3.6,1,No action,Good peer contact,stable
2026-06-23,demo33,4.1,1,7.7,4.4,4.6,1,No action,Low sleep,stable
2026-06-24,demo33,4.4,1.6,7.2,4,4.2,1,No action,Took a short walk,stable
2026-06-25,demo33,4.3,2.3,7.9,4.6,4.1,1,No action,Busy timetable,stable
2026-06-26,demo33,4.7,1.3,7.9,4.5,3.9,1,No action,Felt supported,stable
2026-06-27,demo33,3.2,2.3,8.2,4.3,4,1,No action,Quiet day,stable
2026-06-28,demo33,3.7,2.1,7.1,4,3.3,1,No action,Steady day,stable
2026-06-29,demo33,4.1,2,7.4,4,3.8,1,No action,Deadline pressure,stable
2026-06-30,demo33,3.5,1.2,8.3,3.7,3.8,1,No action,Good peer contact,stable
2026-07-01,demo33,3.7,1.4,7.3,3.9,3.4,1,No action,Low sleep,stable
2026-07-02,demo33,3.8,2.6,7.7,3.7,4.2,1,No action,Took a short walk,stable
2026-07-03,demo33,4,1.9,8.3,3.5,4.3,1,No action,Busy timetable,stable
2026-07-04,demo33,3.3,2.4,8.3,4.2,3,1,No action,Felt supported,stable
2026-07-05,demo33,4.1,1.6,7,3.8,4.1,1,No action,Quiet day,stable
2026-07-06,demo33,4.4,1.7,8,4.3,3,1,No action,Steady day,stable
2026-07-07,demo33,4.4,1.4,8.3,4.5,3.4,1,No action,Deadline pressure,stable
2026-07-08,demo33,4.2,1.9,8,3.9,4,1,No action,Good peer contact,stable
2026-07-09,demo33,3.2,1.3,7.4,4.7,3.3,1,No action,Low sleep,stable
2026-07-10,demo33,4,2.5,8.2,3.9,4.5,1,No action,Took a short walk,stable
2026-07-11,demo33,3.6,1.6,7.8,3.2,2.9,1,No action,Busy timetable,stable
2026-07-12,demo33,3.5,2.7,6.9,3.3,3.6,1,No action,Felt supported,stable
2026-07-13,demo33,3.5,2.3,7.2,3.9,3.6,1,No action,Quiet day,stable
2026-07-14,demo33,3.6,2.2,7.5,3.3,3.6,1,No action,Steady day,stable
2026-07-15,demo33,3.4,1.4,7.5,4.1,2.9,1,No action,Deadline pressure,stable
2026-07-16,demo33,3.3,2,7.1,4.3,3,1,No action,Good peer contact,stable
2026-07-17,demo33,3.1,2.6,6.9,4.1,3.2,1,No action,Low sleep,stable
2026-07-18,demo33,3.4,3.2,7.1,3.9,2.6,1,No action,Took a short walk,watch
2026-07-19,demo33,3.5,2,7.5,4,3.9,1,No action,Busy timetable,stable
2026-07-20,demo33,3.2,2.8,7.2,4.1,3,1,No action,Felt supported,stable
2026-07-21,demo33,3.3,2.2,7.4,4.2,4.4,1,No action,Quiet day,stable
2026-07-22,demo33,4.4,2,7.7,3.5,3.6,1,No action,Steady day,stable
2026-07-23,demo33,3.9,1.9,8,3.7,3.5,1,No action,Deadline pressure,stable
2026-07-24,demo33,2.8,2.7,7.1,2.8,3.7,1,No action,Good peer contact,watch
2026-07-25,demo33,3,2.9,6.8,3.2,3.5,1,No action,Low sleep,watch
2026-07-26,demo33,3.1,3.3,6.8,3.6,3.5,1,No action,Took a short walk,watch
2026-07-27,demo33,3.8,2.3,6.2,3,2.8,1,No action,Busy timetable,stable
2026-07-28,demo33,2.7,3.4,7.2,3.5,3.1,1,No action,Felt supported,elevated
2026-07-29,demo33,3.8,2,7.3,4.1,3.9,1,No action,Quiet day,stable
2026-07-30,demo33,2.9,2.1,7.5,3.2,3.7,1,No action,Steady day,stable
2026-07-31,demo33,4,2.4,7.2,3.6,3.1,1,No action,Deadline pressure,stable
2026-08-01,demo33,3.3,2.7,8.1,3.3,3.5,1,No action,Good peer contact,stable
2026-08-02,demo33,3.6,2.6,6.9,3.4,3.2,1,Gentle nudge,Low sleep,stable
2026-08-03,demo33,3.5,3.2,6.4,3,3.3,1,No action,Took a short walk,watch
2026-08-04,demo33,3.2,2.2,7.5,4.4,3.6,1,No action,Busy timetable,stable
2026-08-05,demo33,2.9,2.4,6.2,4.1,3.9,1,No action,Felt supported,stable
2026-08-06,demo33,4,1.5,8.8,4.2,2.6,1,No action,Quiet day,stable
2026-08-07,demo33,4.2,2.3,9,4.1,2.6,1,No action,Steady day,stable
2026-08-08,demo33,3.7,2,6.8,3.5,4,1,No action,Deadline pressure,stable
2026-08-09,demo33,2.9,2.1,6.9,3.1,4.1,1,No action,Good peer contact,stable
2026-08-10,demo33,3.6,2,7.8,3.3,4.1,1,No action,Low sleep,stable
2026-08-11,demo33,3.4,1.8,8,3.6,3.6,1,No action,Took a short walk,stable
2026-08-12,demo33,3.9,2.2,7,4,3.9,1,No action,Busy timetable,stable
2026-08-13,demo33,2.8,1.7,6.9,3.5,4.2,1,No action,Felt supported,stable
2026-08-14,demo33,3.1,1.8,6.9,3.1,3.2,1,No action,Quiet day,stable
2026-08-15,demo33,3.6,2.2,5.9,3.6,3.7,1,No action,Steady day,stable
2026-08-16,demo33,3.2,2.4,6.8,4.1,3.2,1,No action,Deadline pressure,stable
2026-08-17,demo33,3.2,2.7,7.1,3.3,3.5,1,No action,Good peer contact,watch
2026-08-18,demo33,3.5,2.9,6.9,3.5,3.6,1,No action,Low sleep,stable
2026-08-19,demo33,3.5,2.2,7.8,2.5,2.9,1,No action,Took a short walk,watch
2026-08-20,demo33,3.5,2.5,6.5,3.2,3.1,1,No action,Busy timetable,watch
2026-08-21,demo33,2.6,2.6,7.3,3.3,2.7,1,No action,Felt supported,elevated
2026-08-22,demo33,1.8,2.5,6.9,2.8,2.3,1,No action,Quiet day,elevated
2026-08-23,demo33,3.5,2.7,6.6,3.3,3.7,1,Gentle nudge,Steady day,stable
2026-08-24,demo33,2.8,3,8.4,2.9,3.2,1,No action,Deadline pressure,elevated
2026-08-25,demo33,3.6,2.2,7.1,4,4,1,No action,Good peer contact,stable
2026-08-26,demo33,4,1.4,7.6,3.9,4,1,No action,Low sleep,stable
2026-08-27,demo33,3.3,2.2,6.5,3.9,4.3,1,No action,Took a short walk,stable
2026-08-28,demo33,2.7,3,7.4,3.3,3.2,1,No action,Busy timetable,elevated
2026-08-29,demo33,3.3,2.7,7.3,3.1,3.2,1,No action,Felt supported,watch
2026-08-30,demo33,3.2,2.8,8.3,3.6,3.7,1,No action,Quiet day,stable
2026-08-31,demo33,3.3,3.4,7,3.4,2.4,1,No action,Steady day,elevated
2026-09-01,demo33,3.6,2.6,7.5,3.2,3.3,1,No action,Deadline pressure,stable
2026-09-02,demo33,3.5,2,8.2,3.1,3.1,1,No action,Good peer contact,stable
2026-09-03,demo33,4.2,2.6,7.2,3.2,3.5,1,No action,Low sleep,stable
2026-09-04,demo33,3.7,1.9,7.4,3.8,3.7,1,No action,Took a short walk,stable
2026-09-05,demo33,3,2.3,7.3,3.7,3.9,1,No action,Busy timetable,stable
2026-09-06,demo33,3.5,1.8,6.3,3.4,4.5,1,No action,Felt supported,stable
2026-09-07,demo33,3.8,1,8.1,3.2,4,1,No action,Quiet day,stable
2026-09-08,demo33,4,1.3,8,4.2,3.7,1,No action,Steady day,stable
2026-09-09,demo33,3.6,1.9,6.9,4.5,2.5,1,No action,Deadline pressure,stable
2026-09-10,demo33,3.6,2,7.5,3.7,3.7,1,No action,Good peer contact,stable
2026-09-11,demo33,2.8,2.6,8.2,3.4,3.5,1,No action,Low sleep,watch
2026-09-12,demo33,3.6,2.4,7.5,3.3,3.4,1,No action,Took a short walk,stable
2026-09-13,demo33,4,2.7,8,3.1,3.9,1,No action,Busy timetable,stable
2026-09-14,demo33,3.1,2.6,7.2,4.2,3,1,No action,Felt supported,stable
2026-09-15,demo33,3.8,1.7,8.5,3.7,3.2,1,No action,Quiet day,stable
2026-09-16,demo33,4,2.4,7.1,3.6,3.8,1,No action,Steady day,stable
2026-09-17,demo33,4.2,1.7,7.5,4.1,4.1,1,No action,Deadline pressure,stable
2026-09-18,demo33,3.4,2.7,7.2,3.7,3.1,1,No action,Good peer contact,stable
2026-09-19,demo33,3.4,3.2,6.8,2.6,4.5,1,No action,Low sleep,watch
2026-03-24,demo34,3.6,2.1,7.2,2.4,3.2,1,No action,Low sleep,stable
2026-03-25,demo34,3.6,3,7.2,4.1,2.8,1,No action,Took a short walk,stable
2026-03-26,demo34,3.4,3.1,7,3.4,3.1,1,No action,Busy timetable,watch
2026-03-27,demo34,3.6,2.4,7.4,3.2,3,1,No action,Felt supported,stable
2026-03-28,demo34,3.3,2.1,7.6,3.8,3.4,1,No action,Quiet day,stable
2026-03-29,demo34,4.2,2.1,8.6,3.2,4.1,1,No action,Steady day,stable
2026-03-30,demo34,4,1.5,7.9,4.1,4.4,1,No action,Deadline pressure,stable
2026-03-31,demo34,3.4,2.2,7.6,4.1,3.2,1,No action,Good peer contact,stable
2026-04-01,demo34,4.2,2.3,7.8,3.9,3.8,1,No action,Low sleep,stable
2026-04-02,demo34,3.5,1.9,6.2,3.3,2.3,1,No action,Took a short walk,stable
2026-04-03,demo34,3.6,2,7.5,3.5,3.4,1,No action,Busy timetable,stable
2026-04-04,demo34,3.4,2.3,7.7,4.6,4.5,1,No action,Felt supported,stable
2026-04-05,demo34,3.3,2.2,7.5,3.7,4.3,1,No action,Quiet day,stable
2026-04-06,demo34,2.8,2.7,7.6,4,4,1,No action,Steady day,stable
2026-04-07,demo34,3.2,2.4,6.6,3.1,3.4,1,No action,Deadline pressure,watch
2026-04-08,demo34,3,2.6,6.5,4,3.5,1,No action,Good peer contact,stable
2026-04-09,demo34,2.6,3.2,6.9,3.4,4.1,1,Gentle nudge,Low sleep,watch
2026-04-10,demo34,3.5,2.9,6.9,3.6,4.2,1,No action,Took a short walk,stable
2026-04-11,demo34,3.2,2.2,7.7,3.5,3.7,1,No action,Busy timetable,stable
2026-04-12,demo34,3.4,2.1,6.4,3.9,4.1,1,No action,Felt supported,stable
2026-04-13,demo34,3,2.8,7.2,3.4,3.2,1,No action,Quiet day,watch
2026-04-14,demo34,3.7,3.3,7.3,2.5,3.2,1,Gentle nudge,Steady day,elevated
2026-04-15,demo34,3.1,2.7,7.3,3.1,3.1,1,No action,Deadline pressure,watch
2026-04-16,demo34,3.1,1.8,7.1,2.6,3,1,No action,Good peer contact,watch
2026-04-17,demo34,3.3,1.4,7.2,3.2,4.3,1,No action,Low sleep,stable
2026-04-18,demo34,3.3,2.6,7.4,3.6,3.7,1,No action,Took a short walk,stable
2026-04-19,demo34,3.3,2.3,7.8,4.3,3.9,1,No action,Busy timetable,stable
2026-04-20,demo34,3.2,1.8,7.9,3.5,4.1,1,No action,Felt supported,stable
2026-04-21,demo34,3.2,1.9,7.6,3.5,3.2,1,No action,Quiet day,stable
2026-04-22,demo34,3.5,2.8,7.8,3.2,3.6,1,No action,Steady day,stable
2026-04-23,demo34,3.5,1.7,6.3,3.7,3.8,1,No action,Deadline pressure,stable
2026-04-24,demo34,4.5,1.2,7,4.6,4.4,1,No action,Good peer contact,stable
2026-04-25,demo34,4.2,1.4,6.8,3.5,4,1,No action,Low sleep,stable
2026-04-26,demo34,3.7,1.6,7.9,3.5,4.1,1,No action,Took a short walk,stable
2026-04-27,demo34,3.9,2.2,7.1,3.9,3.2,1,No action,Busy timetable,stable
2026-04-28,demo34,3.3,2.9,7.3,3.3,4,1,No action,Felt supported,stable
2026-04-29,demo34,3.5,2.2,8.1,3.2,3.6,1,No action,Quiet day,stable
2026-04-30,demo34,2.8,2.1,7.7,2.7,3.5,1,No action,Steady day,watch
2026-05-01,demo34,3.2,2,7.9,3.4,3.4,1,No action,Deadline pressure,stable
2026-05-02,demo34,3.8,2.1,7.5,4.1,3.8,1,No action,Good peer contact,stable
2026-05-03,demo34,2.9,2.2,7.1,4.5,4.3,1,No action,Low sleep,stable
2026-05-04,demo34,3.6,2.9,7.6,4.2,3.2,1,No action,Took a short walk,stable
2026-05-05,demo34,2.9,3.4,6.6,2.3,2.5,1,Gentle nudge,Busy timetable,elevated
2026-05-06,demo34,3.4,3.3,6.9,3.2,3,1,Gentle nudge,Felt supported,elevated
2026-05-07,demo34,2.9,3.1,7.2,2.9,2.8,1,Gentle nudge,Quiet day,elevated
2026-05-08,demo34,3.4,2.2,7.4,3.5,3.7,1,No action,Steady day,stable
2026-05-09,demo34,3.9,1.7,7,3.6,3.5,1,No action,Deadline pressure,stable
2026-05-10,demo34,2.9,1.5,7.3,3.7,3,1,No action,Good peer contact,stable
2026-05-11,demo34,3.6,3,6.4,3.2,3.3,1,No action,Low sleep,watch
2026-05-12,demo34,2.8,2.7,6.4,2.8,2.2,1,Gentle nudge,Took a short walk,elevated
2026-05-13,demo34,2.2,3.2,7.3,3.3,2.4,1,Gentle nudge,Busy timetable,elevated
2026-05-14,demo34,3.2,3.2,6.1,3.3,2.7,1,Gentle nudge,Felt supported,elevated
2026-05-15,demo34,3.5,1.8,8.8,2.9,3,1,No action,Quiet day,stable
2026-05-16,demo34,3.5,2.1,6,3.4,3,1,No action,Steady day,stable
2026-05-17,demo34,3.6,2.9,6.2,3.2,3.2,1,No action,Deadline pressure,watch
2026-05-18,demo34,3.3,2.5,7.4,3.2,4,1,No action,Good peer contact,stable
2026-05-19,demo34,3.9,2.5,7.1,3.7,3.6,1,No action,Low sleep,stable
2026-05-20,demo34,3.6,2.3,8.7,3.4,3.1,1,No action,Took a short walk,stable
2026-05-21,demo34,3.4,2,6.7,3.6,3.7,1,No action,Busy timetable,stable
2026-05-22,demo34,3.7,2.5,7,4.3,3.7,1,No action,Felt supported,stable
2026-05-23,demo34,3.9,2.4,7.7,3,3.6,1,No action,Quiet day,stable
2026-05-24,demo34,4.2,1.3,7.7,4.1,3.9,1,No action,Steady day,stable
2026-05-25,demo34,3.9,2.3,7,3.5,2.1,1,No action,Deadline pressure,stable
2026-05-26,demo34,3.3,2.8,7,3.7,3.6,1,No action,Good peer contact,stable
2026-05-27,demo34,3.6,2.6,7.7,3.5,3.8,1,No action,Low sleep,stable
2026-05-28,demo34,3.1,1.4,6.6,3.4,3.3,1,No action,Took a short walk,stable
2026-05-29,demo34,3.8,2.5,7,3.5,3.3,1,No action,Busy timetable,stable
2026-05-30,demo34,4,1.9,7.5,3.6,3.6,1,No action,Felt supported,stable
2026-05-31,demo34,3.7,1,7.6,4,3.9,1,No action,Quiet day,stable
2026-06-01,demo34,3.9,2.5,7.5,3.6,4.5,1,No action,Steady day,stable
2026-06-02,demo34,3.1,1.8,6.8,3,3.8,1,No action,Deadline pressure,stable
2026-06-03,demo34,3.4,2.8,7.6,4,3.4,1,No action,Good peer contact,stable
2026-06-04,demo34,3.8,2.3,7.2,3.4,3.3,1,No action,Low sleep,stable
2026-06-05,demo34,3.6,2.5,7.9,3.7,3.4,1,No action,Took a short walk,stable
2026-06-06,demo34,4.7,1.7,8,3.6,3.5,1,No action,Busy timetable,stable
2026-06-07,demo34,4,2.4,8.4,4.1,3.8,1,No action,Felt supported,stable
2026-06-08,demo34,4,2.1,7.8,3.3,4,1,No action,Quiet day,stable
2026-06-09,demo34,4.3,2.4,7.5,3.3,3.8,1,No action,Steady day,stable
2026-06-10,demo34,3.6,1.8,8.1,3.7,4.1,1,No action,Deadline pressure,stable
2026-06-11,demo34,3.7,2.7,7.9,3.6,4,1,No action,Good peer contact,stable
2026-06-12,demo34,2.6,1.7,8.3,3.5,3.5,1,No action,Low sleep,stable
2026-06-13,demo34,3.7,2.7,8.1,3.6,4.1,1,No action,Took a short walk,stable
2026-06-14,demo34,3.5,2.2,7.5,3.4,3.8,1,No action,Busy timetable,stable
2026-06-15,demo34,2.8,2.9,7.5,3.6,3.6,1,No action,Felt supported,watch
2026-06-16,demo34,3.1,3,6,3.9,3.3,1,No action,Quiet day,watch
2026-06-17,demo34,3.1,2.4,7,2.6,3.7,1,No action,Steady day,watch
2026-06-18,demo34,2.4,3.1,6.2,3.2,2.8,1,Gentle nudge,Deadline pressure,elevated
2026-06-19,demo34,3.5,2.6,6.7,3.2,3.3,1,No action,Good peer contact,stable
2026-06-20,demo34,3.2,2.5,7.7,3.5,3.3,1,No action,Low sleep,stable
2026-06-21,demo34,3.3,2.6,7,3.7,2.5,1,No action,Took a short walk,watch
2026-06-22,demo34,2.8,2.3,7.5,2.8,3.1,1,No action,Busy timetable,watch
2026-06-23,demo34,2.7,2.8,8.2,3.9,4,1,No action,Felt supported,stable
2026-06-24,demo34,3.1,3.2,7,3.4,3.1,1,Gentle nudge,Quiet day,watch
2026-06-25,demo34,2.8,2.8,7,3.2,2.8,1,No action,Steady day,elevated
2026-06-26,demo34,3.2,2.8,6.4,3,3.4,1,No action,Deadline pressure,watch
2026-06-27,demo34,3.6,2.3,7.4,3.5,3.7,1,No action,Good peer contact,stable
2026-06-28,demo34,3.5,3,6.8,3.3,3.6,1,No action,Low sleep,watch
2026-06-29,demo34,2.9,2.1,7.1,3.2,2.5,1,No action,Took a short walk,watch
2026-06-30,demo34,3.6,2.7,5.9,4.1,2.9,1,No action,Busy timetable,stable
2026-07-01,demo34,3.5,2.2,7,2.9,4.5,1,No action,Felt supported,stable
2026-07-02,demo34,2.7,1.9,7.1,3.5,3.4,1,No action,Quiet day,stable
2026-07-03,demo34,3.4,2,6.6,3.3,2.8,1,No action,Steady day,stable
2026-07-04,demo34,4.3,2.1,6.8,3.9,3.3,1,No action,Deadline pressure,stable
2026-07-05,demo34,3.9,2.2,6.8,3.6,3.5,1,No action,Good peer contact,stable
2026-07-06,demo34,3.4,2.4,7.3,3.8,3.1,1,No action,Low sleep,stable
2026-07-07,demo34,2.9,3.7,6.5,3.3,3.7,1,No action,Took a short walk,elevated
2026-07-08,demo34,3.3,2.8,6.9,3,3.4,1,No action,Busy timetable,watch
2026-07-09,demo34,3.3,2.8,8.7,3.2,3.8,1,No action,Felt supported,stable
2026-07-10,demo34,3.3,2.4,6.9,3.4,4.3,1,No action,Quiet day,stable
2026-07-11,demo34,4.2,2,7.5,4.3,3.7,1,No action,Steady day,stable
2026-07-12,demo34,3.5,2.2,7,3.4,3.4,1,No action,Deadline pressure,stable
2026-07-13,demo34,3.8,1.8,7.1,3.3,3.7,1,No action,Good peer contact,stable
2026-07-14,demo34,3.4,3.3,7.7,3.5,3.6,1,No action,Low sleep,watch
2026-07-15,demo34,2.9,2.8,7,3.5,3.4,1,Gentle nudge,Took a short walk,watch
2026-07-16,demo34,3.4,2.5,6.7,3.5,3.6,1,No action,Busy timetable,stable
2026-07-17,demo34,2.9,2.6,7.9,3.6,2.7,1,No action,Felt supported,watch
2026-07-18,demo34,3.4,2.1,7.1,3.1,4.1,1,No action,Quiet day,stable
2026-07-19,demo34,3.6,1.5,7.6,3.4,3.1,1,No action,Steady day,stable
2026-07-20,demo34,3,3.1,7.7,3.5,3.8,1,No action,Deadline pressure,watch
2026-07-21,demo34,2.9,2.9,6.5,2.9,3.9,1,No action,Good peer contact,watch
2026-07-22,demo34,3.5,2.8,7.8,3.4,2.4,1,Gentle nudge,Low sleep,watch
2026-07-23,demo34,3.1,3.2,7,4.2,3.7,1,No action,Took a short walk,stable
2026-07-24,demo34,3.4,2,7.2,3.6,3.4,1,No action,Busy timetable,stable
2026-07-25,demo34,3.9,1.6,7.2,4.1,3.3,1,No action,Felt supported,stable
2026-07-26,demo34,4.4,2.5,7.2,3.9,4.7,1,No action,Quiet day,stable
2026-07-27,demo34,3.1,2.7,8,3.5,3.5,1,No action,Steady day,stable
2026-07-28,demo34,3.4,2.5,6.7,3.5,3.4,1,No action,Deadline pressure,stable
2026-07-29,demo34,3.8,2.8,6.8,3.9,2.8,1,No action,Good peer contact,stable
2026-07-30,demo34,3.3,3.3,7,3.6,3.8,1,No action,Low sleep,watch
2026-07-31,demo34,3.6,2.8,7.8,3.3,3.4,1,No action,Took a short walk,stable
2026-08-01,demo34,3.3,3.9,7,2.9,2.9,1,No action,Busy timetable,elevated
2026-08-02,demo34,2.9,2.3,6.9,3.3,3.7,1,Gentle nudge,Felt supported,stable
2026-08-03,demo34,2.8,3.6,7.5,3.1,2.6,1,Gentle nudge,Quiet day,elevated
2026-08-04,demo34,2.5,3,6.5,3,2.5,1,Gentle nudge,Steady day,elevated
2026-08-05,demo34,2.7,3.7,6.8,3.3,2.8,1,Self-guided support,Deadline pressure,elevated
2026-08-06,demo34,3.6,3.8,5.7,2.3,2.9,1,Gentle nudge,Good peer contact,elevated
2026-08-07,demo34,3,2.9,7.2,3.3,2.9,1,Gentle nudge,Low sleep,watch
2026-08-08,demo34,3.3,2.8,6.3,3.5,2.9,1,Gentle nudge,Took a short walk,watch
2026-08-09,demo34,3,3.3,6.5,3.2,2.3,1,Gentle nudge,Busy timetable,elevated
2026-08-10,demo34,2.7,3.3,6.4,3.8,3.8,1,Self-guided support,Felt supported,watch
2026-08-11,demo34,2.7,4,5.3,2.4,3.4,1,Self-guided support,Quiet day,elevated
2026-08-12,demo34,2.5,3.8,6.7,3.2,3.1,1,Self-guided support,Steady day,elevated
2026-08-13,demo34,2.8,2.9,7.2,3,2.3,1,Self-guided support,Deadline pressure,elevated
2026-08-14,demo34,2.7,3.7,4.8,3.2,3.1,1,Self-guided support,Good peer contact,elevated
2026-08-15,demo34,2.7,2.9,7.3,2.8,2.7,1,Gentle nudge,Low sleep,elevated
2026-08-16,demo34,2.7,2.8,6.9,2.6,2.9,1,Gentle nudge,Took a short walk,elevated
2026-08-17,demo34,2.8,3,6.9,3.5,3.1,1,Gentle nudge,Busy timetable,watch
2026-08-18,demo34,3.2,3.2,8.1,3.2,3,1,No action,Felt supported,watch
2026-08-19,demo34,3.3,2.3,7.6,3.4,3.4,1,No action,Quiet day,stable
2026-08-20,demo34,3.3,2.6,7.6,3.7,3.3,1,No action,Steady day,stable
2026-08-21,demo34,3.3,2.1,8,4.9,3.6,1,No action,Deadline pressure,stable
2026-08-22,demo34,4,1.5,7.5,4.2,3.6,1,No action,Good peer contact,stable
2026-08-23,demo34,4.1,2,7.7,4.7,3.4,1,No action,Low sleep,stable
2026-08-24,demo34,2.8,2.5,6.8,3.7,4.1,1,No action,Took a short walk,stable
2026-08-25,demo34,3.2,2.2,7.7,4.1,3.1,1,No action,Busy timetable,stable
2026-08-26,demo34,3.2,2.2,6.7,3.4,2.9,1,No action,Felt supported,stable
2026-08-27,demo34,2.8,2.9,6.6,3.8,4,1,No action,Quiet day,stable
2026-08-28,demo34,3,2.3,6.8,3.6,3.5,1,No action,Steady day,stable
2026-08-29,demo34,3.4,2.7,6.4,3.6,3.5,1,No action,Deadline pressure,stable
2026-08-30,demo34,2.9,2.3,6.8,4.4,3.5,1,No action,Good peer contact,stable
2026-08-31,demo34,3.7,2.6,7.4,3.9,2.6,1,No action,Low sleep,stable
2026-09-01,demo34,3,3.4,6.3,3.1,3.2,1,Gentle nudge,Took a short walk,elevated
2026-09-02,demo34,2.1,2.9,7,3,3.7,1,Gentle nudge,Busy timetable,elevated
2026-09-03,demo34,3,2.6,7.2,3.2,2.5,1,Gentle nudge,Felt supported,elevated
2026-09-04,demo34,3.7,1.9,6.6,3.8,3.2,1,No action,Quiet day,stable
2026-09-05,demo34,3.2,2.6,7.9,3.2,2.7,1,No action,Steady day,watch
2026-09-06,demo34,3.7,1.8,6.9,3.5,2.9,1,No action,Deadline pressure,stable
2026-09-07,demo34,3.9,2,7.6,3.1,3.2,1,No action,Good peer contact,stable
2026-09-08,demo34,3.3,3.2,7.7,3.6,3,1,Gentle nudge,Low sleep,watch
2026-09-09,demo34,2.8,2.8,7.6,3.8,2.9,1,Gentle nudge,Took a short walk,watch
2026-09-10,demo34,3.3,2.5,7.1,3.2,4.2,1,No action,Busy timetable,stable
2026-09-11,demo34,3.4,2.6,7.3,4.2,3.7,1,No action,Felt supported,stable
2026-09-12,demo34,3.7,2.5,7.8,3.8,3.6,1,No action,Quiet day,stable
2026-09-13,demo34,3.5,1.7,6.9,4.1,4,1,No action,Steady day,stable
2026-09-14,demo34,3.3,2.8,7.5,3.8,2.7,1,No action,Deadline pressure,watch
2026-09-15,demo34,3.2,2.6,7.4,3.4,3.1,1,No action,Good peer contact,watch
2026-09-16,demo34,3.2,2.8,7.1,3,4.2,1,No action,Low sleep,stable
2026-09-17,demo34,3.6,3.1,6.9,2.2,3.7,1,No action,Took a short walk,watch
2026-09-18,demo34,3.6,2.1,7.8,4.2,2.9,1,No action,Busy timetable,stable
2026-09-19,demo34,4,2,7.4,3.4,4.1,1,No action,Felt supported,stable
2026-03-24,demo35,2.8,3.4,7.7,2.3,3.8,1,No action,Felt supported,elevated
2026-03-25,demo35,3.5,2.6,6.9,3.3,3.3,1,Gentle nudge,Quiet day,stable
2026-03-26,demo35,2.8,3.2,6.8,2.7,3.6,1,Gentle nudge,Steady day,elevated
2026-03-27,demo35,3,2.7,6.9,3.1,3.3,1,No action,Deadline pressure,watch
2026-03-28,demo35,3.2,2.7,8,3.8,3.3,1,No action,Good peer contact,stable
2026-03-29,demo35,3.7,2.8,8,3.9,2.9,1,No action,Low sleep,stable
2026-03-30,demo35,3.6,2.3,7.2,2.9,3.1,1,No action,Took a short walk,stable
2026-03-31,demo35,3.7,2.7,6.8,3.4,3.3,1,No action,Busy timetable,stable
2026-04-01,demo35,3,1.8,6.7,2.6,3.5,1,No action,Felt supported,stable
2026-04-02,demo35,4,2.3,8.1,3.7,3.2,1,No action,Quiet day,stable
2026-04-03,demo35,3.1,2.4,6.8,3.3,3.6,1,No action,Steady day,stable
2026-04-04,demo35,2.9,2.4,7.2,4.1,3.5,1,No action,Deadline pressure,stable
2026-04-05,demo35,3.8,2.6,7,3.8,3.8,1,No action,Good peer contact,stable
2026-04-06,demo35,4,1.8,7.1,4.3,3.6,1,No action,Low sleep,stable
2026-04-07,demo35,3.1,1.8,7.3,3.5,4.7,1,No action,Took a short walk,stable
2026-04-08,demo35,3.4,3,7.8,2.7,3.5,1,No action,Busy timetable,watch
2026-04-09,demo35,3.4,1.7,7.3,3.6,3.6,1,No action,Felt supported,stable
2026-04-10,demo35,4,2.7,7,4.4,4,1,No action,Quiet day,stable
2026-04-11,demo35,3.8,2.4,7.1,3.5,3.5,1,No action,Steady day,stable
2026-04-12,demo35,3.5,1.8,7.9,3.7,3.3,1,No action,Deadline pressure,stable
2026-04-13,demo35,3.6,2.6,8.2,3.6,3.8,1,No action,Good peer contact,stable
2026-04-14,demo35,3.5,2,7.3,3.4,3,1,No action,Low sleep,stable
2026-04-15,demo35,3.5,2.3,6.7,2.5,3.9,1,No action,Took a short walk,stable
2026-04-16,demo35,2.6,2.9,7.4,3.2,4.2,1,No action,Busy timetable,watch
2026-04-17,demo35,3,2.4,6.6,2.7,2.9,1,Gentle nudge,Felt supported,watch
2026-04-18,demo35,3.8,2.9,7.5,4,3.1,1,No action,Quiet day,stable
2026-04-19,demo35,3.3,2.3,8.4,4.1,3.8,1,No action,Steady day,stable
2026-04-20,demo35,3.6,1.9,7.8,3.6,4.2,1,No action,Deadline pressure,stable
2026-04-21,demo35,3.5,2,7.2,4.1,3.8,1,No action,Good peer contact,stable
2026-04-22,demo35,2.9,2.7,7.9,4.1,4.1,1,No action,Low sleep,stable
2026-04-23,demo35,3,3,7.4,3.7,2.9,1,Gentle nudge,Took a short walk,watch
2026-04-24,demo35,3.4,3,7.4,2.7,3.4,1,No action,Busy timetable,watch
2026-04-25,demo35,4,3.1,6.6,3.9,3,1,No action,Felt supported,stable
2026-04-26,demo35,3.3,2.3,7.6,3.6,3.5,1,No action,Quiet day,stable
2026-04-27,demo35,3.3,2.2,8.6,3.6,4.1,1,No action,Steady day,stable
2026-04-28,demo35,3.8,2.4,7.8,4.5,3.5,1,No action,Deadline pressure,stable
2026-04-29,demo35,3.6,2.1,6.3,3.8,3.5,1,No action,Good peer contact,stable
2026-04-30,demo35,3.3,2.8,7.7,3.4,3.5,1,No action,Low sleep,stable
2026-05-01,demo35,3.5,2,7.3,3.6,3.6,1,No action,Took a short walk,stable
2026-05-02,demo35,3.9,3,7.6,4.3,3.6,1,No action,Busy timetable,stable
2026-05-03,demo35,3.5,1.8,8.3,3.6,3.3,1,No action,Felt supported,stable
2026-05-04,demo35,3.1,2.5,7.2,3.7,2.7,1,No action,Quiet day,watch
2026-05-05,demo35,3.1,2.4,7,3.7,2.7,1,No action,Steady day,watch
2026-05-06,demo35,3.6,3.3,6.5,3.8,3.4,1,Gentle nudge,Deadline pressure,watch
2026-05-07,demo35,2.9,2.7,8.1,4.1,2.7,1,Gentle nudge,Good peer contact,watch
2026-05-08,demo35,3.1,3.1,6.1,2.7,3.2,1,No action,Low sleep,elevated
2026-05-09,demo35,3.9,2.6,7.6,3.3,3.2,1,No action,Took a short walk,stable
2026-05-10,demo35,3.7,2.3,7.1,3.6,4.2,1,No action,Busy timetable,stable
2026-05-11,demo35,3.4,2.7,7,3.5,3.7,1,No action,Felt supported,stable
2026-05-12,demo35,2.9,2.5,7.4,3.1,3.2,1,No action,Quiet day,watch
2026-05-13,demo35,2.8,3.1,8.1,2.8,2.9,1,Gentle nudge,Steady day,elevated
2026-05-14,demo35,3.6,2.9,6.7,2.8,3.1,1,Gentle nudge,Deadline pressure,watch
2026-05-15,demo35,2.7,3.4,6.9,3,3,1,Gentle nudge,Good peer contact,elevated
2026-05-16,demo35,3.6,3.3,6.9,3.1,4.1,1,No action,Low sleep,watch
2026-05-17,demo35,3.5,2.5,7.4,3.2,3.2,1,No action,Took a short walk,stable
2026-05-18,demo35,3.5,2.2,7.8,3.3,3.6,1,No action,Busy timetable,stable
2026-05-19,demo35,3.7,2.5,7.4,3,2.9,1,No action,Felt supported,watch
2026-05-20,demo35,3.5,2.8,6.2,3.6,4.4,1,No action,Quiet day,stable
2026-05-21,demo35,3.2,2.4,7.6,3.4,3.4,1,No action,Steady day,stable
2026-05-22,demo35,3.7,2.7,7.1,3.8,2.9,1,No action,Deadline pressure,stable
2026-05-23,demo35,3.6,2.6,8.2,3.9,3.3,1,No action,Good peer contact,stable
2026-05-24,demo35,3.8,3.1,7.4,3.2,3.2,1,No action,Low sleep,watch
2026-05-25,demo35,2.9,2.5,7.6,3.2,3.6,1,No action,Took a short walk,watch
2026-05-26,demo35,3.3,3.1,7.3,2.9,2.8,1,No action,Busy timetable,elevated
2026-05-27,demo35,2.9,2.9,6.6,3.5,3.6,1,Gentle nudge,Felt supported,watch
2026-05-28,demo35,2.9,3.1,6.2,3.2,3.2,1,No action,Quiet day,elevated
2026-05-29,demo35,3,2.4,7.6,3.4,2.6,1,No action,Steady day,watch
2026-05-30,demo35,3.6,2.1,7.6,3.4,3.4,1,No action,Deadline pressure,stable
2026-05-31,demo35,3.4,2,7.7,2.9,3,1,No action,Good peer contact,stable
2026-06-01,demo35,3.6,2.3,7.5,4,4.8,1,No action,Low sleep,stable
2026-06-02,demo35,3.9,1.9,7.3,3.5,3.4,1,No action,Took a short walk,stable
2026-06-03,demo35,4.2,2.4,7.1,3.6,4.4,1,No action,Busy timetable,stable
2026-06-04,demo35,4.3,1.7,7.7,3.9,3.9,1,No action,Felt supported,stable
2026-06-05,demo35,3.4,2.7,7.5,3.8,3.4,1,No action,Quiet day,stable
2026-06-06,demo35,3.3,2.2,7.7,4.1,3,1,No action,Steady day,stable
2026-06-07,demo35,3.7,2.3,7.7,3.9,3.6,1,No action,Deadline pressure,stable
2026-06-08,demo35,3.8,2,8,4.1,3.6,1,No action,Good peer contact,stable
2026-06-09,demo35,4.1,2.6,6.8,3.7,4,1,No action,Low sleep,stable
2026-06-10,demo35,3.4,2.2,7.2,3.7,3.2,1,No action,Took a short walk,stable
2026-06-11,demo35,3.5,2.5,7.4,3.7,3.3,1,Gentle nudge,Busy timetable,stable
2026-06-12,demo35,2.7,3,6.7,3.7,3.2,1,Gentle nudge,Felt supported,watch
2026-06-13,demo35,2.9,1.9,6.7,3.2,2.6,1,Gentle nudge,Quiet day,watch
2026-06-14,demo35,3.5,1.9,6.6,3.7,3.4,1,No action,Steady day,stable
2026-06-15,demo35,2.9,3.1,8.5,4.7,3.5,1,No action,Deadline pressure,stable
2026-06-16,demo35,3,3,6.8,3.3,3.8,1,No action,Good peer contact,watch
2026-06-17,demo35,3.9,2.5,7.5,2.9,3.8,1,No action,Low sleep,stable
2026-06-18,demo35,2.8,2.5,6.9,4,3.9,1,No action,Took a short walk,stable
2026-06-19,demo35,3.2,2.2,7.3,4.1,4,1,No action,Busy timetable,stable
2026-06-20,demo35,3.8,2.5,7.9,3.6,3.6,1,No action,Felt supported,stable
2026-06-21,demo35,3.8,1.8,6.9,4.2,3.8,1,No action,Quiet day,stable
2026-06-22,demo35,4.3,1.7,7,3.6,4.1,1,No action,Steady day,stable
2026-06-23,demo35,4,1.3,7.6,3.2,4.2,1,No action,Deadline pressure,stable
2026-06-24,demo35,3.6,2.6,8.1,3.4,4.1,1,No action,Good peer contact,stable
2026-06-25,demo35,3.9,2.5,7.4,3.6,4.1,1,No action,Low sleep,stable
2026-06-26,demo35,3.1,3,6.9,3.8,4.1,1,No action,Took a short walk,stable
2026-06-27,demo35,3.5,2.5,7.8,3.4,4,1,No action,Busy timetable,stable
2026-06-28,demo35,3.6,1.8,7.7,3.1,4.5,1,No action,Felt supported,stable
2026-06-29,demo35,3.7,2.2,8.3,4.2,3.8,1,No action,Quiet day,stable
2026-06-30,demo35,3.2,2,7.4,3.4,4.1,1,No action,Steady day,stable
2026-07-01,demo35,4.3,1.6,7.5,3.6,4.2,1,No action,Deadline pressure,stable
2026-07-02,demo35,2.9,2.7,7.4,3.8,3.3,1,No action,Good peer contact,watch
2026-07-03,demo35,3.4,2.9,7.5,3.7,3.3,1,No action,Low sleep,stable
2026-07-04,demo35,4.3,2.1,6.7,3.3,3.2,1,No action,Took a short walk,stable
2026-07-05,demo35,3.6,2.2,7.9,3.6,3.8,1,No action,Busy timetable,stable
2026-07-06,demo35,4.1,2.5,7.4,4.1,4.2,1,No action,Felt supported,stable
2026-07-07,demo35,3.9,2,7.6,3.6,3.3,1,No action,Quiet day,stable
2026-07-08,demo35,3.4,2.1,7,3.5,3.8,1,No action,Steady day,stable
2026-07-09,demo35,3,2.3,7.2,3.2,3.8,1,No action,Deadline pressure,stable
2026-07-10,demo35,3.3,2.2,6.7,3.3,4,1,No action,Good peer contact,stable
2026-07-11,demo35,4.1,2,7.6,3.9,4,1,No action,Low sleep,stable
2026-07-12,demo35,4.6,1.4,7.3,4.6,3.5,1,No action,Took a short walk,stable
2026-07-13,demo35,3.1,1,7.9,3.5,3.5,1,No action,Busy timetable,stable
2026-07-14,demo35,3.8,1.1,7,4.4,4,1,No action,Felt supported,stable
2026-07-15,demo35,3.9,1.3,8.2,4.2,3.3,1,No action,Quiet day,stable
2026-07-16,demo35,3.7,2.2,7.5,4.6,3.7,1,No action,Steady day,stable
2026-07-17,demo35,4.4,1.8,8.5,3.9,3.2,1,No action,Deadline pressure,stable
2026-07-18,demo35,3.8,1.2,7.3,4.1,4.3,1,No action,Good peer contact,stable
2026-07-19,demo35,4.5,1.9,8.2,4.6,3.3,1,No action,Low sleep,stable
2026-07-20,demo35,4.9,1,7.8,3.9,3.5,1,No action,Took a short walk,stable
2026-07-21,demo35,3.9,1.8,7.5,5,3.4,1,No action,Busy timetable,stable
2026-07-22,demo35,4.2,1.5,7.8,3.9,3.4,1,No action,Felt supported,stable
2026-07-23,demo35,4.2,1.7,8,3.4,4,1,No action,Quiet day,stable
2026-07-24,demo35,3.5,2.1,6.7,3.9,3.2,1,No action,Steady day,stable
2026-07-25,demo35,4,1.8,7.6,3.4,3.8,1,No action,Deadline pressure,stable
2026-07-26,demo35,2.9,1.8,7.1,4.4,3.6,1,No action,Good peer contact,stable
2026-07-27,demo35,3.8,2.4,8.5,3.9,3.4,1,No action,Low sleep,stable
2026-07-28,demo35,3.8,2.1,7.4,3.5,3.5,1,No action,Took a short walk,stable
2026-07-29,demo35,4,1.6,7,3.2,4,1,No action,Busy timetable,stable
2026-07-30,demo35,3.7,2.3,7.7,3.6,3.9,1,No action,Felt supported,stable
2026-07-31,demo35,3.9,1.6,7,4.1,2.8,1,No action,Quiet day,stable
2026-08-01,demo35,3.8,1.6,7.1,3.4,2.9,1,No action,Steady day,stable
2026-08-02,demo35,2.7,2.7,7.1,2.8,3.8,1,No action,Deadline pressure,watch
2026-08-03,demo35,3.7,1.9,6.7,3.2,3.9,1,No action,Good peer contact,stable
2026-08-04,demo35,3.6,2.9,7.1,3.1,3.9,1,Gentle nudge,Low sleep,stable
2026-08-05,demo35,2.5,2.9,6.4,3.4,3.5,1,Gentle nudge,Took a short walk,elevated
2026-08-06,demo35,2.5,3.1,5.9,2.8,3.2,1,Self-guided support,Busy timetable,elevated
2026-08-07,demo35,3,3.7,6.5,3,3.3,1,Self-guided support,Felt supported,elevated
2026-08-08,demo35,2.7,2.8,5.9,3.4,2.9,1,Gentle nudge,Quiet day,elevated
2026-08-09,demo35,3.5,3.5,6,3.6,2.3,1,Gentle nudge,Steady day,elevated
2026-08-10,demo35,3.1,2.9,6.6,3.9,3.7,1,Gentle nudge,Deadline pressure,stable
2026-08-11,demo35,3.5,3,7.1,3.2,2.9,1,Gentle nudge,Good peer contact,watch
2026-08-12,demo35,3.2,2.8,7.2,2.8,3.5,1,Gentle nudge,Low sleep,watch
2026-08-13,demo35,2.7,4.1,6.8,2.9,2.9,1,Gentle nudge,Took a short walk,elevated
2026-08-14,demo35,2.6,2.8,6.6,2.9,3.7,1,Gentle nudge,Busy timetable,watch
2026-08-15,demo35,2.9,2.7,6.8,3.2,3.7,1,Gentle nudge,Felt supported,watch
2026-08-16,demo35,2.9,3,6.9,3.7,2.8,1,Gentle nudge,Quiet day,watch
2026-08-17,demo35,3.3,2.7,7.1,3.3,2.7,1,Gentle nudge,Steady day,watch
2026-08-18,demo35,3.2,3.1,7,3.1,2.8,1,Gentle nudge,Deadline pressure,elevated
2026-08-19,demo35,2.4,2.7,6.5,2.6,2.6,1,Self-guided support,Good peer contact,elevated
2026-08-20,demo35,2.9,3.7,6.9,3.4,3.3,1,Self-guided support,Low sleep,elevated
2026-08-21,demo35,3.2,3.7,6.1,1.9,3.4,1,Self-guided support,Took a short walk,elevated
2026-08-22,demo35,3.5,3.1,5.3,3.2,2.5,1,Gentle nudge,Busy timetable,elevated
2026-08-23,demo35,3.4,2.8,5.8,3.6,2.9,1,Gentle nudge,Felt supported,watch
2026-08-24,demo35,2.8,2.1,7.7,3.4,3.6,1,No action,Quiet day,stable
2026-08-25,demo35,3.2,2.9,7.2,3.8,2.9,1,Gentle nudge,Steady day,watch
2026-08-26,demo35,2.1,3.6,6.3,2.5,2.4,1,Gentle nudge,Deadline pressure,elevated
2026-08-27,demo35,2.7,2.8,6.3,3.5,3,1,Gentle nudge,Good peer contact,elevated
2026-08-28,demo35,2.3,2.9,6.9,3.1,2.9,1,Self-guided support,Low sleep,elevated
2026-08-29,demo35,2.8,2.8,7.9,3.3,3,1,Gentle nudge,Took a short walk,watch
2026-08-30,demo35,2.7,3.4,6.6,3.3,2.9,1,Gentle nudge,Busy timetable,elevated
2026-08-31,demo35,3.4,2.5,6.9,3.8,2.6,1,No action,Felt supported,watch
2026-09-01,demo35,3.8,2.1,7.4,4.1,3.7,1,No action,Quiet day,stable
2026-09-02,demo35,3,2.4,6.7,3.8,4.2,1,No action,Steady day,stable
2026-09-03,demo35,3,3,7.2,3.9,3.4,1,Gentle nudge,Deadline pressure,watch
2026-09-04,demo35,3,2.2,6.1,3.4,2.5,1,No action,Good peer contact,watch
2026-09-05,demo35,3.1,2.8,8.1,3.3,2.3,1,No action,Low sleep,elevated
2026-09-06,demo35,4.1,2.6,7.3,3.6,3.5,1,No action,Took a short walk,stable
2026-09-07,demo35,3.6,2.2,7.6,3.4,4.1,1,No action,Busy timetable,stable
2026-09-08,demo35,3.5,2.4,7.5,3.6,3.4,1,No action,Felt supported,stable
2026-09-09,demo35,3.8,2.5,7.3,3.7,3.6,1,No action,Quiet day,stable
2026-09-10,demo35,3.5,1.4,8.2,2.5,3.9,1,No action,Steady day,stable
2026-09-11,demo35,3.2,2.6,7.9,4,3.3,1,No action,Deadline pressure,stable
2026-09-12,demo35,3.6,2.3,7.5,3.8,3.8,1,No action,Good peer contact,stable
2026-09-13,demo35,2.9,1.7,8.5,3.2,3.5,1,No action,Low sleep,stable
2026-09-14,demo35,3.8,1.6,8,3.5,3.5,1,No action,Took a short walk,stable
2026-09-15,demo35,3.1,2.2,6.8,3.2,3.8,1,No action,Busy timetable,stable
2026-09-16,demo35,2.4,2.2,7.7,4,3.5,1,No action,Felt supported,stable
2026-09-17,demo35,2.6,2.7,7.7,3.2,3,1,No action,Quiet day,elevated
2026-09-18,demo35,2.6,2.7,6.8,3.1,3.6,1,No action,Steady day,watch
2026-09-19,demo35,3,2.6,7.2,3.3,4,1,No action,Deadline pressure,stable
2026-03-24,demo36,4.2,1.9,7.4,3.6,3.4,1,No action,Deadline pressure,stable
2026-03-25,demo36,4.5,3.1,7.6,3.8,3.7,1,No action,Good peer contact,stable
2026-03-26,demo36,3.9,2,6.9,4.6,3,1,No action,Low sleep,stable
2026-03-27,demo36,3.8,2.7,7,4.3,3.3,1,No action,Took a short walk,stable
2026-03-28,demo36,3.4,1.3,8.4,3.8,3.6,1,No action,Busy timetable,stable
2026-03-29,demo36,3.9,1.4,7.2,4,3.6,1,No action,Felt supported,stable
2026-03-30,demo36,3.2,2.4,7.4,4,3.2,1,No action,Quiet day,stable
2026-03-31,demo36,3.7,1.4,8.1,4.2,4.6,1,No action,Steady day,stable
2026-04-01,demo36,3.4,2.4,7.6,3.5,3.6,1,No action,Deadline pressure,stable
2026-04-02,demo36,4,2.7,7.7,3.4,2.6,1,No action,Good peer contact,stable
2026-04-03,demo36,4.1,1.9,7.1,4.1,3.1,1,No action,Low sleep,stable
2026-04-04,demo36,4.2,1.3,7.2,3.9,3.6,1,No action,Took a short walk,stable
2026-04-05,demo36,3.8,1.8,7.7,4.5,3.6,1,No action,Busy timetable,stable
2026-04-06,demo36,4.1,1.2,8.4,5,4.1,1,No action,Felt supported,stable
2026-04-07,demo36,3.8,1.2,8.3,3.5,4,1,No action,Quiet day,stable
2026-04-08,demo36,4.8,1.1,8.8,4,3.3,1,No action,Steady day,stable
2026-04-09,demo36,4.3,1.8,8.1,4.1,3.8,1,No action,Deadline pressure,stable
2026-04-10,demo36,4,2.2,6.9,4,3.9,1,No action,Good peer contact,stable
2026-04-11,demo36,2.8,2.2,7.5,3.4,3.6,1,No action,Low sleep,stable
2026-04-12,demo36,3.5,2.1,7.2,3.1,3.3,1,No action,Took a short walk,stable
2026-04-13,demo36,4.3,1.8,7.6,4.1,3.2,1,No action,Busy timetable,stable
2026-04-14,demo36,3.8,1.2,8,4,4,1,No action,Felt supported,stable
2026-04-15,demo36,4.3,1.9,6.9,4.1,4.5,1,No action,Quiet day,stable
2026-04-16,demo36,4.4,2.1,8.7,3.3,3.5,1,No action,Steady day,stable
2026-04-17,demo36,3.8,2.5,7.4,4,3.5,1,No action,Deadline pressure,stable
2026-04-18,demo36,3.4,3,8,4.5,3.5,1,No action,Good peer contact,stable
2026-04-19,demo36,3.6,1.9,7.1,3.3,3.2,1,No action,Low sleep,stable
2026-04-20,demo36,4,2.1,7.9,3.8,4,1,No action,Took a short walk,stable
2026-04-21,demo36,3.5,2.2,7.2,3.5,4.4,1,No action,Busy timetable,stable
2026-04-22,demo36,4.1,2.1,6.8,3.8,2.9,1,No action,Felt supported,stable
2026-04-23,demo36,4.1,2.9,7.5,3.7,3.2,1,No action,Quiet day,stable
2026-04-24,demo36,3.4,2.9,7.7,3.4,3.2,1,No action,Steady day,watch
2026-04-25,demo36,3.8,2.5,7.7,2.5,3.3,1,No action,Deadline pressure,stable
2026-04-26,demo36,2.5,3,7.1,3.2,3.2,1,No action,Good peer contact,elevated
2026-04-27,demo36,3.2,3.1,6.5,3.8,3.6,1,No action,Low sleep,watch
2026-04-28,demo36,2.9,2.7,7.1,4,2.4,1,No action,Took a short walk,watch
2026-04-29,demo36,3.8,2.9,8.2,3.1,3.8,1,No action,Busy timetable,stable
2026-04-30,demo36,3.9,1.8,7.2,3.4,3.5,1,No action,Felt supported,stable
2026-05-01,demo36,3.8,1.9,6.8,3.5,3.1,1,No action,Quiet day,stable
2026-05-02,demo36,4.1,2.3,7,3.2,2.8,1,No action,Steady day,stable
2026-05-03,demo36,2.7,2.2,7.6,3.8,3.1,1,No action,Deadline pressure,stable
2026-05-04,demo36,3.5,2.8,7.1,4,2.8,1,No action,Good peer contact,stable
2026-05-05,demo36,3.8,2,7.6,3.8,3.2,1,No action,Low sleep,stable
2026-05-06,demo36,4,2.5,6.9,3.9,3.3,1,No action,Took a short walk,stable
2026-05-07,demo36,2.8,2.8,6.8,3.4,2.7,1,No action,Busy timetable,elevated
2026-05-08,demo36,3,2.7,7.3,3.4,3.6,1,No action,Felt supported,watch
2026-05-09,demo36,3.2,3.2,7,2.7,3.5,1,Gentle nudge,Quiet day,elevated
2026-05-10,demo36,2.9,2.3,7.2,3.2,4,1,Gentle nudge,Steady day,stable
2026-05-11,demo36,3.5,2.4,6.9,4.1,3.4,1,No action,Deadline pressure,stable
2026-05-12,demo36,3.8,1.6,7.8,3.2,4.3,1,No action,Good peer contact,stable
2026-05-13,demo36,3.7,2.3,7.5,3.8,2.9,1,No action,Low sleep,stable
2026-05-14,demo36,4.1,2.3,7.1,4.1,4.5,1,No action,Took a short walk,stable
2026-05-15,demo36,3.4,2.5,7.1,3.4,3.7,1,No action,Busy timetable,stable
2026-05-16,demo36,2.3,3.2,6.3,3.3,3.3,1,Gentle nudge,Felt supported,elevated
2026-05-17,demo36,2.9,2.6,7.3,2.3,3.3,1,No action,Quiet day,elevated
2026-05-18,demo36,3.7,2.2,7.4,4.1,3.2,1,No action,Steady day,stable
2026-05-19,demo36,3.4,2.6,7.7,4.5,3.2,1,No action,Deadline pressure,stable
2026-05-20,demo36,3.9,2.1,8,3.5,3.6,1,No action,Good peer contact,stable
2026-05-21,demo36,3.4,2.6,7.8,3.4,3.7,1,No action,Low sleep,stable
2026-05-22,demo36,3.8,2.6,7.2,3.8,3.7,1,No action,Took a short walk,stable
2026-05-23,demo36,2.9,2.8,7.1,3.6,3.7,1,No action,Busy timetable,watch
2026-05-24,demo36,2.9,2.9,7.5,3.3,1.8,1,No action,Felt supported,elevated
2026-05-25,demo36,4.3,1.8,7.1,3.1,2.8,1,No action,Quiet day,stable
2026-05-26,demo36,4.2,1.8,8,3.5,4.4,1,No action,Steady day,stable
2026-05-27,demo36,4,1.8,7.8,3.5,3.7,1,No action,Deadline pressure,stable
2026-05-28,demo36,3.7,1.7,6.6,4.4,3.4,1,No action,Good peer contact,stable
2026-05-29,demo36,3.8,2.1,7.6,3.5,3.7,1,No action,Low sleep,stable
2026-05-30,demo36,3.4,2.2,7,3.2,3.2,1,No action,Took a short walk,stable
2026-05-31,demo36,3.4,2.2,6.4,3.6,2.8,1,No action,Busy timetable,stable
2026-06-01,demo36,3.1,2,7,3.3,3.6,1,No action,Felt supported,stable
2026-06-02,demo36,4.6,2.1,7.1,3.9,3.6,1,No action,Quiet day,stable
2026-06-03,demo36,3.1,2.7,8,3.2,3.4,1,No action,Steady day,watch
2026-06-04,demo36,3.6,2.5,7.1,3.3,3.6,1,No action,Deadline pressure,stable
2026-06-05,demo36,2.8,2.5,7.2,3,2.8,1,Gentle nudge,Good peer contact,elevated
2026-06-06,demo36,2.6,2.9,6.7,3.9,3.3,1,Gentle nudge,Low sleep,watch
2026-06-07,demo36,2.5,3,7.4,3.1,3.8,1,Gentle nudge,Took a short walk,watch
2026-06-08,demo36,4.1,2.6,6.6,3.8,2.9,1,No action,Busy timetable,stable
2026-06-09,demo36,3.7,2.8,8.2,2.8,3.1,1,No action,Felt supported,watch
2026-06-10,demo36,3.6,2.2,7.1,3.9,3,1,No action,Quiet day,stable
2026-06-11,demo36,3.6,2.8,7.2,3.5,3.7,1,No action,Steady day,stable
2026-06-12,demo36,3.1,2.9,6.5,3.8,3.5,1,No action,Deadline pressure,watch
2026-06-13,demo36,3.7,3.8,6.9,3.4,3.2,1,No action,Good peer contact,elevated
2026-06-14,demo36,4,2.6,7.1,4.1,3.2,1,No action,Low sleep,stable
2026-06-15,demo36,4.1,1.7,7.7,4.3,3.5,1,No action,Took a short walk,stable
2026-06-16,demo36,3.5,2,7.2,4.6,3.1,1,No action,Busy timetable,stable
2026-06-17,demo36,3.9,2,9,4.3,3.7,1,No action,Felt supported,stable
2026-06-18,demo36,2.8,2.3,7.3,3.8,3,1,No action,Quiet day,stable
2026-06-19,demo36,3.4,2.7,6.9,2.8,3.1,1,No action,Steady day,watch
2026-06-20,demo36,3.3,2.1,7.2,2.9,3.6,1,No action,Deadline pressure,stable
2026-06-21,demo36,2.8,2.3,6.2,4,3,1,Gentle nudge,Good peer contact,watch
2026-06-22,demo36,3.8,2.2,7.1,4,4.1,1,No action,Low sleep,stable
2026-06-23,demo36,3.6,1.8,6.7,3.6,4.2,1,No action,Took a short walk,stable
2026-06-24,demo36,4.1,2.3,7.9,3.7,3,1,No action,Busy timetable,stable
2026-06-25,demo36,4.2,1.5,7.2,3.5,3.9,1,No action,Felt supported,stable
2026-06-26,demo36,3.3,1.7,7.2,3.2,3.6,1,No action,Quiet day,stable
2026-06-27,demo36,3,2.5,6.6,3.5,3.1,1,No action,Steady day,watch
2026-06-28,demo36,2.5,2.3,6.5,3.4,3.6,1,No action,Deadline pressure,watch
2026-06-29,demo36,4.1,2.5,7,4,3,1,No action,Good peer contact,stable
2026-06-30,demo36,3.8,2,8,3.3,4.1,1,No action,Low sleep,stable
2026-07-01,demo36,3,3,7,3.7,3.2,1,No action,Took a short walk,watch
2026-07-02,demo36,3.7,2.6,7.3,3.6,3,1,No action,Busy timetable,stable
2026-07-03,demo36,3,2.3,7.1,3.9,3,1,No action,Felt supported,stable
2026-07-04,demo36,3.1,3,7.2,2.9,2.3,1,No action,Quiet day,elevated
2026-07-05,demo36,3,2.7,7.2,3,3.8,1,Gentle nudge,Steady day,watch
2026-07-06,demo36,3.2,3.1,7,4.2,2.9,1,Gentle nudge,Deadline pressure,watch
2026-07-07,demo36,3.8,2.4,7.3,3,3.4,1,No action,Good peer contact,stable
2026-07-08,demo36,4.2,2,7.6,3.9,3.8,1,No action,Low sleep,stable
2026-07-09,demo36,3.8,2.5,6,2.9,2,1,No action,Took a short walk,watch
2026-07-10,demo36,2.9,3,7.5,3.6,3.5,1,No action,Busy timetable,watch
2026-07-11,demo36,3.4,2.6,6.4,4.2,3.5,1,No action,Felt supported,stable
2026-07-12,demo36,3.6,2,7.3,3.2,3.4,1,No action,Quiet day,stable
2026-07-13,demo36,4.3,2.3,8.6,3.8,3.8,1,No action,Steady day,stable
2026-07-14,demo36,3.3,2.1,7.4,4,2.8,1,No action,Deadline pressure,stable
2026-07-15,demo36,4.1,1.9,7.7,3.9,3.4,1,No action,Good peer contact,stable
2026-07-16,demo36,2.7,2.4,6.6,3.1,2.9,1,No action,Low sleep,watch
2026-07-17,demo36,3.6,2.8,7.2,3.2,3.8,1,No action,Took a short walk,stable
2026-07-18,demo36,3.7,2.8,5.9,3.3,3.7,1,No action,Busy timetable,stable
2026-07-19,demo36,3.4,2.9,6.7,3.7,3.3,1,No action,Felt supported,stable
2026-07-20,demo36,4.4,2.2,6.7,4.1,4,1,No action,Quiet day,stable
2026-07-21,demo36,3.6,2.2,7.5,3.5,4.3,1,No action,Steady day,stable
2026-07-22,demo36,3.9,2.4,7,3.9,3.5,1,No action,Deadline pressure,stable
2026-07-23,demo36,4.8,2.1,8.4,4.3,3.4,1,No action,Good peer contact,stable
2026-07-24,demo36,3.6,2.1,7,3.8,4.4,1,No action,Low sleep,stable
2026-07-25,demo36,3.3,1.6,7.7,3.9,3.2,1,No action,Took a short walk,stable
2026-07-26,demo36,2.8,2.1,8.1,3.9,3.1,1,No action,Busy timetable,stable
2026-07-27,demo36,3.4,2.5,6.9,3.5,4.4,1,No action,Felt supported,stable
2026-07-28,demo36,3.7,1.9,8.1,4.1,3.5,1,No action,Quiet day,stable
2026-07-29,demo36,3.7,1.9,8.2,4.2,3.7,1,No action,Steady day,stable
2026-07-30,demo36,3.7,2.1,7.3,3.5,3.7,1,No action,Deadline pressure,stable
2026-07-31,demo36,2.7,2.9,8,3.7,3.6,1,No action,Good peer contact,watch
2026-08-01,demo36,3.5,2.6,6.4,3.9,3.6,1,No action,Low sleep,stable
2026-08-02,demo36,3.6,2.8,6,3.1,2.8,1,No action,Took a short walk,watch
2026-08-03,demo36,3,1.9,7.5,3.8,3.2,1,No action,Busy timetable,stable
2026-08-04,demo36,3.6,2.4,8.2,3.2,3.3,1,No action,Felt supported,stable
2026-08-05,demo36,3.5,2.3,7,4,3.4,1,No action,Quiet day,stable
2026-08-06,demo36,3.7,1.9,7.4,3.6,3.5,1,No action,Steady day,stable
2026-08-07,demo36,3,2.6,6.4,3.7,4.1,1,No action,Deadline pressure,stable
2026-08-08,demo36,2.9,2.3,8.5,3.9,3.5,1,No action,Good peer contact,stable
2026-08-09,demo36,3.2,2.7,7.2,2.9,3.1,1,No action,Low sleep,watch
2026-08-10,demo36,3.3,2.2,7.1,3.6,3.3,1,No action,Took a short walk,stable
2026-08-11,demo36,3.5,2,7.4,3.7,3.1,1,No action,Busy timetable,stable
2026-08-12,demo36,3.4,2.5,7,3.2,3.2,1,No action,Felt supported,stable
2026-08-13,demo36,4,2.8,7.9,4.4,3,1,No action,Quiet day,stable
2026-08-14,demo36,3.6,2.5,6.7,3,4,1,No action,Steady day,stable
2026-08-15,demo36,2.9,1.8,7.2,2.8,3.4,1,No action,Deadline pressure,stable
2026-08-16,demo36,2.8,2.5,6.9,3.2,2.4,1,Gentle nudge,Good peer contact,elevated
2026-08-17,demo36,3.2,2.6,6.8,3.1,3,1,No action,Low sleep,watch
2026-08-18,demo36,4.1,2.1,8.1,3.3,4.3,1,No action,Took a short walk,stable
2026-08-19,demo36,3.6,2.3,6.6,3.4,4,1,No action,Busy timetable,stable
2026-08-20,demo36,3.5,2.7,7.5,3.8,3.2,1,No action,Felt supported,stable
2026-08-21,demo36,3.9,2.2,6.8,4.1,4.1,1,No action,Quiet day,stable
2026-08-22,demo36,3.7,2.7,7,3.4,4,1,No action,Steady day,stable
2026-08-23,demo36,3,2.1,7.4,3,2.6,1,No action,Deadline pressure,watch
2026-08-24,demo36,3,2.4,7.5,3.9,3,1,No action,Good peer contact,stable
2026-08-25,demo36,2.9,2.3,6.2,3,3.6,1,No action,Low sleep,watch
2026-08-26,demo36,4.1,2.1,7.5,3.1,3.2,1,No action,Took a short walk,stable
2026-08-27,demo36,3.2,1.7,7.8,4.2,3.7,1,No action,Busy timetable,stable
2026-08-28,demo36,3.4,2.5,6.4,2.7,3,1,No action,Felt supported,watch
2026-08-29,demo36,2.4,3.3,6.8,3.8,3.5,1,Gentle nudge,Quiet day,elevated
2026-08-30,demo36,3.1,3,6.6,3.5,2.5,1,Gentle nudge,Steady day,elevated
2026-08-31,demo36,4.2,2.3,7,3.4,3,1,No action,Deadline pressure,stable
2026-09-01,demo36,3.1,2.6,7.2,3.8,4.1,1,No action,Good peer contact,stable
2026-09-02,demo36,3.5,2,7.1,4.2,2.9,1,No action,Low sleep,stable
2026-09-03,demo36,4,1.6,7.4,3.8,3.8,1,No action,Took a short walk,stable
2026-09-04,demo36,2.5,2.2,7.5,3.2,3,1,No action,Busy timetable,watch
2026-09-05,demo36,3.5,2.4,7.5,3.8,3.1,1,No action,Felt supported,stable
2026-09-06,demo36,3,2.3,7.7,3.7,3.3,1,No action,Quiet day,stable
2026-09-07,demo36,3.2,2.4,7.1,3.1,3.5,1,No action,Steady day,stable
2026-09-08,demo36,2.8,1.5,7.5,3.6,3,1,No action,Deadline pressure,stable
2026-09-09,demo36,3.8,2.3,7.4,2.9,3.8,1,No action,Good peer contact,stable
2026-09-10,demo36,3.3,2.3,6.6,3.6,3.3,1,No action,Low sleep,stable
2026-09-11,demo36,3,2.7,7.6,4.4,3.8,1,No action,Took a short walk,stable
2026-09-12,demo36,2.9,3.4,7,3.3,3.7,1,Gentle nudge,Busy timetable,elevated
2026-09-13,demo36,2.7,3.2,7.1,2.6,2.9,1,Gentle nudge,Felt supported,elevated
2026-09-14,demo36,3.6,2.7,6.4,3.2,3,1,No action,Quiet day,watch
2026-09-15,demo36,3.3,1.9,6,3.2,3.7,1,No action,Steady day,stable
2026-09-16,demo36,3.9,2,7.4,3.5,3.2,1,No action,Deadline pressure,stable
2026-09-17,demo36,3,2.4,7.9,3.5,2.5,1,No action,Good peer contact,watch
2026-09-18,demo36,3.4,3.5,6.4,3.1,3.3,1,Gentle nudge,Low sleep,elevated
2026-09-19,demo36,2.5,2.6,7.3,3.3,3.4,1,Gentle nudge,Took a short walk,watch
2026-03-24,demo37,3.5,2.2,6.6,3.9,3.9,1,No action,Took a short walk,stable
2026-03-25,demo37,4.3,1.7,8,4.3,4.1,1,No action,Busy timetable,stable
2026-03-26,demo37,3.7,1.6,7.5,3.6,3.6,1,No action,Felt supported,stable
2026-03-27,demo37,3.9,2.4,6.8,3.7,3.4,1,No action,Quiet day,stable
2026-03-28,demo37,4.1,2.2,7.2,4.3,3.9,1,No action,Steady day,stable
2026-03-29,demo37,3.7,2.2,7.5,3,4.4,1,No action,Deadline pressure,stable
2026-03-30,demo37,3.9,1.2,7.6,3.7,4,1,No action,Good peer contact,stable
2026-03-31,demo37,3.5,1.6,6.8,3.5,3.9,1,No action,Low sleep,stable
2026-04-01,demo37,3.9,1.7,8.1,4.9,3.2,1,No action,Took a short walk,stable
2026-04-02,demo37,4.5,2,8,3.7,3.5,1,No action,Busy timetable,stable
2026-04-03,demo37,3.1,2.1,7.7,3.7,3.3,1,No action,Felt supported,stable
2026-04-04,demo37,4.7,2.1,7.1,4.4,4.5,1,No action,Quiet day,stable
2026-04-05,demo37,3.2,1.7,7,3.6,3.9,1,No action,Steady day,stable
2026-04-06,demo37,4.3,1.9,7.7,4.4,3.4,1,No action,Deadline pressure,stable
2026-04-07,demo37,4.3,2.1,7.8,4,2.7,1,No action,Good peer contact,stable
2026-04-08,demo37,4,2.1,7.5,4.1,3.9,1,No action,Low sleep,stable
2026-04-09,demo37,4.2,2.3,7.2,3.5,4.4,1,No action,Took a short walk,stable
2026-04-10,demo37,3.4,2.2,8,3.8,3.6,1,No action,Busy timetable,stable
2026-04-11,demo37,3.6,2.6,7,3.4,4.5,1,No action,Felt supported,stable
2026-04-12,demo37,2.9,2.2,6.1,3.8,3,1,No action,Quiet day,stable
2026-04-13,demo37,3.8,2.6,6.7,3.8,3.1,1,No action,Steady day,stable
2026-04-14,demo37,4.2,1.7,7.6,4.1,4.2,1,No action,Deadline pressure,stable
2026-04-15,demo37,3.5,2.6,8,3.4,4.1,1,No action,Good peer contact,stable
2026-04-16,demo37,3,1.6,8.3,3.2,4.3,1,No action,Low sleep,stable
2026-04-17,demo37,3.8,2,6.8,4.1,4.7,1,No action,Took a short walk,stable
2026-04-18,demo37,4.7,2.6,7.2,3.8,3.8,1,No action,Busy timetable,stable
2026-04-19,demo37,3.9,2,7.6,4,4,1,No action,Felt supported,stable
2026-04-20,demo37,4.1,1.7,6.5,4,3.6,1,No action,Quiet day,stable
2026-04-21,demo37,4.4,2.2,7.4,4.3,4,1,No action,Steady day,stable
2026-04-22,demo37,4,1.4,8.1,4.2,4.2,1,No action,Deadline pressure,stable
2026-04-23,demo37,3.7,1.2,7.5,4.1,3.9,1,No action,Good peer contact,stable
2026-04-24,demo37,3.9,1.6,7.5,3.2,3.3,1,No action,Low sleep,stable
2026-04-25,demo37,3.6,2.3,6.7,2.6,3.3,1,No action,Took a short walk,stable
2026-04-26,demo37,3.4,2.3,6.4,3.3,3.6,1,No action,Busy timetable,stable
2026-04-27,demo37,3.3,2.6,7.1,3.4,3.2,1,No action,Felt supported,watch
2026-04-28,demo37,2.8,3,7.2,2.6,3.4,1,No action,Quiet day,elevated
2026-04-29,demo37,3.9,2.9,6.8,3.4,2.8,1,No action,Steady day,watch
2026-04-30,demo37,4,2.2,7.5,3.5,3.7,1,No action,Deadline pressure,stable
2026-05-01,demo37,3.2,2.7,7.2,3.4,3.1,1,No action,Good peer contact,watch
2026-05-02,demo37,3.2,3.1,7.3,3.8,3.2,1,No action,Low sleep,watch
2026-05-03,demo37,2.4,3.3,7.2,2.7,3.5,1,Gentle nudge,Took a short walk,elevated
2026-05-04,demo37,2.8,2.6,6.8,3.7,3,1,Gentle nudge,Busy timetable,watch
2026-05-05,demo37,3,3.2,6.6,3.5,3.3,1,Gentle nudge,Felt supported,watch
2026-05-06,demo37,2.9,2.6,6.2,3.5,3.3,1,No action,Quiet day,watch
2026-05-07,demo37,3.1,2.2,7.4,3.4,3.6,1,No action,Steady day,stable
2026-05-08,demo37,3.4,2.4,7.4,3.6,3.5,1,No action,Deadline pressure,stable
2026-05-09,demo37,3.2,3.1,7.1,3.3,3.2,1,No action,Good peer contact,watch
2026-05-10,demo37,3.7,2.7,7.8,3.6,3.1,1,No action,Low sleep,stable
2026-05-11,demo37,2.8,2.7,6.8,3.5,3.2,1,No action,Took a short walk,watch
2026-05-12,demo37,3.5,2.5,7,3,3.4,1,No action,Busy timetable,stable
2026-05-13,demo37,2.9,2.6,6.9,3.9,2.5,1,No action,Felt supported,watch
2026-05-14,demo37,3.6,2.5,8,3.4,3.9,1,No action,Quiet day,stable
2026-05-15,demo37,3.6,2.3,7.3,3.5,3.6,1,No action,Steady day,stable
2026-05-16,demo37,3.7,1.5,7.5,3.9,3.1,1,No action,Deadline pressure,stable
2026-05-17,demo37,3.8,3,7.2,3.8,3.3,1,No action,Good peer contact,stable
2026-05-18,demo37,3.7,2.8,7.3,3.5,3.8,1,No action,Low sleep,stable
2026-05-19,demo37,3.2,2.4,6.6,4.2,2.9,1,No action,Took a short walk,stable
2026-05-20,demo37,3.3,2.4,8.2,3.5,3.5,1,No action,Busy timetable,stable
2026-05-21,demo37,3.8,1.5,7.6,3.2,3.5,1,No action,Felt supported,stable
2026-05-22,demo37,3.3,1.7,6.9,3.4,4.2,1,No action,Quiet day,stable
2026-05-23,demo37,3.4,2.5,7.7,3.7,4.4,1,No action,Steady day,stable
2026-05-24,demo37,2.9,2.3,7,3.8,3.9,1,No action,Deadline pressure,stable
2026-05-25,demo37,3.7,2,6.9,3,3.3,1,No action,Good peer contact,stable
2026-05-26,demo37,3.1,1.7,6.8,3,4.4,1,No action,Low sleep,stable
2026-05-27,demo37,3.3,2.1,8.5,3.9,3.3,1,No action,Took a short walk,stable
2026-05-28,demo37,3.6,1.3,7.8,4.4,4.6,1,No action,Busy timetable,stable
2026-05-29,demo37,4.6,1.7,6.7,5,3.5,1,No action,Felt supported,stable
2026-05-30,demo37,4.1,2.1,7.6,3.6,3.4,1,No action,Quiet day,stable
2026-05-31,demo37,3.7,2.7,7,4,3.6,1,No action,Steady day,stable
2026-06-01,demo37,3.5,2.3,7.5,3.7,4.5,1,No action,Deadline pressure,stable
2026-06-02,demo37,4.4,2.2,7.4,3.6,3.4,1,No action,Good peer contact,stable
2026-06-03,demo37,3.9,2.2,7,3.9,2.9,1,No action,Low sleep,stable
2026-06-04,demo37,4.2,2.3,6.6,3.6,4.1,1,No action,Took a short walk,stable
2026-06-05,demo37,3.8,2,7.7,4.3,3.5,1,No action,Busy timetable,stable
2026-06-06,demo37,3.3,2.1,7.6,3.1,3.8,1,No action,Felt supported,stable
2026-06-07,demo37,3.1,2.9,6.9,3.4,3.8,1,No action,Quiet day,watch
2026-06-08,demo37,2.5,2.4,7,2.9,3.6,1,No action,Steady day,watch
2026-06-09,demo37,3.2,2.4,7.2,3.7,3.4,1,No action,Deadline pressure,stable
2026-06-10,demo37,3.4,2.2,6.7,3.2,3.4,1,No action,Good peer contact,stable
2026-06-11,demo37,4.1,2.2,8,3.5,3.9,1,No action,Low sleep,stable
2026-06-12,demo37,3.9,3.1,7.6,3.7,2.9,1,No action,Took a short walk,stable
2026-06-13,demo37,4,2.1,7.5,3.6,2.9,1,No action,Busy timetable,stable
2026-06-14,demo37,3.1,2.1,6.7,2.8,3.8,1,No action,Felt supported,stable
2026-06-15,demo37,3,2.2,7.5,3.3,3.7,1,No action,Quiet day,stable
2026-06-16,demo37,3.5,1.8,7.5,4.3,4.3,1,No action,Steady day,stable
2026-06-17,demo37,4.3,1.6,8.4,3.6,4.5,1,No action,Deadline pressure,stable
2026-06-18,demo37,4.4,1.4,7.8,4.5,3.4,1,No action,Good peer contact,stable
2026-06-19,demo37,4.8,1.7,7.6,4.7,3.8,1,No action,Low sleep,stable
2026-06-20,demo37,3.8,1.2,7.6,4.1,4.8,1,No action,Took a short walk,stable
2026-06-21,demo37,4.2,1.5,7.4,4.3,2.9,1,No action,Busy timetable,stable
2026-06-22,demo37,3.5,1.8,7.6,3.5,4.6,1,No action,Felt supported,stable
2026-06-23,demo37,3.9,2.2,7,3.6,3.9,1,No action,Quiet day,stable
2026-06-24,demo37,2.9,2.9,6.9,3.6,3.9,1,No action,Steady day,watch
2026-06-25,demo37,3.3,2.2,7.5,4.4,3.8,1,No action,Deadline pressure,stable
2026-06-26,demo37,3.4,1.8,7.6,3.5,3.1,1,No action,Good peer contact,stable
2026-06-27,demo37,4.4,2.4,8.3,3.3,3.7,1,No action,Low sleep,stable
2026-06-28,demo37,4.2,2.1,6.9,3.1,3.1,1,No action,Took a short walk,stable
2026-06-29,demo37,3.6,1.5,7.3,3,2.8,1,No action,Busy timetable,stable
2026-06-30,demo37,3.5,1.8,8,3,4.2,1,No action,Felt supported,stable
2026-07-01,demo37,4.5,2.1,7.7,3.9,3.4,1,No action,Quiet day,stable
2026-07-02,demo37,4.4,2.5,7.8,4.9,3.8,1,No action,Steady day,stable
2026-07-03,demo37,4,2.7,6.5,4.3,2.6,1,No action,Deadline pressure,stable
2026-07-04,demo37,3.6,1.6,6.7,4.1,3.9,1,No action,Good peer contact,stable
2026-07-05,demo37,3.7,2.1,6.8,3.2,3,1,No action,Low sleep,stable
2026-07-06,demo37,2.9,2.6,7.6,3.5,3.4,1,No action,Took a short walk,watch
2026-07-07,demo37,3.6,2.4,7.6,3,3.6,1,No action,Busy timetable,stable
2026-07-08,demo37,3.3,2.6,7.3,3.8,2.9,1,No action,Felt supported,stable
2026-07-09,demo37,3.6,1.9,6.5,4.1,3.6,1,No action,Quiet day,stable
2026-07-10,demo37,3.2,3.5,7.1,2.7,4,1,No action,Steady day,elevated
2026-07-11,demo37,3.7,3.2,6.8,2.7,4.2,1,No action,Deadline pressure,watch
2026-07-12,demo37,3.5,3.2,6.5,3.3,3.4,1,Gentle nudge,Good peer contact,watch
2026-07-13,demo37,3.3,2.4,7.1,3.8,3.3,1,No action,Low sleep,stable
2026-07-14,demo37,3,2.2,7.4,3.2,3.7,1,No action,Took a short walk,stable
2026-07-15,demo37,3.9,2.7,8.6,3.5,3.2,1,No action,Busy timetable,stable
2026-07-16,demo37,3.9,1.6,8,3.5,4.8,1,No action,Felt supported,stable
2026-07-17,demo37,3.8,1.4,7.2,3.9,4.2,1,No action,Quiet day,stable
2026-07-18,demo37,3.3,2.1,7.1,3.6,3.9,1,No action,Steady day,stable
2026-07-19,demo37,3.3,2.3,8.3,3.3,4.1,1,No action,Deadline pressure,stable
2026-07-20,demo37,3.5,2.9,8,3.9,3.8,1,No action,Good peer contact,stable
2026-07-21,demo37,3.2,1.8,7.1,3.5,4,1,No action,Low sleep,stable
2026-07-22,demo37,3.2,2.4,6.9,3.7,3.8,1,No action,Took a short walk,stable
2026-07-23,demo37,3.2,2,7.7,4.3,3.2,1,No action,Busy timetable,stable
2026-07-24,demo37,4,2.1,6.8,3.4,3,1,No action,Felt supported,stable
2026-07-25,demo37,3.5,2.7,8.2,3.5,3.6,1,No action,Quiet day,stable
2026-07-26,demo37,2.7,2.9,6.7,4,3.5,1,No action,Steady day,watch
2026-07-27,demo37,3.6,1.7,8.5,3.9,3.9,1,No action,Deadline pressure,stable
2026-07-28,demo37,4.2,2.3,7.6,3.3,3.3,1,No action,Good peer contact,stable
2026-07-29,demo37,3.5,3,7.6,3.6,2.8,1,No action,Low sleep,watch
2026-07-30,demo37,3.7,3.1,7.6,3.7,3.5,1,No action,Took a short walk,stable
2026-07-31,demo37,3,2.8,7.4,3.6,3.5,1,No action,Busy timetable,watch
2026-08-01,demo37,3.7,2.6,6.5,3.7,4.2,1,No action,Felt supported,stable
2026-08-02,demo37,3.3,2.9,7,3.5,4.2,1,No action,Quiet day,stable
2026-08-03,demo37,3,2,7,3.1,3.4,1,No action,Steady day,stable
2026-08-04,demo37,4.1,2,6.9,4.2,3,1,No action,Deadline pressure,stable
2026-08-05,demo37,3.9,1.8,6.8,3.7,3.9,1,No action,Good peer contact,stable
2026-08-06,demo37,3.2,1.5,6.6,3.8,3.9,1,No action,Low sleep,stable
2026-08-07,demo37,3.6,2.4,7,3.9,4.2,1,No action,Took a short walk,stable
2026-08-08,demo37,4.5,2.9,7.3,3.4,4.5,1,No action,Busy timetable,stable
2026-08-09,demo37,2.9,2.2,7.3,3.5,3.1,1,No action,Felt supported,stable
2026-08-10,demo37,2.9,2.3,7.3,2.3,4,1,No action,Quiet day,watch
2026-08-11,demo37,3.1,2.7,7.5,3.8,3.3,1,No action,Steady day,stable
2026-08-12,demo37,3.2,2.4,6.9,3.6,3.9,1,No action,Deadline pressure,stable
2026-08-13,demo37,3.9,2.6,6.3,4.1,2.4,1,No action,Good peer contact,stable
2026-08-14,demo37,3.6,3,7.2,3.5,3.3,1,No action,Low sleep,stable
2026-08-15,demo37,3,2.2,7.3,3.4,3.2,1,No action,Took a short walk,stable
2026-08-16,demo37,2.8,2.4,7.3,2.4,2.9,1,No action,Busy timetable,elevated
2026-08-17,demo37,3.2,2.4,6.3,3,2.5,1,No action,Felt supported,watch
2026-08-18,demo37,3.4,3.1,7,4.4,3.3,1,No action,Quiet day,stable
2026-08-19,demo37,3.8,2.3,7.3,3.8,4,1,No action,Steady day,stable
2026-08-20,demo37,3.2,2,6.1,3.5,3.7,1,No action,Deadline pressure,stable
2026-08-21,demo37,3.7,2.5,6.2,3.9,3.1,1,No action,Good peer contact,stable
2026-08-22,demo37,2.9,2.3,7.4,3.9,4,1,No action,Low sleep,stable
2026-08-23,demo37,3.1,2.9,6.2,3.1,3.8,1,Gentle nudge,Took a short walk,watch
2026-08-24,demo37,2.9,3.4,6.9,2.8,3.1,1,Gentle nudge,Busy timetable,elevated
2026-08-25,demo37,3.2,3.2,6.8,3.4,2.8,1,Gentle nudge,Felt supported,elevated
2026-08-26,demo37,2.9,3.2,6.9,2.9,3,1,No action,Quiet day,elevated
2026-08-27,demo37,3.2,2.7,6.4,4,2.9,1,No action,Steady day,watch
2026-08-28,demo37,3.7,2.2,6.4,2.9,3.2,1,Gentle nudge,Deadline pressure,stable
2026-08-29,demo37,2.9,3.8,6.4,2.9,3.2,1,Gentle nudge,Good peer contact,elevated
2026-08-30,demo37,2.8,3.9,7.4,2.4,2.7,1,Gentle nudge,Low sleep,elevated
2026-08-31,demo37,3.4,2.8,7.1,3.4,3.5,1,Gentle nudge,Took a short walk,stable
2026-09-01,demo37,2.8,2.1,7.9,2.9,3.2,1,No action,Busy timetable,watch
2026-09-02,demo37,3.8,2.5,6.8,3,3.9,1,No action,Felt supported,stable
2026-09-03,demo37,3.5,2.5,7,3.5,3.4,1,No action,Quiet day,stable
2026-09-04,demo37,3.8,2.6,7.8,4,3.2,1,No action,Steady day,stable
2026-09-05,demo37,3.4,2.4,7.4,4.1,3.9,1,No action,Deadline pressure,stable
2026-09-06,demo37,3,2.3,7.1,3,3.5,1,Gentle nudge,Good peer contact,watch
2026-09-07,demo37,3.1,2.9,7.3,3.4,3.4,1,Gentle nudge,Low sleep,watch
2026-09-08,demo37,3.1,3.5,7,3.4,3.2,1,No action,Took a short walk,elevated
2026-09-09,demo37,3.6,1.9,7.2,3.3,3.8,1,No action,Busy timetable,stable
2026-09-10,demo37,4.3,1.8,7.9,4.1,3.8,1,No action,Felt supported,stable
2026-09-11,demo37,4.2,2,7.4,3.9,3.5,1,No action,Quiet day,stable
2026-09-12,demo37,3.3,2.6,7.7,4,4.3,1,No action,Steady day,stable
2026-09-13,demo37,3.3,2.7,7.6,3.9,2.9,1,No action,Deadline pressure,stable
2026-09-14,demo37,3.4,2.5,6.7,3.7,3.3,1,No action,Good peer contact,stable
2026-09-15,demo37,4,2,6.7,3,4.2,1,No action,Low sleep,stable
2026-09-16,demo37,4.1,2.3,7.6,3.8,3.7,1,No action,Took a short walk,stable
2026-09-17,demo37,3.7,1,6.8,4.7,4,1,No action,Busy timetable,stable
2026-09-18,demo37,3.9,1.5,8,4.3,3.5,1,No action,Felt supported,stable
2026-09-19,demo37,3.3,2.7,7.2,3.6,4,1,No action,Quiet day,stable
2026-03-24,demo38,3.4,2.7,6.5,3.1,3.4,1,No action,Quiet day,watch
2026-03-25,demo38,3.1,2.3,7.2,3.6,3.1,1,No action,Steady day,stable
2026-03-26,demo38,4,2.1,6.8,3.6,3.8,1,No action,Deadline pressure,stable
2026-03-27,demo38,3.4,2.2,7.4,4.1,3.5,1,No action,Good peer contact,stable
2026-03-28,demo38,4,2.7,7,3.5,3.5,1,No action,Low sleep,stable
2026-03-29,demo38,3.3,2.6,7.1,3,3.8,1,No action,Took a short walk,stable
2026-03-30,demo38,4.2,2.5,7.4,3.3,3.9,1,No action,Busy timetable,stable
2026-03-31,demo38,3.9,2.4,6.1,3.9,3.5,1,No action,Felt supported,stable
2026-04-01,demo38,3.1,3,7.7,3.4,3.6,1,No action,Quiet day,watch
2026-04-02,demo38,3.2,3.1,6.9,3.7,3.5,1,No action,Steady day,watch
2026-04-03,demo38,3.6,1.3,7.8,4,4.1,1,No action,Deadline pressure,stable
2026-04-04,demo38,4.3,1.1,7.7,4.7,3.8,1,No action,Good peer contact,stable
2026-04-05,demo38,3.5,2,7.9,4,3.5,1,No action,Low sleep,stable
2026-04-06,demo38,3,2,6.8,3.6,3.4,1,No action,Took a short walk,stable
2026-04-07,demo38,2.9,2.8,7.1,3.4,3.4,1,No action,Busy timetable,watch
2026-04-08,demo38,3.9,2.8,7.3,3.1,3.7,1,No action,Felt supported,stable
2026-04-09,demo38,3.5,2.7,7.6,3.2,3.8,1,No action,Quiet day,stable
2026-04-10,demo38,3.1,2.4,8.4,3.1,3.1,1,No action,Steady day,watch
2026-04-11,demo38,2.9,2.3,7.1,3.7,3.5,1,No action,Deadline pressure,stable
2026-04-12,demo38,3.2,2.3,6.3,3.2,2.8,1,No action,Good peer contact,watch
2026-04-13,demo38,2.7,2.6,6.6,3,3.3,1,No action,Low sleep,watch
2026-04-14,demo38,3.1,3,6.4,2.3,3.8,1,Gentle nudge,Took a short walk,elevated
2026-04-15,demo38,2.7,2.3,6.3,3.1,2.7,1,Gentle nudge,Busy timetable,elevated
2026-04-16,demo38,2.7,2.5,6.2,3.2,2.7,1,No action,Felt supported,elevated
2026-04-17,demo38,4.4,2.5,7.8,3.6,3.6,1,No action,Quiet day,stable
2026-04-18,demo38,2.7,2.6,6.6,3.2,3.3,1,No action,Steady day,watch
2026-04-19,demo38,3.7,2.1,6.3,3,3.4,1,No action,Deadline pressure,stable
2026-04-20,demo38,3,3.5,5.9,3.1,3.1,1,Gentle nudge,Good peer contact,elevated
2026-04-21,demo38,2.9,3,7.3,3.4,2.5,1,No action,Low sleep,elevated
2026-04-22,demo38,3,2.3,6.5,3,3.6,1,No action,Took a short walk,watch
2026-04-23,demo38,3.5,2.2,7.4,3.5,3.9,1,No action,Busy timetable,stable
2026-04-24,demo38,3.6,2.1,7.4,3.8,4,1,No action,Felt supported,stable
2026-04-25,demo38,2.8,2.1,7.2,3.9,3.6,1,No action,Quiet day,stable
2026-04-26,demo38,3.7,2.1,7.6,3.6,3.7,1,No action,Steady day,stable
2026-04-27,demo38,2.7,2.5,7.1,3.6,4,1,No action,Deadline pressure,stable
2026-04-28,demo38,3.3,2,7.5,3.7,4.3,1,No action,Good peer contact,stable
2026-04-29,demo38,3.4,2.7,7.7,3.7,4.1,1,No action,Low sleep,stable
2026-04-30,demo38,3.8,2.2,7.4,3.9,3.2,1,No action,Took a short walk,stable
2026-05-01,demo38,4.6,2.3,7.5,3.7,3.4,1,No action,Busy timetable,stable
2026-05-02,demo38,4.4,1.8,7.5,4.3,4,1,No action,Felt supported,stable
2026-05-03,demo38,3.6,1.8,7.2,4.5,3.6,1,No action,Quiet day,stable
2026-05-04,demo38,3.3,2.3,8,4.3,3.8,1,No action,Steady day,stable
2026-05-05,demo38,3.1,2.4,7.1,3.4,3.5,1,No action,Deadline pressure,stable
2026-05-06,demo38,3.9,2.2,7.6,3.5,3.3,1,No action,Good peer contact,stable
2026-05-07,demo38,4.1,2,7.7,3.7,2.8,1,No action,Low sleep,stable
2026-05-08,demo38,4.1,1.3,7.8,3.8,3.5,1,No action,Took a short walk,stable
2026-05-09,demo38,4,1,8,4.3,4.3,1,No action,Busy timetable,stable
2026-05-10,demo38,3.6,1.6,8,4.1,3.7,1,No action,Felt supported,stable
2026-05-11,demo38,3.7,2.1,7.7,3.7,2.7,1,No action,Quiet day,stable
2026-05-12,demo38,3.3,2.3,6.3,3.4,3.9,1,No action,Steady day,stable
2026-05-13,demo38,3.7,3.3,7.4,3.9,3.9,1,No action,Deadline pressure,stable
2026-05-14,demo38,3.5,2.2,7.1,3.7,2.7,1,No action,Good peer contact,stable
2026-05-15,demo38,3.8,1.8,7.4,3.8,3.3,1,No action,Low sleep,stable
2026-05-16,demo38,4.3,1.6,7.2,3.5,2.8,1,No action,Took a short walk,stable
2026-05-17,demo38,3.6,1.9,7.1,4.6,3.2,1,No action,Busy timetable,stable
2026-05-18,demo38,3,2.8,7.5,3.3,3,1,No action,Felt supported,watch
2026-05-19,demo38,3.2,2.5,6.8,3.8,3.7,1,No action,Quiet day,stable
2026-05-20,demo38,3.7,2,7.7,3,3.1,1,No action,Steady day,stable
2026-05-21,demo38,3.6,1.2,8,3.4,3.3,1,No action,Deadline pressure,stable
2026-05-22,demo38,3.6,1.2,7.9,4.2,4,1,No action,Good peer contact,stable
2026-05-23,demo38,3.5,2.2,7.9,3.7,3.6,1,No action,Low sleep,stable
2026-05-24,demo38,3.7,2,6.9,4,3.4,1,No action,Took a short walk,stable
2026-05-25,demo38,3.3,2.8,6.9,2.9,3.5,1,No action,Busy timetable,watch
2026-05-26,demo38,3.2,2.4,6.8,3.9,1.9,1,No action,Felt supported,watch
2026-05-27,demo38,3.8,2,7.8,3.7,3.2,1,No action,Quiet day,stable
2026-05-28,demo38,3.6,2.3,7.6,4.3,3.9,1,No action,Steady day,stable
2026-05-29,demo38,4.3,1.9,7.9,4.3,3.8,1,No action,Deadline pressure,stable
2026-05-30,demo38,3.5,2.7,7.2,3.7,3.6,1,No action,Good peer contact,stable
2026-05-31,demo38,3.3,1.9,7.7,3.7,4.5,1,No action,Low sleep,stable
2026-06-01,demo38,3.1,2.1,6.9,3.3,3.7,1,No action,Took a short walk,stable
2026-06-02,demo38,2.9,2.6,6.5,3,3.9,1,No action,Busy timetable,watch
2026-06-03,demo38,3.5,2.4,6.7,3.7,2.6,1,No action,Felt supported,stable
2026-06-04,demo38,3.4,1.8,7.7,3.5,3,1,No action,Quiet day,stable
2026-06-05,demo38,3.7,2.1,8.1,3.9,3.6,1,No action,Steady day,stable
2026-06-06,demo38,3.4,1.1,7.8,3.7,4.1,1,No action,Deadline pressure,stable
2026-06-07,demo38,4,2.3,6.7,2.7,3.2,1,No action,Good peer contact,stable
2026-06-08,demo38,3.5,2.9,6.9,3.2,2.9,1,No action,Low sleep,watch
2026-06-09,demo38,3.2,2.2,7.3,3.4,3,1,No action,Took a short walk,stable
2026-06-10,demo38,3.7,2.9,6.8,2.9,3.6,1,No action,Busy timetable,watch
2026-06-11,demo38,3.5,2.7,7.7,3.7,4.8,1,No action,Felt supported,stable
2026-06-12,demo38,3.6,1.7,8,4.2,4.1,1,No action,Quiet day,stable
2026-06-13,demo38,3.4,1.7,6.8,4.1,3.9,1,No action,Steady day,stable
2026-06-14,demo38,3.8,2.2,8.2,4,4,1,No action,Deadline pressure,stable
2026-06-15,demo38,3.9,2.4,6.5,3.3,2.9,1,No action,Good peer contact,stable
2026-06-16,demo38,2.7,2.2,7.3,3.1,3.8,1,No action,Low sleep,stable
2026-06-17,demo38,3.3,2.4,7.3,3.3,3.9,1,No action,Took a short walk,stable
2026-06-18,demo38,3.9,2,7,4.4,2.8,1,No action,Busy timetable,stable
2026-06-19,demo38,3.5,2.3,7.3,3.2,3.4,1,No action,Felt supported,stable
2026-06-20,demo38,3.7,1.9,7.6,4.1,3.4,1,No action,Quiet day,stable
2026-06-21,demo38,3.8,2.2,7.8,4.3,4.2,1,No action,Steady day,stable
2026-06-22,demo38,4.9,2.3,6.9,3.5,3.3,1,No action,Deadline pressure,stable
2026-06-23,demo38,3.9,2.3,7.7,3.9,3.2,1,No action,Good peer contact,stable
2026-06-24,demo38,4.2,1.2,9,4,4.1,1,No action,Low sleep,stable
2026-06-25,demo38,4.5,1.9,7.7,4.2,3.2,1,No action,Took a short walk,stable
2026-06-26,demo38,3.6,2.2,7,4.5,4,1,No action,Busy timetable,stable
2026-06-27,demo38,3.7,1.7,7,4.6,4.2,1,No action,Felt supported,stable
2026-06-28,demo38,4.2,1.5,7.4,4.2,4.1,1,No action,Quiet day,stable
2026-06-29,demo38,2.9,2,7.3,4.5,4.1,1,No action,Steady day,stable
2026-06-30,demo38,3.3,2.3,6.8,3.1,3,1,No action,Deadline pressure,watch
2026-07-01,demo38,3.4,2.3,8,3.2,3.2,1,No action,Good peer contact,stable
2026-07-02,demo38,3,2.9,8,3.5,3.9,1,No action,Low sleep,stable
2026-07-03,demo38,3.5,1.9,7,3.3,3.3,1,No action,Took a short walk,stable
2026-07-04,demo38,3.6,2.4,7.8,2.9,3.7,1,No action,Busy timetable,stable
2026-07-05,demo38,3,2.3,8.3,4.5,3.4,1,No action,Felt supported,stable
2026-07-06,demo38,3.9,1.7,6.6,3.4,3.1,1,No action,Quiet day,stable
2026-07-07,demo38,3.6,2.9,6.4,3.6,3.9,1,No action,Steady day,stable
2026-07-08,demo38,3.6,2.1,7.7,3.5,3.5,1,No action,Deadline pressure,stable
2026-07-09,demo38,3,1.9,7.4,3.6,3.3,1,No action,Good peer contact,stable
2026-07-10,demo38,4.7,2.5,7.9,3.6,3.7,1,No action,Low sleep,stable
2026-07-11,demo38,4.5,1.6,7.5,3.9,3.6,1,No action,Took a short walk,stable
2026-07-12,demo38,3.2,2,6.1,3.7,4.6,1,No action,Busy timetable,stable
2026-07-13,demo38,3.5,2.5,6.9,3.1,3,1,No action,Felt supported,watch
2026-07-14,demo38,3.7,2.8,7.1,3.1,4,1,No action,Quiet day,stable
2026-07-15,demo38,3.7,2,7.6,3.8,3.7,1,No action,Steady day,stable
2026-07-16,demo38,3.8,2.2,7.3,3.4,4.2,1,No action,Deadline pressure,stable
2026-07-17,demo38,3.6,1.4,7.6,3.7,3.5,1,No action,Good peer contact,stable
2026-07-18,demo38,4.1,1.9,6.5,4,3.8,1,No action,Low sleep,stable
2026-07-19,demo38,3.3,2.4,7.4,4.5,3.3,1,No action,Took a short walk,stable
2026-07-20,demo38,4.1,2.3,7.3,3.8,3.1,1,No action,Busy timetable,stable
2026-07-21,demo38,3.7,2.3,7.5,3.3,4.2,1,No action,Felt supported,stable
2026-07-22,demo38,3.6,1.4,7,3.9,3.9,1,No action,Quiet day,stable
2026-07-23,demo38,3.1,2.6,8.2,3.3,3.8,1,No action,Steady day,stable
2026-07-24,demo38,3.5,1.7,7.2,4.5,3.5,1,No action,Deadline pressure,stable
2026-07-25,demo38,3.7,1.6,6.8,3.6,3.6,1,No action,Good peer contact,stable
2026-07-26,demo38,4.4,2,7.3,4.2,3.3,1,No action,Low sleep,stable
2026-07-27,demo38,3.3,1.9,6.9,3.5,3.1,1,No action,Took a short walk,stable
2026-07-28,demo38,3.3,2.4,7,2.3,2.6,1,No action,Busy timetable,elevated
2026-07-29,demo38,3.9,3.1,6.5,4,4,1,No action,Felt supported,stable
2026-07-30,demo38,4.5,2.2,7.6,3.6,3.5,1,No action,Quiet day,stable
2026-07-31,demo38,4.3,1.7,8.1,3.9,4,1,No action,Steady day,stable
2026-08-01,demo38,3.9,2.2,7,3.8,3.9,1,No action,Deadline pressure,stable
2026-08-02,demo38,3.4,2.7,7.5,3.5,3.7,1,No action,Good peer contact,stable
2026-08-03,demo38,2.6,2.5,6.4,3.7,2.4,1,No action,Low sleep,elevated
2026-08-04,demo38,2.5,3.1,7,2.7,3.2,1,Gentle nudge,Took a short walk,elevated
2026-08-05,demo38,2.5,3.6,7.1,2.4,3.7,1,Gentle nudge,Busy timetable,elevated
2026-08-06,demo38,3.1,2.7,7.2,2.9,3.7,1,Gentle nudge,Felt supported,watch
2026-08-07,demo38,3.7,3.2,6.8,3.8,3.9,1,No action,Quiet day,stable
2026-08-08,demo38,4.2,2.9,7,2.9,2.2,1,Gentle nudge,Steady day,watch
2026-08-09,demo38,2.8,2.9,6.5,3.6,3.3,1,Gentle nudge,Deadline pressure,watch
2026-08-10,demo38,2.1,3.9,6.1,3.2,3.7,1,Self-guided support,Good peer contact,elevated
2026-08-11,demo38,1.8,3.5,6.1,3.3,3.3,1,Self-guided support,Low sleep,elevated
2026-08-12,demo38,2.5,2.8,6.3,2.8,3,1,Self-guided support,Took a short walk,elevated
2026-08-13,demo38,2.4,2.8,6.8,3,3,1,Gentle nudge,Busy timetable,elevated
2026-08-14,demo38,2.4,3.7,6,3.5,2.8,1,Self-guided support,Felt supported,elevated
2026-08-15,demo38,3.1,3.8,7.1,3.7,2.9,1,Self-guided support,Quiet day,elevated
2026-08-16,demo38,2.5,3.1,7.2,3.2,2,1,Self-guided support,Steady day,elevated
2026-08-17,demo38,2.4,3.5,5.7,2.6,2.4,1,Self-guided support,Deadline pressure,elevated
2026-08-18,demo38,2.9,3.4,6.2,2.3,3.5,1,Gentle nudge,Good peer contact,elevated
2026-08-19,demo38,3.1,3,6.9,3.3,2.1,1,Gentle nudge,Low sleep,elevated
2026-08-20,demo38,2.9,2.4,7,3.6,3.8,1,No action,Took a short walk,stable
2026-08-21,demo38,3.6,2.5,6.7,3.2,2.9,1,No action,Busy timetable,watch
2026-08-22,demo38,3.3,3.3,7.8,3.2,3.7,1,No action,Felt supported,watch
2026-08-23,demo38,3.5,3.2,7.6,3.6,3.1,1,Gentle nudge,Quiet day,watch
2026-08-24,demo38,3.3,2.6,6.8,3.2,3.9,1,No action,Steady day,stable
2026-08-25,demo38,2.6,2.7,7.1,3.9,3.8,1,No action,Deadline pressure,stable
2026-08-26,demo38,3.2,2.2,7.3,3,3.2,1,No action,Good peer contact,stable
2026-08-27,demo38,3.3,2.1,6.9,4,4,1,No action,Low sleep,stable
2026-08-28,demo38,3.5,2.3,7.8,3.3,4.5,1,No action,Took a short walk,stable
2026-08-29,demo38,3.7,2.5,6.7,4.1,3.1,1,No action,Busy timetable,stable
2026-08-30,demo38,3.6,3,6.5,3,3.5,1,No action,Felt supported,watch
2026-08-31,demo38,3.4,2.1,7.3,3.3,3.3,1,No action,Quiet day,stable
2026-09-01,demo38,3.4,2.1,6.6,3.3,3.8,1,No action,Steady day,stable
2026-09-02,demo38,3.9,1.8,6.9,3.7,3.1,1,No action,Deadline pressure,stable
2026-09-03,demo38,4.4,2,8.5,4.1,4.5,1,No action,Good peer contact,stable
2026-09-04,demo38,3.8,1.3,7.2,3.9,3.6,1,No action,Low sleep,stable
2026-09-05,demo38,3.9,2.1,8.4,4.9,3.9,1,No action,Took a short walk,stable
2026-09-06,demo38,4,1,7.4,3.6,3.4,1,No action,Busy timetable,stable
2026-09-07,demo38,3.6,2.9,7.3,4.6,4.2,1,No action,Felt supported,stable
2026-09-08,demo38,2.6,2.4,7.6,3,2.8,1,No action,Quiet day,elevated
2026-09-09,demo38,3.4,3,6.9,4,3.9,1,No action,Steady day,stable
2026-09-10,demo38,4.4,2.1,8.3,3.7,3.6,1,No action,Deadline pressure,stable
2026-09-11,demo38,3.9,2,8.5,4.3,4.8,1,No action,Good peer contact,stable
2026-09-12,demo38,3.9,1.9,7.8,3.8,4,1,No action,Low sleep,stable
2026-09-13,demo38,3.8,2.4,8.6,3,4,1,No action,Took a short walk,stable
2026-09-14,demo38,4,1.6,6.8,4.4,3.9,1,No action,Busy timetable,stable
2026-09-15,demo38,4.8,2.4,8.4,4,3.4,1,No action,Felt supported,stable
2026-09-16,demo38,4.1,2.1,8,3.6,3.9,1,No action,Quiet day,stable
2026-09-17,demo38,4.3,1.5,7.1,3.9,4.2,1,No action,Steady day,stable
2026-09-18,demo38,3.8,1,8.7,4.5,3.6,1,No action,Deadline pressure,stable
2026-09-19,demo38,4.5,1,8,4,3.9,1,No action,Good peer contact,stable
2026-03-24,demo39,4.2,3,6.4,3.8,3.7,1,No action,Good peer contact,stable
2026-03-25,demo39,3.7,2.3,7.7,3.9,2.7,1,No action,Low sleep,stable
2026-03-26,demo39,3.8,2.7,7.2,3.6,3.4,1,No action,Took a short walk,stable
2026-03-27,demo39,3.2,2.2,7.6,3.8,4.2,1,No action,Busy timetable,stable
2026-03-28,demo39,3.4,2.4,7.4,3.9,3.6,1,No action,Felt supported,stable
2026-03-29,demo39,3.1,1.8,6.7,4.1,3,1,No action,Quiet day,stable
2026-03-30,demo39,3.6,2.6,7,3,3.6,1,No action,Steady day,stable
2026-03-31,demo39,3.2,2.8,6.7,3.4,4.4,1,No action,Deadline pressure,stable
2026-04-01,demo39,3.8,2.7,6.6,3.2,3,1,No action,Good peer contact,watch
2026-04-02,demo39,3,2.6,7.1,3,3.5,1,No action,Low sleep,watch
2026-04-03,demo39,2.9,2.6,7.1,3.2,3.5,1,No action,Took a short walk,watch
2026-04-04,demo39,4,1.9,7.2,2.4,3.7,1,No action,Busy timetable,stable
2026-04-05,demo39,4.3,2.4,7.5,3.8,2.9,1,No action,Felt supported,stable
2026-04-06,demo39,3,2.4,7.6,3.4,3.6,1,No action,Quiet day,stable
2026-04-07,demo39,3.7,1.8,7.1,4.3,3.6,1,No action,Steady day,stable
2026-04-08,demo39,3.6,2.5,6.5,3,3.6,1,No action,Deadline pressure,stable
2026-04-09,demo39,2.5,3,7,3.5,2.5,1,No action,Good peer contact,elevated
2026-04-10,demo39,3.3,2.1,7.8,3.5,2.5,1,No action,Low sleep,stable
2026-04-11,demo39,3,2.4,6.7,3.9,3.5,1,No action,Took a short walk,stable
2026-04-12,demo39,4.5,1.5,7.8,3.9,3.4,1,No action,Busy timetable,stable
2026-04-13,demo39,3.9,1.9,7.2,4.2,4,1,No action,Felt supported,stable
2026-04-14,demo39,3.7,2.2,8,4,4,1,No action,Quiet day,stable
2026-04-15,demo39,3.4,2.1,7.6,3.8,3.7,1,No action,Steady day,stable
2026-04-16,demo39,3.8,2.1,7.4,3.2,4.1,1,No action,Deadline pressure,stable
2026-04-17,demo39,3.4,2,7.1,4.1,4.5,1,No action,Good peer contact,stable
2026-04-18,demo39,4.8,1.2,7.3,3.3,3,1,No action,Low sleep,stable
2026-04-19,demo39,3.6,2.3,8.5,2.9,3.3,1,No action,Took a short walk,stable
2026-04-20,demo39,2.9,2.4,7.2,3.4,3.2,1,No action,Busy timetable,watch
2026-04-21,demo39,3.3,3.1,7.1,3.8,3.8,1,No action,Felt supported,stable
2026-04-22,demo39,3.3,3.5,7.7,3.1,2.6,1,No action,Quiet day,elevated
2026-04-23,demo39,3.2,2.8,6.8,3.3,2.7,1,No action,Steady day,watch
2026-04-24,demo39,2.9,2.9,7.1,3.3,4.2,1,No action,Deadline pressure,watch
2026-04-25,demo39,3.9,1.7,7.6,4,3.8,1,No action,Good peer contact,stable
2026-04-26,demo39,3.1,1.5,7.6,3.4,4,1,No action,Low sleep,stable
2026-04-27,demo39,3.8,2.6,7.4,3.7,3.8,1,No action,Took a short walk,stable
2026-04-28,demo39,3.7,2.7,7.8,3.8,3.4,1,No action,Busy timetable,stable
2026-04-29,demo39,3.5,2.7,7.4,3.9,2.7,1,No action,Felt supported,stable
2026-04-30,demo39,3.2,2.3,7.5,3.2,3.7,1,No action,Quiet day,stable
2026-05-01,demo39,3.8,2.6,7.1,2.5,3.4,1,Gentle nudge,Steady day,watch
2026-05-02,demo39,3.4,2.3,7.6,3.2,3.3,1,Gentle nudge,Deadline pressure,stable
2026-05-03,demo39,3,2.7,8,3.6,3.4,1,Gentle nudge,Good peer contact,stable
2026-05-04,demo39,2.9,2,6.6,3.1,4,1,No action,Low sleep,stable
2026-05-05,demo39,3,3.2,7.1,3.3,2.8,1,No action,Took a short walk,elevated
2026-05-06,demo39,3.6,2.6,8,3.1,3.6,1,No action,Busy timetable,stable
2026-05-07,demo39,2.7,3.6,7,2.9,3.3,1,Gentle nudge,Felt supported,elevated
2026-05-08,demo39,3.6,2.8,7.1,3.5,3.6,1,No action,Quiet day,stable
2026-05-09,demo39,3.2,3.1,7.8,3.5,3.6,1,No action,Steady day,watch
2026-05-10,demo39,3.1,2.7,6.7,3.4,3.8,1,No action,Deadline pressure,stable
2026-05-11,demo39,3,2,8,3.4,3.6,1,No action,Good peer contact,stable
2026-05-12,demo39,3.9,2.7,7.4,3.4,2.2,1,No action,Low sleep,watch
2026-05-13,demo39,3.2,2.9,7.1,3.7,3.9,1,No action,Took a short walk,stable
2026-05-14,demo39,3,2,6.9,2.6,3.6,1,No action,Busy timetable,stable
2026-05-15,demo39,2.9,2.3,7.7,3.3,3.5,1,No action,Felt supported,stable
2026-05-16,demo39,3.5,1.3,6.9,3.9,3.9,1,No action,Quiet day,stable
2026-05-17,demo39,3.2,2.3,7.2,3.3,3.9,1,No action,Steady day,stable
2026-05-18,demo39,3.9,2.1,8.1,4.1,3.5,1,No action,Deadline pressure,stable
2026-05-19,demo39,3.3,2.3,6.7,4.2,3.3,1,No action,Good peer contact,stable
2026-05-20,demo39,3.3,2.4,6.1,2.4,2.8,1,No action,Low sleep,elevated
2026-05-21,demo39,2.7,3.2,7.6,3.1,2.5,1,No action,Took a short walk,elevated
2026-05-22,demo39,3.4,2.8,7.5,3.8,3.2,1,No action,Busy timetable,stable
2026-05-23,demo39,3.5,1.9,9,4,4.2,1,No action,Felt supported,stable
2026-05-24,demo39,4.3,1.6,6.3,4.1,3.6,1,No action,Quiet day,stable
2026-05-25,demo39,4.2,1.8,7.7,3.7,4.5,1,No action,Steady day,stable
2026-05-26,demo39,3.4,1.6,7,3.8,4,1,No action,Deadline pressure,stable
2026-05-27,demo39,3.3,1.9,8,4.3,3.2,1,No action,Good peer contact,stable
2026-05-28,demo39,3.3,3.4,7,3.1,2.6,1,No action,Low sleep,elevated
2026-05-29,demo39,3.5,2.8,6.5,4.1,3.3,1,No action,Took a short walk,stable
2026-05-30,demo39,3.1,3,7,3.4,3,1,No action,Busy timetable,watch
2026-05-31,demo39,3.1,2.3,7.6,3.3,3.7,1,No action,Felt supported,stable
2026-06-01,demo39,2.8,2.6,7.3,3.8,3.8,1,No action,Quiet day,stable
2026-06-02,demo39,2.9,2.3,7.6,3.7,3.2,1,No action,Steady day,stable
2026-06-03,demo39,3.3,2.3,7.1,3.5,3.2,1,No action,Deadline pressure,stable
2026-06-04,demo39,3.3,2.1,8.2,3.8,3.6,1,No action,Good peer contact,stable
2026-06-05,demo39,3.4,2.6,7,3.2,3.6,1,No action,Low sleep,stable
2026-06-06,demo39,3.6,1.8,7.6,4.1,4.1,1,No action,Took a short walk,stable
2026-06-07,demo39,3.7,1.5,7.3,3.9,3.2,1,No action,Busy timetable,stable
2026-06-08,demo39,4.3,1,6.6,3.9,3.5,1,No action,Felt supported,stable
2026-06-09,demo39,4.3,2,8,4,3.4,1,No action,Quiet day,stable
2026-06-10,demo39,3.6,1.9,7.4,3.7,4.5,1,No action,Steady day,stable
2026-06-11,demo39,3.4,2.7,8.9,3.7,3.4,1,No action,Deadline pressure,stable
2026-06-12,demo39,4.1,1.8,6.9,4,3.9,1,No action,Good peer contact,stable
2026-06-13,demo39,3.1,1.9,8.2,4.3,3.6,1,No action,Low sleep,stable
2026-06-14,demo39,3.9,1.4,8,4.6,4.5,1,No action,Took a short walk,stable
2026-06-15,demo39,5,2,7.5,4,3.9,1,No action,Busy timetable,stable
2026-06-16,demo39,3.5,1.6,8.5,3.9,4.1,1,No action,Felt supported,stable
2026-06-17,demo39,4.5,2.3,6.4,3.7,3.3,1,No action,Quiet day,stable
2026-06-18,demo39,4,2.1,7.8,4.2,4,1,No action,Steady day,stable
2026-06-19,demo39,3.2,1.6,7.6,3.9,4.1,1,No action,Deadline pressure,stable
2026-06-20,demo39,3.4,2.5,7.9,3.5,3.2,1,No action,Good peer contact,stable
2026-06-21,demo39,3.5,1.5,7.6,4.2,3.7,1,No action,Low sleep,stable
2026-06-22,demo39,3.7,1,8.6,3.2,3.8,1,No action,Took a short walk,stable
2026-06-23,demo39,3.2,1.5,7.6,4.3,3.5,1,No action,Busy timetable,stable
2026-06-24,demo39,3.3,2.2,7.6,4.3,3.5,1,No action,Felt supported,stable
2026-06-25,demo39,3.2,2.5,6.9,3.8,3.7,1,No action,Quiet day,stable
2026-06-26,demo39,3.6,1.9,7.1,3.2,3.7,1,No action,Steady day,stable
2026-06-27,demo39,4.1,2.3,7.1,3.1,4.1,1,No action,Deadline pressure,stable
2026-06-28,demo39,3,2.3,7.3,3.8,3.3,1,No action,Good peer contact,stable
2026-06-29,demo39,3.3,2.9,6.9,3.5,3.7,1,No action,Low sleep,stable
2026-06-30,demo39,2.9,1.8,6.6,4,2.9,1,No action,Took a short walk,stable
2026-07-01,demo39,2.9,3,6.8,2.7,3.6,1,Gentle nudge,Busy timetable,elevated
2026-07-02,demo39,3.5,3.1,6.5,3.8,3.5,1,Gentle nudge,Felt supported,stable
2026-07-03,demo39,3.8,3.4,7.5,3.3,3.1,1,No action,Quiet day,watch
2026-07-04,demo39,2.8,2.2,8.4,3.3,3.7,1,No action,Steady day,stable
2026-07-05,demo39,4.2,1.4,7.6,3.6,4.2,1,No action,Deadline pressure,stable
2026-07-06,demo39,3.4,1.9,7.1,4.2,3.4,1,No action,Good peer contact,stable
2026-07-07,demo39,3.6,2,7.5,3.7,4,1,No action,Low sleep,stable
2026-07-08,demo39,4.2,1.6,7.4,4.2,3.8,1,No action,Took a short walk,stable
2026-07-09,demo39,3.8,2.5,7.1,3.9,3.3,1,No action,Busy timetable,stable
2026-07-10,demo39,3.2,1.9,8.5,4,3.6,1,No action,Felt supported,stable
2026-07-11,demo39,4,1.9,6.8,3.9,3.2,1,No action,Quiet day,stable
2026-07-12,demo39,4.1,1.4,6.5,3.8,4.4,1,No action,Steady day,stable
2026-07-13,demo39,3.7,1.2,7.2,3.8,4,1,No action,Deadline pressure,stable
2026-07-14,demo39,3,2.5,7.5,3.2,3.1,1,No action,Good peer contact,watch
2026-07-15,demo39,4,2.2,7.2,3.7,3.6,1,No action,Low sleep,stable
2026-07-16,demo39,3.5,1.8,6.9,3.2,2.8,1,No action,Took a short walk,stable
2026-07-17,demo39,3.7,2.2,6.6,3.6,3.8,1,No action,Busy timetable,stable
2026-07-18,demo39,3.8,2,8.1,4,3.1,1,No action,Felt supported,stable
2026-07-19,demo39,4.2,2.2,6.8,4.6,3.5,1,No action,Quiet day,stable
2026-07-20,demo39,4.1,1.2,8.2,4.3,3.3,1,No action,Steady day,stable
2026-07-21,demo39,2.9,1.8,6.9,3.8,4.2,1,No action,Deadline pressure,stable
2026-07-22,demo39,3.3,2.5,7.2,3.5,3.8,1,No action,Good peer contact,stable
2026-07-23,demo39,3.1,2.3,7.2,3.5,3.3,1,No action,Low sleep,stable
2026-07-24,demo39,3,2.5,8,3.2,2.9,1,No action,Took a short walk,watch
2026-07-25,demo39,3.9,1.9,8.5,3.8,3.2,1,No action,Busy timetable,stable
2026-07-26,demo39,3.6,3.2,7.1,3.4,3.2,1,No action,Felt supported,watch
2026-07-27,demo39,3.6,2.5,8,3.6,3.7,1,No action,Quiet day,stable
2026-07-28,demo39,3.1,2.4,8.1,3.8,3,1,No action,Steady day,stable
2026-07-29,demo39,3,3,7.1,3.5,3.1,1,No action,Deadline pressure,watch
2026-07-30,demo39,2.9,2.6,6.9,3.7,3,1,No action,Good peer contact,watch
2026-07-31,demo39,3.1,2.5,7.2,3.8,3.2,1,No action,Low sleep,stable
2026-08-01,demo39,4.2,1.8,7.8,3.9,3.2,1,No action,Took a short walk,stable
2026-08-02,demo39,3.8,2.8,6.9,4,3.6,1,No action,Busy timetable,stable
2026-08-03,demo39,3.4,2.5,8.2,3.5,3.3,1,No action,Felt supported,stable
2026-08-04,demo39,2.6,3.1,7.3,3.6,3.2,1,No action,Quiet day,elevated
2026-08-05,demo39,3,3.6,6.3,3.7,3.3,1,No action,Steady day,elevated
2026-08-06,demo39,3.4,2.6,7.4,3.5,3.4,1,No action,Deadline pressure,stable
2026-08-07,demo39,3.4,2.7,6.8,3.7,3.5,1,No action,Good peer contact,stable
2026-08-08,demo39,2.8,3.3,6.6,2.8,2.9,1,No action,Low sleep,elevated
2026-08-09,demo39,3,2.5,8,3.5,3.5,1,No action,Took a short walk,stable
2026-08-10,demo39,3.2,2.4,6.3,3.6,4.2,1,No action,Busy timetable,stable
2026-08-11,demo39,3.4,2.3,7.3,3.5,2.9,1,No action,Felt supported,stable
2026-08-12,demo39,2.9,3,6.9,2.8,2.9,1,Gentle nudge,Quiet day,elevated
2026-08-13,demo39,2.8,2.9,6.5,2.9,3.4,1,Gentle nudge,Steady day,elevated
2026-08-14,demo39,3.7,2.6,7.4,3.3,3.2,1,No action,Deadline pressure,stable
2026-08-15,demo39,3.5,2.4,6.6,3.7,3.9,1,No action,Good peer contact,stable
2026-08-16,demo39,3,1.7,7.4,3.8,3.7,1,No action,Low sleep,stable
2026-08-17,demo39,3.4,2,7.5,4,4.1,1,No action,Took a short walk,stable
2026-08-18,demo39,3.2,2.3,7,3.1,3.5,1,No action,Busy timetable,stable
2026-08-19,demo39,2.7,2.4,7.1,2.9,3.2,1,No action,Felt supported,watch
2026-08-20,demo39,2.7,3.4,6.7,3.6,3.4,1,No action,Quiet day,elevated
2026-08-21,demo39,3,2.6,6.6,2.9,3.1,1,No action,Steady day,watch
2026-08-22,demo39,3.1,2.8,7.3,3.3,3.6,1,No action,Deadline pressure,watch
2026-08-23,demo39,3.6,1.8,8.2,3.2,3.4,1,No action,Good peer contact,stable
2026-08-24,demo39,2.5,2.3,7.9,3.3,4.5,1,No action,Low sleep,stable
2026-08-25,demo39,3,2.8,7.6,3.1,2.7,1,No action,Took a short walk,elevated
2026-08-26,demo39,3.3,2.4,7.4,3.8,2.9,1,No action,Busy timetable,stable
2026-08-27,demo39,2.9,2.4,7,3,3.8,1,Gentle nudge,Felt supported,watch
2026-08-28,demo39,3,3.7,7.3,2.7,3,1,Gentle nudge,Quiet day,elevated
2026-08-29,demo39,3.1,2.5,7.1,3.8,2.4,1,No action,Steady day,watch
2026-08-30,demo39,3.5,2.6,8,4.2,3.5,1,No action,Deadline pressure,stable
2026-08-31,demo39,3.2,1.9,7.5,3.4,3.1,1,No action,Good peer contact,stable
2026-09-01,demo39,3.5,2.5,6.6,3.1,3.2,1,No action,Low sleep,watch
2026-09-02,demo39,3.3,3.1,7,4,2.5,1,No action,Took a short walk,watch
2026-09-03,demo39,2.3,3.1,7.6,2.9,2.7,1,Gentle nudge,Busy timetable,elevated
2026-09-04,demo39,3.3,2.8,6.9,2,2.8,1,Gentle nudge,Felt supported,elevated
2026-09-05,demo39,2.6,2.7,7.3,3.1,3.8,1,No action,Quiet day,watch
2026-09-06,demo39,3.6,3.2,7.6,3.5,4,1,No action,Steady day,stable
2026-09-07,demo39,2.8,2.1,7,3.5,3.4,1,No action,Deadline pressure,stable
2026-09-08,demo39,3,2.5,7.3,3.9,3.4,1,No action,Good peer contact,stable
2026-09-09,demo39,3.8,2.2,6.9,4.2,3.2,1,No action,Low sleep,stable
2026-09-10,demo39,3.4,2.6,6.3,2.7,3.4,1,No action,Took a short walk,watch
2026-09-11,demo39,3.4,2.3,8,3.4,3.1,1,No action,Busy timetable,stable
2026-09-12,demo39,3.3,2.2,6.7,3.7,3,1,No action,Felt supported,stable
2026-09-13,demo39,3,2.2,6.8,3.3,3.6,1,No action,Quiet day,stable
2026-09-14,demo39,3.5,2.4,7.1,3.4,3.9,1,No action,Steady day,stable
2026-09-15,demo39,3.4,2.7,7.5,2.9,4,1,No action,Deadline pressure,stable
2026-09-16,demo39,3.5,2.2,7.3,2.2,3.9,1,No action,Good peer contact,stable
2026-09-17,demo39,3.3,3,7.7,2.9,3.1,1,No action,Low sleep,watch
2026-09-18,demo39,3.4,2.4,7.2,3.4,3.5,1,No action,Took a short walk,stable
2026-09-19,demo39,3,2.4,7.7,3.3,2.3,1,No action,Busy timetable,watch
2026-03-24,demo40,4,2,7.5,3,4.1,1,No action,Busy timetable,stable
2026-03-25,demo40,3.9,2,8.3,3.1,2.7,1,No action,Felt supported,stable
2026-03-26,demo40,3.7,2.5,7.6,4.2,3.3,1,No action,Quiet day,stable
2026-03-27,demo40,3.4,2,7,3.3,3.4,1,No action,Steady day,stable
2026-03-28,demo40,3.4,2.6,7.1,4,3.3,1,No action,Deadline pressure,stable
2026-03-29,demo40,3.9,2.1,7.2,4.5,3.5,1,No action,Good peer contact,stable
2026-03-30,demo40,3.9,2,7.4,4.2,4,1,No action,Low sleep,stable
2026-03-31,demo40,3.5,1.9,6.8,3.8,3.8,1,No action,Took a short walk,stable
2026-04-01,demo40,4,2.8,7.8,3.7,3.7,1,No action,Busy timetable,stable
2026-04-02,demo40,3.7,2.2,7.6,4.1,4.1,1,No action,Felt supported,stable
2026-04-03,demo40,2.9,2.2,6.7,3.9,2.9,1,No action,Quiet day,stable
2026-04-04,demo40,3.9,1.7,7.1,3.6,3.5,1,No action,Steady day,stable
2026-04-05,demo40,4.4,2.1,7.5,3.9,3.9,1,No action,Deadline pressure,stable
2026-04-06,demo40,4.3,2.3,7.9,5,4.2,1,No action,Good peer contact,stable
2026-04-07,demo40,3.6,2.1,8.6,3.5,2.7,1,No action,Low sleep,stable
2026-04-08,demo40,3.6,2.2,7.2,4.1,2.9,1,No action,Took a short walk,stable
2026-04-09,demo40,2.9,1.8,7.8,3.2,3.3,1,No action,Busy timetable,stable
2026-04-10,demo40,2.4,2.7,7.2,3.2,3.9,1,No action,Felt supported,watch
2026-04-11,demo40,3.1,2.9,7.1,3.2,3.2,1,No action,Quiet day,watch
2026-04-12,demo40,3.7,2.4,7.6,3.7,3.5,1,No action,Steady day,stable
2026-04-13,demo40,3.6,2.4,7.7,3,3.6,1,No action,Deadline pressure,stable
2026-04-14,demo40,3.5,2.4,7,3.1,3.1,1,No action,Good peer contact,stable
2026-04-15,demo40,2.5,2.7,7.8,3.5,3.9,1,No action,Low sleep,watch
2026-04-16,demo40,3,2.6,7.9,3.7,4,1,No action,Took a short walk,stable
2026-04-17,demo40,2.7,2.1,5.8,3.5,2.6,1,Gentle nudge,Busy timetable,watch
2026-04-18,demo40,3.1,2.9,7.1,2.9,2.6,1,Gentle nudge,Felt supported,elevated
2026-04-19,demo40,3,3.1,6.8,3.4,3.1,1,No action,Quiet day,elevated
2026-04-20,demo40,3,2.5,6.3,3.5,3.2,1,No action,Steady day,watch
2026-04-21,demo40,3.6,1.9,7,4.2,4.1,1,No action,Deadline pressure,stable
2026-04-22,demo40,3.6,1.9,6.7,3.1,4.1,1,No action,Good peer contact,stable
2026-04-23,demo40,3.2,2.6,7.2,3.8,4.2,1,No action,Low sleep,stable
2026-04-24,demo40,3.9,2,8.1,4,3.9,1,No action,Took a short walk,stable
2026-04-25,demo40,3.4,2.8,7.5,3.7,3.6,1,No action,Busy timetable,stable
2026-04-26,demo40,3.8,2.1,7.6,3.5,3,1,No action,Felt supported,stable
2026-04-27,demo40,4.3,1.7,7.8,4,4.2,1,No action,Quiet day,stable
2026-04-28,demo40,4.1,2,8.6,4.3,3.1,1,No action,Steady day,stable
2026-04-29,demo40,3.8,2,7.7,4.2,3.7,1,No action,Deadline pressure,stable
2026-04-30,demo40,3.6,2,7,3.9,4.4,1,No action,Good peer contact,stable
2026-05-01,demo40,3.1,2.1,6.9,3.6,3.6,1,No action,Low sleep,stable
2026-05-02,demo40,2.7,2.5,7.2,3.4,3.9,1,No action,Took a short walk,stable
2026-05-03,demo40,3.1,2.3,6.6,3.3,4.1,1,No action,Busy timetable,stable
2026-05-04,demo40,3.6,2.2,6.8,4,3.7,1,No action,Felt supported,stable
2026-05-05,demo40,3.3,2.9,6.6,3.1,3.4,1,No action,Quiet day,watch
2026-05-06,demo40,3.4,2.2,7.1,4.3,3.2,1,No action,Steady day,stable
2026-05-07,demo40,3.8,1.1,6.5,3.7,4.2,1,No action,Deadline pressure,stable
2026-05-08,demo40,3.4,2.4,7.4,3.5,3.9,1,No action,Good peer contact,stable
2026-05-09,demo40,3,2.8,7.4,3.6,2.5,1,No action,Low sleep,watch
2026-05-10,demo40,4.1,2.7,6.5,2.8,3.7,1,No action,Took a short walk,stable
2026-05-11,demo40,3.2,1.6,7.3,4.1,3.6,1,No action,Busy timetable,stable
2026-05-12,demo40,4.2,1.1,8,3.4,3.9,1,No action,Felt supported,stable
2026-05-13,demo40,4,1.6,6.6,4.1,2.9,1,No action,Quiet day,stable
2026-05-14,demo40,2.9,2.5,8,4.1,3.6,1,No action,Steady day,stable
2026-05-15,demo40,2.7,2.8,6.9,3.2,2.8,1,No action,Deadline pressure,elevated
2026-05-16,demo40,2.9,2.3,6.2,3.6,3.7,1,No action,Good peer contact,stable
2026-05-17,demo40,3.5,2.7,8.1,3.7,3.6,1,No action,Low sleep,stable
2026-05-18,demo40,4.1,3.3,7.3,3.7,3.5,1,No action,Took a short walk,stable
2026-05-19,demo40,3.5,2,8.4,3.9,3.6,1,No action,Busy timetable,stable
2026-05-20,demo40,3.2,2.6,6.6,3.6,3.7,1,No action,Felt supported,stable
2026-05-21,demo40,3.2,2.8,7.5,3.5,4,1,No action,Quiet day,stable
2026-05-22,demo40,3,2.3,6.7,3.3,3.6,1,No action,Steady day,stable
2026-05-23,demo40,2.7,2.9,8,4.2,4.1,1,No action,Deadline pressure,stable
2026-05-24,demo40,3.3,2.5,6.4,3.1,3.1,1,No action,Good peer contact,watch
2026-05-25,demo40,2.6,1.5,8,3.5,2.6,1,No action,Low sleep,stable
2026-05-26,demo40,3.4,2.1,7.3,4.5,4.1,1,No action,Took a short walk,stable
2026-05-27,demo40,3.5,2.2,7,3.9,2.7,1,No action,Busy timetable,stable
2026-05-28,demo40,3.2,2.4,6.8,3.5,3.4,1,No action,Felt supported,stable
2026-05-29,demo40,3.4,2.8,6.4,3.2,2.5,1,Gentle nudge,Quiet day,watch
2026-05-30,demo40,3.9,2.5,6.6,2.5,3,1,No action,Steady day,watch
2026-05-31,demo40,3.3,2.2,6.6,3.8,3.7,1,No action,Deadline pressure,stable
2026-06-01,demo40,3.3,1.5,7.5,4.1,4.8,1,No action,Good peer contact,stable
2026-06-02,demo40,4.5,2.6,7.6,4.1,4.2,1,No action,Low sleep,stable
2026-06-03,demo40,3.4,2.7,8.3,3.7,3.5,1,No action,Took a short walk,stable
2026-06-04,demo40,3.3,2.4,6.2,2.7,2.8,1,Gentle nudge,Busy timetable,watch
2026-06-05,demo40,2.5,3.1,7.1,3.4,3.2,1,No action,Felt supported,elevated
2026-06-06,demo40,3,2.7,7.1,3.6,3.3,1,No action,Quiet day,watch
2026-06-07,demo40,2.9,2.8,7.4,3.4,3.5,1,No action,Steady day,watch
2026-06-08,demo40,2.7,2.5,7.5,3.4,3.3,1,No action,Deadline pressure,watch
2026-06-09,demo40,3.7,2.7,6.4,4,3.6,1,No action,Good peer contact,stable
2026-06-10,demo40,3.8,2.5,7.4,3.3,4,1,No action,Low sleep,stable
2026-06-11,demo40,2.6,2.7,6.9,2.9,3.1,1,No action,Took a short walk,elevated
2026-06-12,demo40,3.1,2.9,7.3,3.1,3.9,1,No action,Busy timetable,watch
2026-06-13,demo40,3.2,2.4,7.6,3.3,3.1,1,No action,Felt supported,stable
2026-06-14,demo40,4,3.1,6.4,3.7,2.8,1,No action,Quiet day,watch
2026-06-15,demo40,3.7,1.7,7.2,3.6,3.8,1,No action,Steady day,stable
2026-06-16,demo40,3.5,2.5,8.1,3.7,3.2,1,No action,Deadline pressure,stable
2026-06-17,demo40,2.6,2.1,7.3,4.3,3.1,1,No action,Good peer contact,stable
2026-06-18,demo40,3.2,2.7,8.4,4.2,3.2,1,No action,Low sleep,stable
2026-06-19,demo40,3.6,2.5,7.4,3.2,2.9,1,No action,Took a short walk,stable
2026-06-20,demo40,2.5,2.8,6.5,2.8,2.9,1,No action,Busy timetable,elevated
2026-06-21,demo40,3.1,2.6,6.7,2.7,3.1,1,No action,Felt supported,watch
2026-06-22,demo40,3.3,1.6,7.5,3.1,4.1,1,No action,Quiet day,stable
2026-06-23,demo40,3.8,2.8,7.4,4.2,4.2,1,No action,Steady day,stable
2026-06-24,demo40,4,2.2,6.9,4.1,2.6,1,No action,Deadline pressure,stable
2026-06-25,demo40,2.7,2.2,7,3.1,3.6,1,No action,Good peer contact,watch
2026-06-26,demo40,3.7,2.8,7,3,3.8,1,No action,Low sleep,stable
2026-06-27,demo40,3.9,2.6,7.9,3.2,3.3,1,No action,Took a short walk,stable
2026-06-28,demo40,3.3,2.2,7.3,4.1,2.7,1,No action,Busy timetable,stable
2026-06-29,demo40,3.8,1.9,8.2,3.2,3.4,1,No action,Felt supported,stable
2026-06-30,demo40,3.8,2.1,7.9,4,3.3,1,No action,Quiet day,stable
2026-07-01,demo40,3.9,2.9,7.9,4,3.2,1,No action,Steady day,stable
2026-07-02,demo40,3.5,2.8,7.2,3.3,3.4,1,No action,Deadline pressure,stable
2026-07-03,demo40,2.9,2.3,7,3.4,3,1,No action,Good peer contact,watch
2026-07-04,demo40,2.9,2.7,7.6,3.1,2.4,1,No action,Low sleep,elevated
2026-07-05,demo40,3.7,2.6,7.2,3.3,3.2,1,No action,Took a short walk,stable
2026-07-06,demo40,3.4,2.8,8.1,3.9,3.8,1,No action,Busy timetable,stable
2026-07-07,demo40,3.4,2.4,6.4,3.7,3.5,1,No action,Felt supported,stable
2026-07-08,demo40,3.1,1.8,7.1,3.8,4.1,1,No action,Quiet day,stable
2026-07-09,demo40,3.1,1.9,7.2,3.1,3.3,1,No action,Steady day,stable
2026-07-10,demo40,2.8,2.2,7.9,3.7,3.8,1,No action,Deadline pressure,stable
2026-07-11,demo40,4,2,7.2,3.7,4.1,1,No action,Good peer contact,stable
2026-07-12,demo40,4,1.5,7.3,4.1,3.9,1,No action,Low sleep,stable
2026-07-13,demo40,4.2,2,6.3,4.8,3.4,1,No action,Took a short walk,stable
2026-07-14,demo40,4.2,1.7,7.6,4.2,4.1,1,No action,Busy timetable,stable
2026-07-15,demo40,4,1.7,8.2,3.9,2.7,1,No action,Felt supported,stable
2026-07-16,demo40,4,2.1,8.3,3.6,3.6,1,No action,Quiet day,stable
2026-07-17,demo40,3.9,2.2,7.7,3.8,3.2,1,No action,Steady day,stable
2026-07-18,demo40,2.9,2.6,7.1,3.8,3.2,1,No action,Deadline pressure,watch
2026-07-19,demo40,3.4,1.4,7.5,3.8,4.2,1,No action,Good peer contact,stable
2026-07-20,demo40,3.9,2,7.5,4.5,3.8,1,No action,Low sleep,stable
2026-07-21,demo40,4.1,1.8,7.4,3.5,3.6,1,No action,Took a short walk,stable
2026-07-22,demo40,3.2,1.8,7.2,3.3,3.4,1,No action,Busy timetable,stable
2026-07-23,demo40,3.8,2.7,6.3,3.5,4.3,1,No action,Felt supported,stable
2026-07-24,demo40,3.2,3,7.6,3.2,3.5,1,No action,Quiet day,watch
2026-07-25,demo40,3.6,2.8,6.4,3.7,2.7,1,No action,Steady day,watch
2026-07-26,demo40,3.2,2,7.2,4.1,3.3,1,No action,Deadline pressure,stable
2026-07-27,demo40,4.2,1.9,7.4,3.8,4.4,1,No action,Good peer contact,stable
2026-07-28,demo40,3.3,2.8,7.8,3.1,3.7,1,No action,Low sleep,stable
2026-07-29,demo40,4.1,1.5,8.1,3.7,3.3,1,No action,Took a short walk,stable
2026-07-30,demo40,2.4,2.8,7,3.1,3.5,1,No action,Busy timetable,elevated
2026-07-31,demo40,3.2,2.7,7.3,3.4,3.2,1,No action,Felt supported,watch
2026-08-01,demo40,3.4,2.8,7.3,2.8,3.2,1,No action,Quiet day,watch
2026-08-02,demo40,3,2.1,7.1,4,3.6,1,No action,Steady day,stable
2026-08-03,demo40,3.4,2.6,7.5,2.8,3.8,1,No action,Deadline pressure,stable
2026-08-04,demo40,3.1,2.5,7.2,3.8,1.9,1,No action,Good peer contact,watch
2026-08-05,demo40,4.1,2.2,7,2.7,3.2,1,No action,Low sleep,stable
2026-08-06,demo40,4.1,2.2,6.6,3,3.3,1,No action,Took a short walk,stable
2026-08-07,demo40,2.9,3.6,7.1,3.3,3.4,1,Gentle nudge,Busy timetable,elevated
2026-08-08,demo40,2.8,2.6,6.8,3.4,2.8,1,Gentle nudge,Felt supported,watch
2026-08-09,demo40,2.6,2.8,7.4,3.5,2.9,1,Gentle nudge,Quiet day,elevated
2026-08-10,demo40,3.2,2.4,6.8,2.9,2.7,1,No action,Steady day,watch
2026-08-11,demo40,3.4,2.4,7.1,3,3,1,No action,Deadline pressure,watch
2026-08-12,demo40,3.1,2.5,7.3,3.5,4,1,No action,Good peer contact,stable
2026-08-13,demo40,2.9,3,6.4,3.7,4.1,1,Gentle nudge,Low sleep,watch
2026-08-14,demo40,2.7,3.4,6.5,3,3.2,1,Gentle nudge,Took a short walk,elevated
2026-08-15,demo40,2.4,2.9,6.9,3.6,1.8,1,Gentle nudge,Busy timetable,elevated
2026-08-16,demo40,3.4,2.9,6.7,2.8,2.6,1,No action,Felt supported,elevated
2026-08-17,demo40,3.2,3,7.4,3.2,2.7,1,No action,Quiet day,elevated
2026-08-18,demo40,2.7,3,7.5,3,3.3,1,No action,Steady day,elevated
2026-08-19,demo40,3.3,1.8,7.1,2.7,3.6,1,No action,Deadline pressure,stable
2026-08-20,demo40,3.7,3,6.1,3.2,3.5,1,No action,Good peer contact,watch
2026-08-21,demo40,2.7,2.8,6.1,3.4,3.4,1,Gentle nudge,Low sleep,watch
2026-08-22,demo40,3.4,2.4,6.6,2.9,3.5,1,Gentle nudge,Took a short walk,stable
2026-08-23,demo40,3.2,3,6.9,3.3,3.2,1,No action,Busy timetable,watch
2026-08-24,demo40,3.6,2.5,7,3.4,4.2,1,No action,Felt supported,stable
2026-08-25,demo40,3.6,2.5,6.9,3.6,2.9,1,No action,Quiet day,stable
2026-08-26,demo40,4.1,2.1,7.3,4,3.2,1,No action,Steady day,stable
2026-08-27,demo40,3.3,2.8,7.1,3.4,3.4,1,No action,Deadline pressure,watch
2026-08-28,demo40,3.4,2.8,6.7,3.5,3.4,1,No action,Good peer contact,stable
2026-08-29,demo40,3.2,2.5,6.7,3.3,4.1,1,No action,Low sleep,stable
2026-08-30,demo40,2.8,3.1,6.6,3.8,3.5,1,Gentle nudge,Took a short walk,watch
2026-08-31,demo40,3.9,2.5,7.6,3.6,3.4,1,No action,Busy timetable,stable
2026-09-01,demo40,3,2.2,6.7,3.5,3.9,1,No action,Felt supported,stable
2026-09-02,demo40,3,2.4,6.6,3.5,3.4,1,No action,Quiet day,stable
2026-09-03,demo40,3.6,2.4,7.4,3.3,3.3,1,No action,Steady day,stable
2026-09-04,demo40,3.3,2.7,6.4,3.4,3.2,1,No action,Deadline pressure,watch
2026-09-05,demo40,2.8,2.8,6.5,3.3,3,1,No action,Good peer contact,elevated
2026-09-06,demo40,3.2,2,6.5,3.4,2.8,1,No action,Low sleep,stable
2026-09-07,demo40,4,1.6,7.1,3.8,3,1,No action,Took a short walk,stable
2026-09-08,demo40,3.8,2.1,7.1,3.7,3.3,1,No action,Busy timetable,stable
2026-09-09,demo40,3.8,2.4,6.9,3.4,3.6,1,No action,Felt supported,stable
2026-09-10,demo40,4.3,2,7.3,4,3.7,1,No action,Quiet day,stable
2026-09-11,demo40,3.7,2.5,6.2,4.1,4.5,1,No action,Steady day,stable
2026-09-12,demo40,3.3,2.4,7.5,3.4,3.1,1,No action,Deadline pressure,stable
2026-09-13,demo40,3.8,3,7.2,3.6,3,1,No action,Good peer contact,stable
2026-09-14,demo40,3.1,2.5,7.8,3.9,3.9,1,No action,Low sleep,stable
2026-09-15,demo40,4.4,1.3,7.9,3.8,3.5,1,No action,Took a short walk,stable
2026-09-16,demo40,4.2,1.7,8.1,3.8,3.7,1,No action,Busy timetable,stable
2026-09-17,demo40,3.8,2.8,6.9,3.2,3.8,1,No action,Felt supported,stable
2026-09-18,demo40,3.4,1.1,8.2,3.6,4,1,No action,Quiet day,stable
2026-09-19,demo40,3.9,1.8,6.8,4.9,3.2,1,No action,Steady day,stable